Financial_Loss,Operational_Disruption,Reputation_Damage_Score,Incident_Response_Time,Recovery_Time,Cybersecurity_Budget,Employee_Training,Use_of_MFA,Data_Backup_Availability,Technical_Score,Human_Score,Org_Score,Impact_Score,Risk_Score,Risk_Level
0.008055597735909586,0.7612075789775425,0.6666666666666666,0.39214994022438654,0.43281291352479656,0.10530391440088115,True,True,True,1.0,1,0.10530391440088115,0.37129337359812403,0.47569175778020645,Low
0.7580484374841191,0.5971953961444819,0.75,0.8389256517194887,0.3384675801062587,0.07803601885375838,True,True,True,1.0,1,0.07803601885375838,0.6903977774051189,0.9054474530223492,High
0.6653490643813154,0.2882644174377348,0.6666666666666666,0.2421472033335137,0.5186968236170311,0.19358303233266771,True,True,True,1.0,1,0.19358303233266771,0.5332102452684608,0.653528206466834,High
0.7156326565717588,0.5614283759703848,0.3333333333333333,0.798344354391509,0.24532620483434497,0.7055618618861121,True,True,True,1.0,1,0.7055618618861121,0.5695724604120326,0.4995923055593956,Medium
0.4257075106439224,0.5622740575601496,0.5833333333333334,0.6562928205049062,0.30029403071820343,0.26358332360523495,True,True,True,1.0,1,0.26358332360523495,0.49506316755857654,0.5758624144911079,Medium
0.6903294760475304,0.69138881159923,0.4166666666666667,0.7012224728136502,0.2896256105148592,0.44530437636678866,True,True,True,1.0,1,0.44530437636678866,0.5968276944050425,0.637903760385925,Medium
0.29866680601210566,0.5826552011318961,0.3333333333333333,0.9048241741843285,0.5927052797902488,0.19290998132897047,True,True,True,1.0,1,0.19290998132897047,0.45241737469534593,0.5477047006811985,Medium
0.5721748003413972,0.3759342563858789,0.75,0.565318183018675,0.21567088945202179,0.035115038231370334,True,True,True,1.0,1,0.035115038231370334,0.5321556786608044,0.7145684764955865,High
0.5677470062003418,0.24339578835687473,0.4166666666666667,0.7167185236311411,0.6006891740993061,0.44584377142678006,True,True,True,1.0,1,0.44584377142678006,0.49085206325788977,0.498535304201188,Medium
0.6641993078760317,-0.055849677029683874,0.75,0.21013077556105486,-0.12741780976092953,0.1359252800202032,True,True,True,1.0,1,0.1359252800202032,0.4127810843244884,0.5181064047590525,Medium
0.48070803287805386,0.6374143599453831,0.75,0.2355067348890523,0.2290932030860138,0.43472317020004236,True,True,True,1.0,1,0.43472317020004236,0.5162260789378048,0.5362344924950992,Medium
0.9596078282128958,0.5289574525840383,0.8333333333333334,0.4958811153704947,0.599183002685737,0.4007348821694779,True,True,True,1.0,1,0.4007348821694779,0.7658077002742558,0.8773475863306969,High
0.2738074864490739,0.8449761004724201,0.16666666666666666,0.36223670795587987,0.16628588022187663,0.035851548091322946,True,True,True,1.0,1,0.035851548091322946,0.3647038068252225,0.49439828388838364,Medium
0.6290372972602678,0.6641957253488916,0.08333333333333333,0.8245733575694163,0.39836380729458976,0.29273867997499986,True,True,True,1.0,1,0.29273867997499986,0.5234144471269527,0.6016051939803028,Medium
0.39665128558867524,0.7513662947992767,0.3333333333333333,0.6295068381281465,0.4417335115532764,0.5090515812020728,True,True,True,1.0,1,0.5090515812020728,0.48272447483013436,0.46296367586686604,Low
0.045740453385073425,0.3448413750134122,0.5833333333333334,0.41141239610285235,0.2964561977514757,0.02880146267077449,True,True,True,1.0,1,0.02880146267077449,0.2747179824088113,0.37901565871930154,Low
0.6605730716831241,0.37655696410264344,0.4166666666666667,0.3392083109344923,0.5172181937857497,0.5387087545751366,True,True,True,1.0,1,0.5387087545751366,0.5085166052991359,0.4851483719592115,Medium
0.15339155723704515,0.1498748278203897,0.16666666666666666,0.3308945492385308,0.22682387183725478,0.6766746919114498,True,True,True,1.0,1,0.6766746919114498,0.18043676389980787,0.0,Low
0.2091154492517294,0.659927594939118,0.6666666666666666,0.5062532066971102,0.5681178991828035,0.1193631025659404,True,True,True,1.0,1,0.1193631025659404,0.4564021426098401,0.5819092670154543,Medium
0.45650790249281165,0.2499989891482468,0.16666666666666666,0.06829515155951169,0.22957393094182546,0.6621558493225078,True,True,True,1.0,1,0.6621558493225078,0.2957232004102411,0.1571013184438399,Low
0.7648493548028186,0.9103111793879102,0.75,0.3056882653513164,0.24563719395909797,0.0496290781798489,True,True,True,1.0,1,0.0496290781798489,0.6931345237297509,0.9202313540410741,High
0.644357157104864,0.5115447123231529,0.6666666666666666,0.12088569105487389,0.17581458464226207,0.834220525534312,True,True,True,1.0,1,0.834220525534312,0.5230551662096231,0.3878284435621701,Low
0.5839859377704291,0.48021678555051067,0.5833333333333334,0.340025654021783,0.6287122762291253,0.313159099155403,True,True,True,1.0,1,0.313159099155403,0.5431781919100312,0.6195126707106908,Medium
0.5669230202910239,0.6884001679351709,0.3333333333333333,0.18846795792172882,0.35558286902071096,0.1484687748062022,True,True,True,1.0,1,0.1484687748062022,0.4855209910643543,0.6086795086412301,Medium
0.5693592856689706,0.7681616343759419,0.8333333333333334,0.8367221429201107,0.5995029617002272,0.18972607546898634,True,True,True,1.0,1,0.18972607546898634,0.6916652182714772,0.8631138566732693,High
0.48399702761910873,0.23970026777392228,0.08333333333333333,0.283528547458278,0.04379502330513314,0.06607775805986246,True,True,True,1.0,1,0.06607775805986246,0.29093788834543577,0.3856297363126929,Low
0.1943442364484489,0.883622640716157,0.6666666666666666,0.3341873957903318,0.47317876848668305,0.6158198863614861,True,True,True,1.0,1,0.6158198863614861,0.46853217248364576,0.40226879912054037,Low
0.5114235966032832,0.24668067434001753,0.6666666666666666,0.594071668329508,0.21568019756462203,0.12506442108671006,True,True,True,1.0,1,0.12506442108671006,0.46821409343206305,0.5951735593734077,Medium
0.6125822185524519,0.16384054942598691,0.5,0.29258381174346193,0.7595413034013839,0.31853716630531304,True,True,True,1.0,1,0.31853716630531304,0.48301350882066274,0.5383922094507428,Medium
0.5667985214509966,0.29443262355405486,0.6666666666666666,0.5776427349860236,0.39429484475978344,0.5378548379543263,True,True,True,1.0,1,0.5378548379543263,0.5161330245991237,0.4954858288634641,Medium
0.5843215917231885,0.5993086962855985,0.75,0.8824107606797629,0.6064285552975971,0.0011588649812545977,True,True,True,1.0,1,0.0011588649812545977,0.652474307544131,0.885934450035166,High
0.643823073302084,0.8010132282669834,0.6666666666666666,0.7844311224674925,0.8592141995725474,0.22061480307186304,True,True,True,1.0,1,0.22061480307186304,0.7154297405115677,0.8821509684475459,High
0.35888374377376414,0.44785468097251874,0.5833333333333334,0.6858675621279627,0.44396044072734153,0.18580846308532387,True,True,True,1.0,1,0.18580846308532387,0.46277390065620655,0.564101282004267,Medium
0.622820063347872,0.7105277775393605,0.5833333333333334,0.7343450777655646,0.9306227411101019,0.6007641975299918,True,True,True,1.0,1,0.6007641975299918,0.6743970294012542,0.6785195835192078,High
0.5848888781506623,0.2600180033882375,0.25,0.534399712639095,0.5419671157437909,0.5325725582031925,True,True,True,1.0,1,0.5325725582031925,0.443595834776201,0.40231851383392847,Low
0.45903944137055747,0.06087388586279415,0.5,0.7525955977917013,0.6071444792791492,0.6770717235895112,True,True,True,1.0,1,0.6770717235895112,0.4317645614278669,0.32986063958236395,Low
0.4149597436981931,0.973499584025267,0.6666666666666666,0.5101279077136338,0.504503544955625,0.024735547994615994,True,True,True,1.0,1,0.024735547994615994,0.5954802928845898,0.801808426307454,High
0.7905075585254087,0.2649088879103956,0.9166666666666666,0.13704645044124597,0.36406081141136437,0.12805835085453865,True,True,True,1.0,1,0.12805835085453865,0.602628860510837,0.7704934000517472,High
0.25787871253562217,0.6546140423136257,0.5,0.002254838081895231,0.7315060860080717,0.6236412649426396,True,True,True,1.0,1,0.6236412649426396,0.40745038588597077,0.3189816053502006,Low
0.37712564155757594,0.20706763686665824,0.16666666666666666,0.5341834089879942,0.22998495787994017,0.23416895064429885,True,True,True,1.0,1,0.23416895064429885,0.3020139540164888,0.3339577878463392,Low
0.02904421539201943,0.8855290390331432,0.8333333333333334,0.3869839235833193,0.7073420531241703,0.051314438750217226,True,True,True,1.0,1,0.051314438750217226,0.46482275830085207,0.6197726167387546,Medium
0.12391788389365577,0.37717019474236724,0.8333333333333334,0.15610192443419785,0.148886588381296,0.3303140403961996,True,True,True,1.0,1,0.3303140403961996,0.3221667104541518,0.32254598862017797,Low
0.6386681897772027,0.6352439255463186,0.75,0.18362667915817954,0.3382144757014611,0.663355512538239,True,True,True,1.0,1,0.663355512538239,0.584700176506109,0.5360826920798298,Medium
0.754690005513799,0.31164368750703253,0.8333333333333334,0.22657718178833655,0.5704076281308009,0.27314653820121676,True,True,True,1.0,1,0.27314653820121676,0.6105698873655065,0.7237663836524063,High
0.15665782063966313,0.3536836571842793,0.5,0.2843498658064342,0.1637410573026182,0.09250874296524292,True,True,True,1.0,1,0.09250874296524292,0.27820895200362633,0.3585035345391768,Low
0.7411563805479211,0.7325635839337852,0.8333333333333334,0.885837879456351,0.38397178471724563,0.5172084483465972,True,True,True,1.0,1,0.5172084483465972,0.7366229020899517,0.7931429759265818,High
0.8006634372882342,0.6336423778331335,0.6666666666666666,0.40491555900140674,0.1359186500684248,0.5856386233888159,True,True,True,1.0,1,0.5856386233888159,0.6344106047222369,0.6319720367639455,Medium
0.4183872403972125,0.6764443987671238,0.6666666666666666,0.6798043706727724,0.5434541225683853,0.07775658629870907,True,True,True,1.0,1,0.07775658629870907,0.5583029585697588,0.7321046055732255,High
0.5200007013873948,0.8541433614504575,0.5,0.29056190384052744,0.5591500521129231,0.6505261038563912,True,True,True,1.0,1,0.6505261038563912,0.5638001484403945,0.5136928552342312,Medium
0.5916291918499821,0.39682276620211304,0.75,0.4971559320601514,0.30709826572926957,0.6317847308400113,True,True,True,1.0,1,0.6317847308400113,0.5464416497593576,0.49828226923655944,Medium
0.6467732437621224,0.07104988687840594,0.8333333333333334,0.811781098340016,-0.021124762663871616,0.27231850274921554,True,True,True,1.0,1,0.27231850274921554,0.5186515751148114,0.6033951790775011,Medium
0.7341935556376458,0.4620731440276922,0.3333333333333333,0.754831478138532,0.7229996036914047,0.49131580455562385,True,True,True,1.0,1,0.49131580455562385,0.6005418259102571,0.6246555643481724,Medium
0.34252900085090116,0.6861784864837722,0.5833333333333334,0.37144921360590555,0.1706674794499049,0.08900551378309864,True,True,True,1.0,1,0.08900551378309864,0.44512563360936264,0.5790608608510242,Medium
0.09669059550634401,0.5144270506574986,0.5,0.1998657407202847,0.6149925817846037,0.14499692256601251,True,True,True,1.0,1,0.14499692256601251,0.32304748058452615,0.3967041654289782,Low
0.3788239051478485,0.21547709831588582,0.08333333333333333,0.5498747418296343,0.36754088457355266,0.5083479318084035,True,True,True,1.0,1,0.5083479318084035,0.303033211029302,0.22728932957519865,Low
0.19257565804117666,0.5471608550549021,0.3333333333333333,0.26417584239848,0.54090723920406,0.20983976293871737,True,True,True,1.0,1,0.20983976293871737,0.3336374090543718,0.38506631291640225,Low
0.6401829534326038,0.7439530798466955,0.5833333333333334,0.24604180064230868,0.3208630005464036,0.5380174223731304,True,True,True,1.0,1,0.5380174223731304,0.5782209441279185,0.5769490614726303,Medium
0.7123833544174056,0.9083843569518228,0.16666666666666666,0.5494392674084065,-0.038709995078782075,0.7899047075635661,True,True,True,1.0,1,0.7899047075635661,0.5510364737236226,0.44202778403011184,Low
0.20738839872766612,0.6820327480726303,0.5,0.49326200214011445,0.6741329128573846,0.17964120346996168,True,True,True,1.0,1,0.17964120346996168,0.4361014006053424,0.5315072378648485,Medium
0.12936034912471045,0.59312824518674,0.5833333333333334,0.4647521308961347,0.5343456433572354,0.16306853343587555,True,True,True,1.0,1,0.16306853343587555,0.3869462327792359,0.4734903207295661,Low
0.6671305565612223,0.804957313346552,0.75,0.37994373818151894,0.5999117161773849,0.7002046556912983,True,True,True,1.0,1,0.7002046556912983,0.6758292307296897,0.6412277956981265,High
0.651661008367596,0.686602452546121,0.5,0.48176253384417067,0.693184635149209,0.43784339115349674,True,True,True,1.0,1,0.43784339115349674,0.6154796107556005,0.6653345738555103,High
0.5911736741545102,0.5676154015545937,0.6666666666666666,0.5974712640912317,0.8084983467747566,0.403081369794831,True,True,True,1.0,1,0.403081369794831,0.6239228443926549,0.6901150751836134,High
0.24776634875819784,0.6852239361455472,0.75,0.42978316089800356,0.07312100405396738,0.5645916817741238,True,True,True,1.0,1,0.5645916817741238,0.4364417432275857,0.38031128219189636,Low
0.11415522205709382,0.5780720459577067,0.0,0.7242382023507461,0.3312471146103559,0.5425774576634662,True,True,True,1.0,1,0.5425774576634662,0.26682502971048905,0.16626060498833378,Low
0.8250514158494215,0.04829036275054104,0.75,0.665101784306719,0.7867436340996824,0.512635197348536,True,True,True,1.0,1,0.512635197348536,0.634863180730517,0.6613244214729999,High
0.4969212243707073,0.17376785278183576,0.5833333333333334,0.6468277506463306,0.30119827355042644,0.03338064639600964,True,True,True,1.0,1,0.03338064639600964,0.44499132939099245,0.6007967118976688,Medium
0.23911619237259682,0.43754290806607726,0.5,0.2441244333373603,0.7447497567087482,0.6934485264888954,True,True,True,1.0,1,0.6934485264888954,0.38204247756686505,0.2581195810661003,Low
0.5542866458028326,0.5894543374712601,0.25,0.8087216912500107,0.5872510619645434,0.08220097560404552,True,True,True,1.0,1,0.08220097560404552,0.5292028011368405,0.6921425909177906,High
0.13164982324195781,0.5685491738339113,0.0,0.6178300998352276,0.3831800164283137,0.5008875306087817,True,True,True,1.0,1,0.5008875306087817,0.26647077568991956,0.18221827498152776,Low
0.5285132734229543,0.32327562676827276,0.16666666666666666,0.7983013947384301,0.16424849169098782,0.2595787911105458,True,True,True,1.0,1,0.2595787911105458,0.4056487566991114,0.4600303798277553,Low
0.14358135269985525,0.7739921651423963,0.75,0.8378619764173172,0.40718009212722095,0.07200062316590129,True,True,True,1.0,1,0.07200062316590129,0.48673518096287527,0.6403968172322622,High
0.1884454762324703,0.5891366719866712,0.3333333333333333,0.25409805574430067,0.45956750941160535,0.5581342465146127,True,True,True,1.0,1,0.5581342465146127,0.33123874807257964,0.24471361867860147,Low
0.731547964717841,0.10619354464762852,0.75,0.23867864233729838,0.35738942396870976,0.4509205888696805,True,True,True,1.0,1,0.4509205888696805,0.523464701447263,0.5393588644754312,Medium
0.10585519773802102,0.6979477017507193,0.8333333333333334,0.4470616420883552,0.5352702134388748,0.3978314976603282,True,True,True,1.0,1,0.3978314976603282,0.44683147166474196,0.4596455158948621,Low
0.2674187404322764,0.6976062953438978,0.75,0.545207017443285,0.16945886379117941,0.6489556493635812,True,True,True,1.0,1,0.6489556493635812,0.46795534336513656,0.3884582560126638,Low
0.29381101521089875,0.6978248910052084,0.5,0.518355915298508,0.18555491047642278,0.6066111639419363,True,True,True,1.0,1,0.6066111639419363,0.4274804668628942,0.3519916233938218,Low
0.6710838317896967,0.9091330941180146,0.6666666666666666,0.222558617649584,0.31962022345197083,0.6888608988420104,True,True,True,1.0,1,0.6888608988420104,0.6378113689829704,0.5957753927010817,Medium
0.8326134786620225,0.22513408797162515,0.5833333333333334,0.29694707865403497,0.4813065793877795,0.32606699428400127,True,True,True,1.0,1,0.32606699428400127,0.5725642415299822,0.6530145341445549,High
0.3254466783870148,0.4564116604255207,0.08333333333333333,0.19673471025508413,0.1145627555507749,0.5077407356933853,True,True,True,1.0,1,0.5077407356933853,0.2692574166871627,0.1831777258660229,Low
0.08797470903339753,0.18675157841870405,0.4166666666666667,0.6157008562603806,0.20431369499351726,0.13923001301091184,True,True,True,1.0,1,0.13923001301091184,0.23787498775582297,0.28713641825646496,Low
0.5383692031573974,0.293895970490187,0.75,0.25462209301339833,0.586832913921853,0.6193571301809911,True,True,True,1.0,1,0.6193571301809911,0.5082723760545216,0.4530580047596891,Low
0.5868480027615894,0.3173644230647357,0.6666666666666666,0.46856612019376187,0.7172413157242868,0.11212258556536316,True,True,True,1.0,1,0.11212258556536316,0.5501261626427212,0.7078299663018934,High
0.5155142918193333,0.57951008386129,0.75,0.5700783739005113,0.740011386602153,0.09083888647646852,True,True,True,1.0,1,0.09083888647646852,0.6031167095502578,0.7857957891681016,High
0.3460093223938007,0.42809651242177443,0.5833333333333334,0.2314900210867606,0.6229623486040474,0.02254061157888852,True,True,True,1.0,1,0.02254061157888852,0.4261349350776227,0.5803066879118769,Medium
0.21608261764623296,0.545769092634335,0.0,0.735002352081199,0.5625737842894225,0.1278894498440162,True,True,True,1.0,1,0.1278894498440162,0.3253444792224223,0.40645945704409375,Low
0.8872525880044052,0.3497169245278626,0.8333333333333334,0.7699062211554123,0.2631934040086907,0.030992732240112595,True,True,True,1.0,1,0.030992732240112595,0.6948210492904114,0.9297873033847683,High
0.10356229844388506,0.6463958195910963,0.8333333333333334,0.2465168745055728,0.24548419495042714,0.493114742325999,True,True,True,1.0,1,0.493114742325999,0.38657085690804,0.3429829005856821,Low
0.6574840059079482,0.3208616320146274,0.5833333333333334,0.4770349717691233,0.8001525787297227,0.1571662620216101,True,True,True,1.0,1,0.1571662620216101,0.571551350482656,0.7182192781010841,High
0.15879656613448911,0.8453430942925109,0.25,0.2626263540387811,0.8553161891472706,0.3975386084348848,True,True,True,1.0,1,0.3975386084348848,0.394381499630903,0.390889145767665,Low
0.636559405011341,0.5837975152647865,0.3333333333333333,0.8021007359375032,0.5646177054121002,0.39097530471372766,True,True,True,1.0,1,0.39097530471372766,0.5747217758591208,0.6302783643530177,Medium
0.870919210339232,-0.031550679890482616,0.75,0.14782702080130997,0.36210088558825065,0.449154974062276,True,True,True,1.0,1,0.449154974062276,0.5430503387965524,0.5657721743164587,Medium
0.24223831033756602,0.22007960066230203,0.6666666666666666,0.5672644637544882,0.780404258670347,0.10073940501248906,True,True,True,1.0,1,0.10073940501248906,0.4090114498433037,0.527017229249,Medium
0.5338450201810495,0.6515144146843156,0.16666666666666666,0.2368662085324158,0.4769462761358367,0.5162091879122452,True,True,True,1.0,1,0.5162091879122452,0.4485554728094415,0.4152769785124707,Low
0.36281581419191977,0.8956555601650177,0.5,0.2998097093934665,0.541066970347073,0.6624106494540238,True,True,True,1.0,1,0.6624106494540238,0.5083451056838254,0.4361935092982584,Low
0.8216042905584132,0.5713052804549779,0.9166666666666666,0.3361313440242847,0.5951537954251289,0.12026639337860727,True,True,True,1.0,1,0.12026639337860727,0.7193646195926354,0.9268479054818496,High
0.9441467346132413,0.9200816584435582,0.25,0.31883807707163525,0.5332974938144541,0.3443604654989583,True,True,True,1.0,1,0.3443604654989583,0.6968885826226171,0.8090577750936231,High
0.49870623167652806,0.2999777473028981,0.4166666666666667,0.6788331792554041,0.17627426717531103,0.2560768400756399,True,True,True,1.0,1,0.2560768400756399,0.42832212010759574,0.49118215630248646,Medium
0.11382246448491422,0.21670254585114732,0.5,0.30419225453296506,0.6285693747696538,0.7687428274659148,True,True,True,1.0,1,0.7687428274659148,0.28214565789445706,0.09728510901719768,Low
0.12462659043637742,0.8452279353809723,0.75,0.7367048538616996,0.7581745058254971,0.0477096531006852,True,True,True,1.0,1,0.0477096531006852,0.5183841592194651,0.6915238016824327,High
0.21609897858662172,0.5879771618608428,0.16666666666666666,0.24325388937625037,0.24058077082114837,0.7327369253477981,True,True,True,1.0,1,0.7327369253477981,0.28575182315989045,0.11620408426719361,Low
0.2408432592591042,0.5490489924994363,0.6666666666666666,-0.021145480722494194,0.18875446193641093,0.144705896572962,True,True,True,1.0,1,0.144705896572962,0.35624133365825394,0.44040546054535923,Low
0.6426217258256227,0.7273300792929678,0.5833333333333334,0.6789761654036702,0.19053702157069258,0.28063354345419667,True,True,True,1.0,1,0.28063354345419667,0.6061326915529456,0.7149905854568492,High
0.5185263627162446,0.5981036606195143,0.4166666666666667,0.3708044976515068,0.7413547959185344,0.07317834532538912,True,True,True,1.0,1,0.07317834532538912,0.5215805399007382,0.6856881135634257,High
0.6879305801262251,0.3939190408427105,0.75,0.7485052160417636,0.2738289894408166,0.5440989510055213,True,True,True,1.0,1,0.5440989510055213,0.6061894607672902,0.6112786691679325,Medium
0.5099923124080915,0.025409535305962183,0.8333333333333334,0.25707963336059536,0.3984591539283053,0.28364007665015833,True,True,True,1.0,1,0.28364007665015833,0.4412993774199858,0.49736457919427907,Medium
0.44662246078650364,0.6160301846292162,0.8333333333333334,0.7950221781067203,0.1604635146544438,0.747751066807095,True,True,True,1.0,1,0.747751066807095,0.5640702571832279,0.475747876615162,Low
0.2594527142114158,0.07543871991483761,0.4166666666666667,0.8631135339101256,0.8570654586237327,0.5163276639780292,True,True,True,1.0,1,0.5163276639780292,0.37422006225425297,0.31762092035815953,Low
0.047162469771466015,0.7396957899829604,0.5833333333333334,0.5662689523790646,0.59893214464361,0.19969201935650738,True,True,True,1.0,1,0.19969201935650738,0.39999092227411265,0.47619220050297667,Low
0.0858282800087393,0.4436155828280787,0.16666666666666666,0.5631836024400061,0.5044886775404698,0.026187613627774105,True,True,True,1.0,1,0.026187613627774105,0.2631549899004924,0.3648620306855344,Low
0.34075790040231596,0.2301574422526903,0.8333333333333334,0.7451122476898965,0.2895929423817821,0.03208122836040032,True,True,True,1.0,1,0.03208122836040032,0.452471834285299,0.6111311959815696,Medium
0.19056765344305807,0.5726293773217486,1.0,0.6027600092884721,0.4271575594078354,0.8066534891850882,True,True,True,1.0,1,0.8066534891850882,0.4937446937112037,0.36020046943873707,Low
0.05674187359727824,0.6101634891862145,0.16666666666666666,0.6215152401416154,0.5458858347546166,0.052013482546337406,True,True,True,1.0,1,0.052013482546337406,0.29480288809911076,0.39624515963482554,Low
0.30972832973634895,0.25096965069904,0.5,0.5461403329510328,0.6475551467167948,0.26736637584773426,True,True,True,1.0,1,0.26736637584773426,0.39345481000113036,0.4409508312692182,Low
0.18405909313645105,0.7336005197278985,0.75,0.20953839064169788,0.3094737453035503,0.5659749111869278,True,True,True,1.0,1,0.5659749111869278,0.422244954794685,0.36112467032734824,Low
0.43587874271284566,0.6145756909066362,0.4166666666666667,0.23761198524587632,0.7135630933903095,0.14342116760614265,True,True,True,1.0,1,0.14342116760614265,0.47571747646341744,0.5977949666450544,Medium
0.28273534575095705,0.5967757740997393,0.75,0.1069610980822801,0.28322674113544305,0.5078030122180026,True,True,True,1.0,1,0.5078030122180026,0.421468077042103,0.38302010949702997,Low
0.2813349614626336,0.7251235248831737,0.3333333333333333,0.10064222829402221,0.08789750617780313,0.4360820015275322,True,True,True,1.0,1,0.4360820015275322,0.3430793296755374,0.3083412400974179,Low
0.5807172616550847,0.6163779094443715,0.8333333333333334,0.5232597335191851,0.5097795523650573,0.07071750903326587,True,True,True,1.0,1,0.07071750903326587,0.6255330818059991,0.8231569731820975,High
0.8670584762869853,0.6479136957028879,0.5833333333333334,0.21980597884576675,0.2425516728718294,0.46169829774644433,True,True,True,1.0,1,0.46169829774644433,0.639308561493798,0.6872271069145613,High
0.2907109069680881,0.5749123258052959,0.16666666666666666,0.6464694565703344,0.9389710941732918,0.14637227734236297,True,True,True,1.0,1,0.14637227734236297,0.4231442163559904,0.5275988049352476,Medium
0.8253872647049202,0.6895979397674272,0.75,0.5683285711588572,0.5426214664326351,0.8181766049364241,True,True,True,1.0,1,0.8181766049364241,0.7291694975946028,0.6647961037884138,High
0.3090021246557628,0.273659050191482,0.3333333333333333,0.25868947562882894,0.3843844343192318,0.16548093779205555,True,True,True,1.0,1,0.16548093779205555,0.3093067175620743,0.37059201923045393,Low
0.5916024224575517,0.20240701735888245,0.3333333333333333,0.6169158624116702,0.14193220037110918,0.12425208765514968,True,True,True,1.0,1,0.12425208765514968,0.4196738453997418,0.5317556483962251,Medium
0.774578472013105,0.66378659234896,0.5833333333333334,0.8114300038834281,0.26068080901205676,0.284439427964925,True,True,True,1.0,1,0.284439427964925,0.6664664552312491,0.7927152476857113,High
0.18771629951751273,0.5935472091114604,0.75,0.8310193512014228,0.49204073141737276,0.647480216793816,True,True,True,1.0,1,0.647480216793816,0.4761019698911768,0.3997367575562786,Low
0.3390878100693866,0.7075326387173321,0.5833333333333334,0.1811164542604504,0.5475026124749841,0.4068157962000773,True,True,True,1.0,1,0.4068157962000773,0.46667022511143125,0.4821564967297721,Medium
0.6512993741940656,0.140089138943783,0.75,0.3525097932718024,0.2614167957051598,0.5108608857252527,True,True,True,1.0,1,0.5108608857252527,0.49993023636407913,0.4848437232615043,Medium
0.7982495228534396,0.6702464253820266,0.25,0.8442798637552674,0.9116427499947002,0.5811344605682438,True,True,True,1.0,1,0.5811344605682438,0.678941355592778,0.6922194186952113,High
0.5969552438602168,0.5455804723797797,0.9166666666666666,0.7793579793227087,0.01202667598084535,0.5211087181520014,True,True,True,1.0,1,0.5211087181520014,0.6103699908837315,0.6258246000459564,Medium
0.2243000264811355,0.6973077669339386,0.25,0.5744771509621798,0.250113919009142,0.09678206631809373,True,True,True,1.0,1,0.09678206631809373,0.3616406709763741,0.4663738476346163,Low
0.015067712260701804,0.48816834801515313,0.75,0.3690182627413989,0.6041574899984276,0.3108063658142031,True,True,True,1.0,1,0.3108063658142031,0.35097832978129406,0.36806297878831956,Low
0.8247206344651411,0.4698337130604844,0.3333333333333333,0.24623822888823663,0.609045787526173,0.6149607591040396,True,True,True,1.0,1,0.6149607591040396,0.576050064706261,0.5437883407201509,Medium
0.7326530821104346,0.5977192144590227,1.0,0.4217407862193317,0.4679940191508271,0.499076689986524,True,True,True,1.0,1,0.499076689986524,0.7015785562729943,0.7542690644432843,High
0.30430850770670276,0.5125843061773487,0.6666666666666666,0.6507168033342341,0.33423309792925027,0.010831113152065728,True,True,True,1.0,1,0.010831113152065728,0.45606858777783266,0.6242250917838145,Medium
0.7933089396056537,0.6741941376015558,0.3333333333333333,0.8241110460141544,0.040171992812922774,0.4925081940315024,True,True,True,1.0,1,0.4925081940315024,0.605257373911947,0.6303778066184493,Medium
0.6175484943822888,0.02019509453177977,0.3333333333333333,0.712087371859909,0.32476695028167896,0.2753747066299932,True,True,True,1.0,1,0.2753747066299932,0.42141051554009695,0.47450459503906867,Low
0.3859945988773292,0.5147300709295783,0.3333333333333333,0.8378349549275929,0.10118677382795567,0.31564680980090204,True,True,True,1.0,1,0.31564680980090204,0.4179126932790689,0.4540473073498429,Low
0.5726732232300961,0.6348998379274178,0.5,0.7074529462373947,0.8609665464515761,0.5158940134523778,True,True,True,1.0,1,0.5158940134523778,0.612891206146419,0.6311894122182888,Medium
0.6912163621005235,0.6118143791652313,0.6666666666666666,0.7432394131382886,0.3711430141047268,0.6083718274650293,True,True,True,1.0,1,0.6083718274650293,0.6436209967308906,0.6351108972630721,Medium
0.3980003851230807,0.5947414266301942,0.5833333333333334,0.5670595623848366,0.3538100399919276,0.03453248452152167,True,True,True,1.0,1,0.03453248452152167,0.48690206627961424,0.6553757105980286,High
0.13962997336830005,0.6353594387893161,0.6666666666666666,0.2619935184692706,0.6722296870853254,0.5165622793353868,True,True,True,1.0,1,0.5165622793353868,0.40967953099397625,0.3640901170168387,Low
0.2836810652038007,0.6471391903102077,0.5833333333333334,0.5789853522141747,0.33639037674307776,0.03420462902672227,True,True,True,1.0,1,0.03420462902672227,0.4511045037059538,0.6084992948511309,Medium
0.7383754642552879,0.7269195654007798,0.3333333333333333,0.6634631380770943,0.5209693746259013,0.2634291234236268,True,True,True,1.0,1,0.2634291234236268,0.6258440167192374,0.747650716320008,High
0.14690727675222565,0.2534057298169237,0.4166666666666667,0.6757704591976237,0.07395198749376501,0.024511147889456384,True,True,True,1.0,1,0.024511147889456384,0.2677496346667472,0.37155563866811137,Low
0.11324737638805461,0.578987701474566,0.25,0.31347043474429503,0.5481254550579306,0.6205302516577176,True,True,True,1.0,1,0.6205302516577176,0.2972560798303576,0.17551163101264888,Low
0.7234929865907188,0.9609913235644992,0.75,0.23245927030473354,0.8736491379086496,0.5066344057556613,True,True,True,1.0,1,0.5066344057556613,0.7422063001705258,0.8046399166582773,High
0.6078620451539156,0.5309552895530757,0.5,0.3655256398348493,0.5260258899543371,0.7058721961039957,True,True,True,1.0,1,0.7058721961039957,0.5384910289511,0.4586572126898824,Low
0.5373411352186236,0.6896287233322088,0.3333333333333333,0.8294154803238807,0.20168837249515656,0.15182496106626264,True,True,True,1.0,1,0.15182496106626264,0.5226392507024616,0.6560971789224094,High
0.7811032624478955,0.5423594028473547,0.5,0.9407326521975681,0.4761496011551562,0.43507367428177374,True,True,True,1.0,1,0.43507367428177374,0.6626014108839016,0.7283010000034497,High
0.6373701916314389,0.5560254640713252,0.16666666666666666,0.4762342846409683,0.31959267128230456,0.554281903569746,True,True,True,1.0,1,0.554281903569746,0.4790691983925012,0.4403464535579551,Low
0.31670594252002243,0.8919657056879714,0.4166666666666667,0.22037264418636732,0.33895377257742565,0.5907400877707938,True,True,True,1.0,1,0.5907400877707938,0.44434149315531596,0.38038380192044885,Low
0.697118116065459,0.5178844033360106,0.75,0.5088822031240108,0.06025887917589094,0.5779288021969516,True,True,True,1.0,1,0.5779288021969516,0.5893382353233759,0.5758248917607713,Medium
0.8578483410607864,0.3485483435779739,0.75,0.160923900049252,0.48102790071166845,0.1463483023324106,True,True,True,1.0,1,0.1463483023324106,0.6270441852160015,0.7953480901670742,High
0.1718783918985304,0.49359711573438414,0.6666666666666666,0.4274909128895512,0.45615800868548323,0.39488392306017706,True,True,True,1.0,1,0.39488392306017706,0.38916900539712573,0.3850904059686937,Low
0.48936691994456194,0.4409513361214578,0.5,0.2282039490287893,0.35721313312545266,0.013740024713498179,True,True,True,1.0,1,0.013740024713498179,0.44247874341754045,0.6052344453278066,Medium
0.5108357602366278,0.642756166990347,0.3333333333333333,0.7156567374910593,0.29125421160095005,0.08789208197124478,True,True,True,1.0,1,0.08789208197124478,0.5002432990685881,0.6518741529524087,High
0.059106192232979575,0.2724176918078967,0.5,0.8414612215903567,0.4903350764399235,0.05497127136485466,True,True,True,1.0,1,0.05497127136485466,0.3113056450577992,0.4167496755110134,Low
0.33415738504081716,0.7090870718676558,0.6666666666666666,0.24518596196273584,0.8299856208571914,0.18339226190148342,True,True,True,1.0,1,0.18339226190148342,0.5163308600051841,0.6353784177836731,Medium
0.8038231501980178,0.8752696396864016,0.5833333333333334,0.2651525163319419,0.857631922268954,0.5399657861353342,True,True,True,1.0,1,0.5399657861353342,0.7255282985432439,0.7696099601389058,High
0.5154144824743182,0.08963058028835116,0.8333333333333334,0.3295655950531965,0.040859625691401315,0.10423236273127964,True,True,True,1.0,1,0.10423236273127964,0.427801097788524,0.5503138299940247,Medium
0.4679826609150027,0.1582151275715191,0.16666666666666666,0.6183377666897909,0.4433035878856246,0.18347376787812664,True,True,True,1.0,1,0.18347376787812664,0.3583335586711798,0.42788099018958886,Low
0.3036939966263753,0.19675947614609152,0.16666666666666666,0.81095415692866,0.5615479125457375,0.22613110139853337,True,True,True,1.0,1,0.22613110139853337,0.3314130341605416,0.37572788142822855,Low
0.6201537624402353,0.7081439665884447,0.5,0.16865516089257743,0.8310105436271602,0.27966945117516706,True,True,True,1.0,1,0.27966945117516706,0.5896568687457568,0.6937360633219773,High
0.11052261765177505,0.3075906715547498,0.4166666666666667,0.8664678968325377,0.15477027987034772,0.7844303436568161,True,True,True,1.0,1,0.7844303436568161,0.29118433237528185,0.10297398355096639,Low
0.40088952634266667,0.6198234997018929,0.75,0.15326804451916942,0.6673856769563004,0.012371284255783623,True,True,True,1.0,1,0.012371284255783623,0.5163858826249923,0.7028206573425338,High
0.15174418431645473,0.4795176794111737,0.3333333333333333,0.1767192257592952,0.19429514503262416,0.03458798736309366,True,True,True,1.0,1,0.03458798736309366,0.2603693133546752,0.35789503102977344,Low
0.5065526742578118,0.297886853125096,0.5833333333333334,0.724556419839681,0.3014381239899155,0.2414261041107417,True,True,True,1.0,1,0.2414261041107417,0.4814645613777703,0.5667345193847954,Medium
0.44186185442521425,0.5349697997296164,0.25,0.7529627354501405,0.3088738605494335,0.1801120003434578,True,True,True,1.0,1,0.1801120003434578,0.4399223613159664,0.5363390585555604,Medium
0.8138127077653032,0.6086020880503299,0.5833333333333334,0.18425876790973053,0.6713639150670488,0.5079190022451022,True,True,True,1.0,1,0.5079190022451022,0.649474435680532,0.682368216114205,High
0.9045321618835348,0.3483492396119867,0.9166666666666666,0.7378451619608016,0.6581183545548052,0.42084012346548344,True,True,True,1.0,1,0.42084012346548344,0.7544123976607053,0.8544644600367769,High
0.25018943342375505,0.8582857260862751,0.3333333333333333,0.3937765515750206,0.5567272204378048,0.0315134284018785,True,True,True,1.0,1,0.0315134284018785,0.4334499624547063,0.5863773612326645,Medium
0.8732955651300348,0.46448856511530046,0.25,0.2460107710222574,0.7788133523299572,0.5237827391323829,True,True,True,1.0,1,0.5237827391323829,0.5946983514102955,0.6041928907926031,Medium
0.2691815835102326,0.594600555650096,0.5833333333333334,0.28647156975216737,0.12137621666496996,0.26241725252083264,True,True,True,1.0,1,0.26241725252083264,0.38404418984249267,0.4305434010598644,Low
0.6547922340415365,0.7079465868309752,0.6666666666666666,0.8655867886334309,0.646805169844772,0.790829068224974,True,True,True,1.0,1,0.790829068224974,0.6880787401639633,0.6216130402283743,Medium
0.45083917518589367,0.5129143818706305,0.75,0.14694827080091435,0.11444549533591357,0.5694376491804088,True,True,True,1.0,1,0.5694376491804088,0.4590579230621664,0.4080994905839966,Low
0.39032647689618016,0.5076483641114726,0.16666666666666666,0.7323575313195086,0.4092462538800192,0.24698640480500222,True,True,True,1.0,1,0.24698640480500222,0.4051539754340527,0.4643411818312776,Low
0.8409079356709064,0.4319079433786468,0.6666666666666666,0.19132066605762277,0.5485335125759438,0.0677061599638951,True,True,True,1.0,1,0.0677061599638951,0.630063514140782,0.8302921124188776,High
0.6356774449679007,0.7126179190171905,0.6666666666666666,0.2019581176773921,0.46689790566582473,0.2904887773468354,True,True,True,1.0,1,0.2904887773468354,0.5970134974582535,0.699133970964766,High
0.5694420313125218,0.473977244338522,0.25,0.9026603303952263,0.5262775088083466,0.11051881301139116,True,True,True,1.0,1,0.11051881301139116,0.5154660453130704,0.6629497429031982,High
0.6303350948720766,0.5013843566203545,0.8333333333333334,0.9417637094058475,0.41595790675324573,0.5407716770088338,True,True,True,1.0,1,0.5407716770088338,0.6548497375554776,0.6764848973879675,High
0.8052895355356076,0.5804282112621281,0.75,0.7685470352913463,0.7293377280534467,0.25635909265348894,True,True,True,1.0,1,0.25635909265348894,0.7379899328011479,0.8976939388025973,High
0.7234595010426941,0.9069650021149859,0.6666666666666666,0.8950607133045201,0.1687717495360018,0.21479259067426718,True,True,True,1.0,1,0.21479259067426718,0.7104933804574604,0.8779625970924243,High
0.129542080002091,0.5226525049480656,0.5833333333333334,0.23775666965406636,0.3660177341525561,0.0028969618926427848,True,True,True,1.0,1,0.0028969618926427848,0.33339144003777843,0.4662639421714681,Low
0.6219495774173016,0.6537289649238839,0.5833333333333334,0.24657056200519828,0.8616457415076136,0.62234547423705,True,True,True,1.0,1,0.62234547423705,0.6070139209696453,0.5815377491839763,Medium
0.1883927710043035,0.8797487704460397,0.5833333333333334,0.23934629818235623,0.5567903678240628,0.08885017840128541,True,True,True,1.0,1,0.08885017840128541,0.44758719575823797,0.5823543145122964,Medium
0.158060310689996,0.9333246572688851,0.5,0.6796421890360619,0.21441058718430644,0.06008529529372057,True,True,True,1.0,1,0.06008529529372057,0.43929433335181234,0.5827963052942752,Medium
0.018366520682832944,0.2638215756650696,0.5833333333333334,0.21475119071629117,0.08559464413542679,0.08121999203535847,True,True,True,1.0,1,0.08121999203535847,0.20681217355798562,0.26919980544421196,Low
0.7055906324445286,-0.01942980864251074,0.6666666666666666,0.1532015151555242,0.14141616826106068,0.5873929505761336,True,True,True,1.0,1,0.5873929505761336,0.4411453929243011,0.377505553451746,Low
0.6669790807851058,0.15939377380680228,0.16666666666666666,0.7862056034808858,0.1617171966240701,0.340229474171208,True,True,True,1.0,1,0.340229474171208,0.4267960004192317,0.4560281200407781,Low
0.24403565588383463,0.18096894983590223,0.5,0.7340812360937712,0.6040356051650413,0.5782659492209481,True,True,True,1.0,1,0.5782659492209481,0.36761973644659557,0.2845548330618063,Low
0.6527176735679528,0.588270536317586,0.9166666666666666,0.4395106608916315,0.18194829107401345,0.21368956128298416,True,True,True,1.0,1,0.21368956128298416,0.6242204052205961,0.7651125789697281,High
0.19311194260177547,0.18355610950559173,0.9166666666666666,0.3348802608846547,0.6617975451595736,0.3222942376276995,True,True,True,1.0,1,0.3222942376276995,0.39695711287958474,0.42391204948404637,Low
0.03892971691437098,0.858038174722702,0.16666666666666666,0.5709221012975757,0.8143513695024818,0.12652926440914883,True,True,True,1.0,1,0.12652926440914883,0.35904020212362786,0.451240926535018,Low
0.346027817158898,0.7217273709600734,0.25,0.8507113604566552,0.6205542215861776,0.6928175088427863,True,True,True,1.0,1,0.6928175088427863,0.47988315925985714,0.3868421760527556,Low
0.5097871188394076,0.5692385914145537,0.8333333333333334,0.42084312879546937,0.7026981020562847,0.15773713849762644,True,True,True,1.0,1,0.15773713849762644,0.5967833555705159,0.7511263901017872,High
0.17487324972521578,0.624159012140567,0.6666666666666666,0.888728858346491,0.7667684233038836,0.43189262456042743,True,True,True,1.0,1,0.43189262456042743,0.4936641638165705,0.5077236072629943,Medium
0.22868650868327836,0.7154220159403502,0.6666666666666666,0.13664181013142598,0.9083840268689783,0.5821674353749584,True,True,True,1.0,1,0.5821674353749584,0.47239492369475516,0.420597605034974,Low
0.31417006408378867,0.5675467917824815,0.5,0.9127598383832901,0.23921573478368172,0.0550188592706191,True,True,True,1.0,1,0.0550188592706191,0.4543749413067089,0.6045943743676305,Medium
0.5667830424011961,0.199576734001888,0.5,0.11902130719688728,0.5710580304683233,0.04901294491443382,True,True,True,1.0,1,0.04901294491443382,0.4356364975273771,0.5823549340500325,Medium
0.5219445567384055,0.39174613675969994,0.8333333333333334,0.2268293405677604,0.17883867446942012,0.17165442049827304,True,True,True,1.0,1,0.17165442049827304,0.494360518217687,0.6111531591751962,Medium
0.567788948012372,0.39894709981541804,0.3333333333333333,0.07794057178447604,0.8936203973195531,0.2553873528443825,True,True,True,1.0,1,0.2553873528443825,0.47072776274510203,0.5471363628331786,Medium
0.4999606760032439,0.44741940558254456,0.25,0.43153375551062684,0.7943675665987173,0.5478404015581663,True,True,True,1.0,1,0.5478404015581663,0.4620582837287409,0.42054701175537745,Low
0.6513906594068254,0.7172930693774288,0.9166666666666666,0.8481396838597823,0.20629876418961796,0.14511605631353355,True,True,True,1.0,1,0.14511605631353355,0.6927920557764893,0.882166645861671,High
0.5547632521591157,0.956566642402379,0.9166666666666666,0.7486703689168954,0.19903860281327176,0.4936772148562013,True,True,True,1.0,1,0.4936772148562013,0.6913228598504721,0.7429293758850323,High
0.5602417205946826,0.3298849424325779,0.5833333333333334,0.1116378332027633,0.32347059742461626,0.6625003665723005,True,True,True,1.0,1,0.6625003665723005,0.45025118645379325,0.3598753861169895,Low
0.6629577554224335,0.38352144676629024,0.5833333333333334,0.43461536917229304,0.704427540211181,0.2534239161417411,True,True,True,1.0,1,0.2534239161417411,0.5724583491272456,0.6814916460857467,High
0.14445318053874726,0.6139765699799518,0.8333333333333334,0.753779100826932,0.28733181314645057,0.7442157118433708,True,True,True,1.0,1,0.7442157118433708,0.45135434427549426,0.3291339554262699,Low
0.20307508040924163,0.7975551489015125,0.75,0.8431350855288462,0.8743227444016265,0.7125733537744167,True,True,True,1.0,1,0.7125733537744167,0.5624868449370465,0.48752620133402313,Medium
0.5482468991267753,0.7890589361566309,0.8333333333333334,0.7885367247171374,0.6535830330279566,0.31070423593523633,True,True,True,1.0,1,0.31070423593523633,0.6879891893232123,0.8106301731679709,High
0.7883441758438416,0.5922897725527989,0.6666666666666666,0.7641850247450463,0.14136069995855652,0.0042701939179603104,True,True,True,1.0,1,0.0042701939179603104,0.6576835306517902,0.8915490097512595,High
0.860700157940178,0.5570611306966398,0.75,0.7655051638168214,0.4882516652453037,0.05765244912017589,True,True,True,1.0,1,0.05765244912017589,0.7310679722216117,0.9668809082115316,High
0.627266965657371,0.512673884775757,0.9166666666666666,0.7039570919521186,0.6010677435981442,0.7780229462037025,True,True,True,1.0,1,0.7780229462037025,0.6672773801064594,0.5993435904868486,Medium
0.1477109740468417,0.2199658546371249,0.6666666666666666,0.793959916157997,0.15138161704505596,0.7315127678824754,True,True,True,1.0,1,0.7315127678824754,0.3309450471998003,0.17602926911294176,Low
0.2997373259116892,0.8419190956057782,0.16666666666666666,0.7929227119046389,0.3611460846865091,0.18717442785345123,True,True,True,1.0,1,0.18717442785345123,0.4370189624782794,0.5297445332339094,Medium
0.5290201462884734,0.8079107734493822,0.8333333333333334,0.5222642217725189,0.6191636148740903,0.4888866434230234,True,True,True,1.0,1,0.4888866434230234,0.6539996635365934,0.6958076492705487,High
0.5746946286969626,0.5809666964736817,0.8333333333333334,0.6274952312532819,0.5992693591488064,0.01159322196983464,True,True,True,1.0,1,0.01159322196983464,0.635414316480397,0.8594226891685811,High
0.366992731056008,0.31415199882299744,0.6666666666666666,0.9350300330613874,0.6242773725908295,0.5150323122659904,True,True,True,1.0,1,0.5150323122659904,0.49889156608555774,0.4818366088327082,Low
0.7928888298949865,0.004088934551072949,0.75,0.1557118414231665,0.3265021508792788,0.004777998907816574,True,True,True,1.0,1,0.004777998907816574,0.5161947180984539,0.7055608497333582,High
0.029767350279197666,0.6927406754550333,0.5,0.7628593476809937,0.8864700893851133,0.25576053004305055,True,True,True,1.0,1,0.25576053004305055,0.41538801890929644,0.47432306811529074,Low
0.8686758169396471,0.3242807816928606,0.8333333333333334,0.6893237441069737,0.08104475164623319,0.1662347094348268,True,True,True,1.0,1,0.1662347094348268,0.6560299993564183,0.8255753739491107,High
0.6607568877571982,0.5867573184213505,0.6666666666666666,0.28776801100426175,0.29345089194395757,0.32815324381389466,True,True,True,1.0,1,0.32815324381389466,0.5731094424153046,0.6529086016278348,High
0.5017691446884786,0.5655109579297188,0.08333333333333333,0.48158043765364134,0.1395925276278532,0.2071931798844864,True,True,True,1.0,1,0.2071931798844864,0.39259381265615134,0.4635241808676837,Low
0.599858628232079,0.5491458599415643,0.4166666666666667,0.3384992339787828,0.7398688474700778,0.08213350670371754,True,True,True,1.0,1,0.08213350670371754,0.5409427647593639,0.7075848454834565,High
0.6649047760231301,0.37340922852524555,0.5,0.5160274733255875,0.18876881393766057,0.5475704407441134,True,True,True,1.0,1,0.5475704407441134,0.511123384840626,0.4850804504491273,Medium
0.5920660520637178,0.8728437290599275,0.6666666666666666,0.9050851189354627,0.29392414528914323,0.21635486661876088,True,True,True,1.0,1,0.21635486661876088,0.6646294263932665,0.8171234862151425,High
0.8665027142698626,0.8046866772083623,0.75,0.19865178965987015,0.18840729241780993,0.09919447684461856,True,True,True,1.0,1,0.09919447684461856,0.6962443293573857,0.9047896120033712,High
0.29104129925894634,0.5022330396908348,0.6666666666666666,0.7351479130988384,0.22286087093404697,0.6254182054951156,True,True,True,1.0,1,0.6254182054951156,0.4459973393783674,0.3688973945190122,Low
0.3378220401817623,0.46925878270542964,0.75,0.4655212466144736,0.3168216413107916,0.1096765411738924,True,True,True,1.0,1,0.1096765411738924,0.45721486140631745,0.5867922531593363,Medium
0.6492463221808261,0.614527862056623,0.25,0.49502589472383995,0.4245472433527959,0.6118567389146543,True,True,True,1.0,1,0.6118567389146543,0.5245614150913187,0.4774016611874068,Low
0.23975640027003067,0.4944048177483008,0.5833333333333334,0.13539125237757454,0.6529505158931873,0.010158241882556098,True,True,True,1.0,1,0.010158241882556098,0.39028436715141535,0.5381092844995526,Medium
0.7787093538361979,0.3044455879307185,0.16666666666666666,0.8365865423786104,0.2606239448825536,0.25248618347148516,True,True,True,1.0,1,0.25248618347148516,0.5154272411800727,0.6069738355703764,Medium
0.3528867851701723,0.5679722868436254,0.5833333333333334,0.868345163056388,-0.06765159893833371,0.10948981895419803,True,True,True,1.0,1,0.10948981895419803,0.45148519451526614,0.5793422166707546,Medium
0.3528887068694874,0.6341015431959341,0.3333333333333333,0.5932389750466298,0.23095176987969399,0.07060859862071137,True,True,True,1.0,1,0.07060859862071137,0.41706153254628087,0.5494571201368474,Medium
0.23679099088666875,0.35391289670138104,0.4166666666666667,0.13342914386849045,0.6942783686405648,0.5672689571008697,True,True,True,1.0,1,0.5672689571008697,0.3316030602791826,0.24159357457662314,Low
0.6295394170138255,0.60809641138391,0.5,0.784734331734767,0.4014827826782626,0.6149722645585614,True,True,True,1.0,1,0.6149722645585614,0.5920567605236152,0.5648021058189873,Medium
0.5227308235113289,0.3684322363605186,0.25,0.3578844422875413,0.8582156439877685,0.06659710530590848,True,True,True,1.0,1,0.06659710530590848,0.45438878530416626,0.600051554961778,Medium
0.6331610242666782,0.6385448782741453,0.9166666666666666,0.8120783100723404,0.3448873763590972,0.014915629308137984,True,True,True,1.0,1,0.014915629308137984,0.6800032873379775,0.9166634125512082,High
0.6812740653038918,0.3540738645003868,0.3333333333333333,0.6109220442762289,0.2991080059823752,0.051121255561562516,True,True,True,1.0,1,0.051121255561562516,0.5009940707141611,0.6673450530275238,High
0.5931898801192707,0.3418522226699827,0.5833333333333334,0.7335699792516474,0.5190556987742029,0.22087738223621609,True,True,True,1.0,1,0.22087738223621609,0.5475756310509565,0.6616392946749409,High
0.277080840964885,0.4878182069110799,0.8333333333333334,0.276429289213405,0.5141386633989079,0.11882532922400031,True,True,True,1.0,1,0.11882532922400031,0.454119439696068,0.5791237074432155,Medium
0.5272668138213589,0.4913886413513873,0.25,0.23970237882822532,0.646861663343934,0.6931636134338306,True,True,True,1.0,1,0.6931636134338306,0.44784085801603696,0.34463127980594066,Low
0.040730458432660106,0.34433380622368465,0.75,0.616710082508063,0.5447984902824338,0.1960998609650628,True,True,True,1.0,1,0.1960998609650628,0.3513098018968507,0.413684362388936,Low
0.038244654103421157,0.1358293988791409,0.8333333333333334,0.6199465407596405,0.12952396330929805,0.1433325955290973,True,True,True,1.0,1,0.1433325955290973,0.28407745849075716,0.34618848574482886,Low
0.7807712613496991,0.29797497968089065,0.16666666666666666,0.3177140411338162,0.340052617249849,0.046446024982473764,True,True,True,1.0,1,0.046446024982473764,0.4710134996477577,0.6298194480955012,Medium
0.2259647797262374,0.5400873927893919,0.08333333333333333,0.706758811785816,0.3793558217139362,0.6796665139105166,True,True,True,1.0,1,0.6796665139105166,0.32368152046501525,0.18691527785605475,Low
0.7085014985667005,0.8515559567622456,0.75,0.3358035627188691,0.2674191158557036,0.44141540829645654,True,True,True,1.0,1,0.44141540829645654,0.6640340586365867,0.7276840132715608,High
0.15464159274553796,0.436091586597273,0.8333333333333334,0.19282451008925314,0.35834192444234403,0.31444410344989215,True,True,True,1.0,1,0.31444410344989215,0.3708582645374962,0.39273419578853036,Low
0.2972002946859681,0.7126161823546139,0.4166666666666667,0.31717454466333095,0.46117743982502923,0.2028231957960952,True,True,True,1.0,1,0.2028231957960952,0.4225718861274794,0.5046096715557903,Medium
0.5152218496900012,0.5249501397800673,0.75,0.2110451901035605,0.2726264018905102,0.12619586763082055,True,True,True,1.0,1,0.12619586763082055,0.509445927031421,0.6488691270072257,High
0.8094727770364981,0.7832978110411609,0.75,0.6818263176217982,0.49102761201480793,0.08041077840854148,True,True,True,1.0,1,0.08041077840854148,0.7477340659864922,0.9797999089741123,High
0.5141645379714511,0.7205388952683287,0.3333333333333333,0.3038445980280429,0.42009015947472883,0.0032106018248478966,True,True,True,1.0,1,0.0032106018248478966,0.48883373665919005,0.6702507490930237,High
0.7548450412120232,0.45036627776284194,0.8333333333333334,0.8149802109697322,0.6595452534031799,0.6044124844107295,True,True,True,1.0,1,0.6044124844107295,0.7061304851413356,0.7187514330340324,High
0.7174092421930922,0.611838505815236,0.75,0.26243611688789326,0.34576844167312126,0.7405493831332798,True,True,True,1.0,1,0.7405493831332798,0.6201518538963855,0.5522252353661151,Medium
0.547990327495488,0.6749658668880886,0.5833333333333334,0.7393147266656488,0.8063124061837179,0.3107028676401501,True,True,True,1.0,1,0.3107028676401501,0.6254186843274163,0.7284697528608811,High
0.39952923930580825,0.31973391338782675,0.8333333333333334,0.2879309657348236,0.6375664212748915,0.5854092172635575,True,True,True,1.0,1,0.5854092172635575,0.48297488376752684,0.433213058533547,Low
0.17755446799765806,0.595545439377817,0.6666666666666666,0.24219202389580996,0.610541964762375,0.11061021900091615,True,True,True,1.0,1,0.11061021900091615,0.40873760727377845,0.5227692559876208,Medium
0.7251058319060097,0.755136323387003,0.5833333333333334,0.1779341178755369,0.053486973395546755,0.4445901801423374,True,True,True,1.0,1,0.4445901801423374,0.5808783732335796,0.617242143320361,Medium
0.5470153150052073,0.579712620829527,0.5,0.8508388372929871,0.5306847215176039,0.0905094747913337,True,True,True,1.0,1,0.0905094747913337,0.5729010060490475,0.7462494925184312,High
0.024690040231622246,0.3465703066768727,0.5833333333333334,0.32743967818702174,0.881383315277227,0.15228725254221465,True,True,True,1.0,1,0.15228725254221465,0.31673904344111503,0.3855487272729905,Low
0.7296455190808986,0.5032766000605174,0.16666666666666666,0.5087338638467772,0.3729342407428022,0.49649708584626945,True,True,True,1.0,1,0.49649708584626945,0.5140136714367542,0.5089949045473544,Medium
0.30988146117349513,0.24863613984489763,0.08333333333333333,0.29611325493027363,0.4088570313751434,0.048266110548297894,True,True,True,1.0,1,0.048266110548297894,0.26084350773558596,0.3531294941118927,Low
0.7524256632133469,0.4493040571473728,0.75,0.6633218828383183,0.9309998583302117,0.5643635688912112,True,True,True,1.0,1,0.5643635688912112,0.7002632508316663,0.7268236005228754,High
0.6558426765004067,0.559417081271769,0.6666666666666666,0.30197909504621484,0.7216025367838738,0.33886693593625333,True,True,True,1.0,1,0.33886693593625333,0.6099119833708588,0.6970133743737422,High
0.7465067813843094,0.7679094130651365,0.8333333333333334,0.5398609600012462,0.22300949502140666,0.19087689506913486,True,True,True,1.0,1,0.19087689506913486,0.695138307335683,0.8672210090227914,High
0.7248064361499192,0.614347264661728,0.4166666666666667,0.86648405795162,0.19654402987048175,0.02446623919253195,True,True,True,1.0,1,0.02446623919253195,0.6024281695078567,0.8110377302659737,High
0.5536579023821998,0.6933065007682413,0.8333333333333334,0.19113562477603532,0.4520902961402084,0.5761964004077101,True,True,True,1.0,1,0.5761964004077101,0.5911137198648193,0.5788387119475902,Medium
0.5065333936322329,0.707028227322114,0.4166666666666667,0.7271976163687167,0.3577079879200472,0.22051691991362113,True,True,True,1.0,1,0.22051691991362113,0.5358428966795258,0.6463751069819138,High
0.23932658067925563,0.17571371475178954,0.75,0.3206904356274045,0.6119323752481546,0.4492246584799424,True,True,True,1.0,1,0.4492246584799424,0.3741356563096161,0.3439438550725761,Low
0.7876512148727205,0.7712370138137263,0.3333333333333333,0.8813595527728373,0.4842408486443413,0.06920825871096654,True,True,True,1.0,1,0.06920825871096654,0.672534595520218,0.8854689186055662,High
0.859355517655527,0.8269294150748377,0.75,0.0242783611521578,0.3590964466503107,0.04347340011736746,True,True,True,1.0,1,0.04347340011736746,0.6974655708574253,0.9283433216742243,High
0.22402670821434212,0.15572160299504328,0.25,0.6408873174605596,0.29900012264137693,0.19693000107804645,True,True,True,1.0,1,0.19693000107804645,0.26474374789493915,0.2996879742506142,Low
0.7413210419265857,0.49596102414432797,0.75,0.0805718335170497,0.5821562688665757,0.43407514455214957,True,True,True,1.0,1,0.43407514455214957,0.6119934318378625,0.6622413116622056,High
0.8402634488971699,0.7030303743898059,0.25,0.4789803088470985,0.3761311966145556,0.656674611142123,True,True,True,1.0,1,0.656674611142123,0.6122226049829946,0.5748540254245702,Medium
0.6361562455517956,0.5350778890432901,0.8333333333333334,0.29183638530707157,0.712363448012225,0.1400573643153699,True,True,True,1.0,1,0.1400573643153699,0.6285647260279728,0.7998228813255706,High
0.18883058910318548,0.3129979312222933,0.8333333333333334,0.3599351220341915,0.5780463893115169,0.42644764738873114,True,True,True,1.0,1,0.42644764738873114,0.3985966396869704,0.38503593487576987,Low
0.7430638370714153,0.6421776997604786,0.08333333333333333,0.34993413090920705,0.1615717407602421,0.0607846828351598,True,True,True,1.0,1,0.0607846828351598,0.49347832861427343,0.6536694798882061,High
0.5866396265846866,0.5021797024008061,0.5,0.6388635906472624,0.5582539337722048,0.911110192707867,True,True,True,1.0,1,0.911110192707867,0.5548035435559826,0.39922803981955873,Low
0.45750058655641895,0.2467456514769245,0.5,0.4866238843354187,0.8076876358426369,0.572184470811561,True,True,True,1.0,1,0.572184470811561,0.4617805169357581,0.4105924619034575,Low
0.6925433181051881,0.8423797312519324,0.5833333333333334,0.6097863204058939,0.5413553967552661,0.32628300969910873,True,True,True,1.0,1,0.32628300969910873,0.6772741118752444,0.7904233498157416,High
0.5833823868591014,0.6042585942509414,0.5833333333333334,0.6226957030561848,0.8847962285811409,0.7063187256911643,True,True,True,1.0,1,0.7063187256911643,0.6216205334242281,0.5676381717816352,Medium
0.7738959729180471,0.5987462084308802,0.5833333333333334,0.07828215247796459,0.2844319216533296,0.24793470004586288,True,True,True,1.0,1,0.24793470004586288,0.582245704933191,0.6965057221325793,High
0.8650829672715983,0.6526025839839918,0.5,0.47040166344724543,0.3894868660193271,0.45388934595428726,True,True,True,1.0,1,0.45388934595428726,0.6625425566520949,0.7208116947689848,High
0.5678141194766918,0.34924966510326305,0.6666666666666666,0.42057990675182577,0.7803328383115837,0.47668531622940424,True,True,True,1.0,1,0.47668531622940424,0.5504001886510036,0.5645782398586741,Medium
0.540265141557726,0.7448187798819504,0.25,0.9631108588706311,0.09748608591502997,0.04488461054075066,True,True,True,1.0,1,0.04488461054075066,0.5211295070780465,0.6962415656798773,High
0.566646362617381,-0.0152689798449628,0.8333333333333334,0.07901516237493149,0.33926192724611787,0.1590694908080568,True,True,True,1.0,1,0.1590694908080568,0.43209912470673145,0.534355651296382,Medium
0.7068609802060415,0.17345345029861214,0.6666666666666666,0.10533146840699471,0.5447632568218004,0.4353584781082788,True,True,True,1.0,1,0.4353584781082788,0.5157778879983518,0.5353957099136422,Medium
0.7459686989317842,0.5472450556947068,0.8333333333333334,0.7756825083675933,0.5342406381999866,0.0603365332435064,True,True,True,1.0,1,0.0603365332435064,0.7054954720350797,0.9322444732723048,High
0.7431968864832252,0.7970510043616399,0.5833333333333334,0.5751199159960784,0.4835073604022575,0.12004886795209394,True,True,True,1.0,1,0.12004886795209394,0.6792183497721184,0.8742177658918903,High
0.20321660815498901,0.7328677381228393,0.3333333333333333,0.4715231438807945,0.4709293888033574,0.033300845812280926,True,True,True,1.0,1,0.033300845812280926,0.3887721108216453,0.5270070248514509,Medium
0.6923549854744933,0.3616214947555167,0.5833333333333334,0.6970325362726835,0.7917972338079018,0.49118655565554126,True,True,True,1.0,1,0.49118655565554126,0.6148159368156259,0.6434497295790558,High
0.14695614404383872,0.5574237396880967,0.5,0.07179487192926712,0.13503290698025444,0.0029367954090265573,True,True,True,1.0,1,0.0029367954090265573,0.290949983446107,0.41051862548274115,Low
0.5929609803812961,0.8768958853297031,0.6666666666666666,0.1728781503795286,0.9266951876201865,0.08208370270324017,True,True,True,1.0,1,0.08208370270324017,0.6558542363517639,0.8584940370673741,High
0.5042057708314848,0.5312195785670735,0.25,0.5536402828756622,0.2501101805369601,0.14448102895610757,True,True,True,1.0,1,0.14448102895610757,0.43830127038727085,0.5482464588775493,Medium
0.8177729302351134,0.7898763314831965,0.9166666666666666,0.5162598328432347,0.6149167263932546,0.1418033755915039,True,True,True,1.0,1,0.1418033755915039,0.7815354276476669,1.0,High
0.6592469986350215,0.4166761256089465,0.75,0.049172717235969374,1.0,0.23711000081300224,True,True,True,1.0,1,0.23711000081300224,0.6019512962993948,0.7266451719048478,High
0.013296693726374226,0.779067054129892,0.75,0.8483335926341277,0.9630573085808002,0.48189517440916857,True,True,True,1.0,1,0.48189517440916857,0.49227117843802093,0.4861970708498776,Medium
0.7007414648685939,0.24649419754366492,0.3333333333333333,0.2873564700100094,0.5449658951315042,0.2102656364410444,True,True,True,1.0,1,0.2102656364410444,0.4794943286369886,0.5764224060805153,Medium
0.5694255840362107,0.4368946968222505,0.5833333333333334,0.4767770033703611,0.21183322314158837,0.052449860445131356,True,True,True,1.0,1,0.052449860445131356,0.5006768622967961,0.6664051535746686,High
0.12875269297442485,0.4758328885479861,0.08333333333333333,0.9274191198319969,-0.004242495891565475,0.11373574806436969,True,True,True,1.0,1,0.11373574806436969,0.255651983960077,0.32052219709246776,Low
0.552180954332057,0.8627098221249833,0.5833333333333334,0.5497754848995389,0.5999407057336023,0.020260493044725242,True,True,True,1.0,1,0.020260493044725242,0.6250526318878002,0.8424025398475334,High
0.9529033500269698,0.3818102030739959,0.6666666666666666,0.6466159934268285,0.2696238810709337,0.5503696194699352,True,True,True,1.0,1,0.5503696194699352,0.6824807014086968,0.7089860518720477,High
0.5244238415640656,0.8812478787079514,0.6666666666666666,0.04992801229464872,0.6845601971712154,0.3966685953413812,True,True,True,1.0,1,0.3966685953413812,0.5928012666471363,0.651775688712272,High
0.4939306870385147,0.7099424524641792,0.8333333333333334,0.8956259210161368,0.1191366240978701,0.028429808104921375,True,True,True,1.0,1,0.028429808104921375,0.6077036864863091,0.8164036186924396,High
0.16545663275279343,0.18726554454359298,0.6666666666666666,0.5420157908550173,0.624289729225199,0.22519568815531385,True,True,True,1.0,1,0.22519568815531385,0.3535996473511909,0.40522947740691484,Low
0.601735484907063,0.48815834857021767,0.8333333333333334,0.2074679373901554,0.2583044910620707,0.6174371800831441,True,True,True,1.0,1,0.6174371800831441,0.551569773188758,0.5106678828850186,Medium
0.23081779338964117,0.12410899303336025,0.25,0.8237938270382977,0.16689244354911018,0.4309920846538085,True,True,True,1.0,1,0.4309920846538085,0.2662175430212693,0.20941954542988983,Low
0.8171970995230424,0.5895388616246802,0.8333333333333334,0.24769654791150275,0.19054547872491734,0.09358105246318742,True,True,True,1.0,1,0.09358105246318742,0.6552774814644617,0.8532075730917613,High
0.2287582735935591,0.564628960271685,0.4166666666666667,0.8604178328472548,0.38953959712274167,0.12916631784854624,True,True,True,1.0,1,0.12916631784854624,0.4127581778220937,0.5207388723186988,Medium
0.24696136256137144,0.2945827550506444,0.16666666666666666,0.29219936142406316,0.5131623974615885,0.6152037631075561,True,True,True,1.0,1,0.6152037631075561,0.27157060525657595,0.14388244072708242,Low
0.26041388781295766,0.49429030568926463,0.08333333333333333,0.8990041496338529,-0.012856223004374619,0.19582553448679868,True,True,True,1.0,1,0.19582553448679868,0.3083050755926505,0.35732317606680203,Low
0.644075132841299,0.34843464720643325,0.9166666666666666,0.18624007198171533,0.055782954693137904,0.5530460535613688,True,True,True,1.0,1,0.5530460535613688,0.5348526185786249,0.5140821682284882,Medium
0.6682710931059813,0.12725311065262562,0.16666666666666666,0.3238210188407054,0.6346498425452504,0.1497642165223552,True,True,True,1.0,1,0.1497642165223552,0.4219394788448466,0.5246806906776552,Medium
0.6259328801437395,0.6592057518034277,0.3333333333333333,0.21918351892131227,0.3021426814466119,0.15033423410230606,True,True,True,1.0,1,0.15033423410230606,0.5010135891216404,0.6282878902770094,Medium
0.36825532250387094,0.7027022818125384,0.75,0.8205066973298258,0.581847785883063,0.3698566712492609,True,True,True,1.0,1,0.3698566712492609,0.5780780336853449,0.6430046723513955,High
0.4772785695529557,0.3796643092672971,0.5833333333333334,0.7449578479824156,0.5164384902080179,0.6929996384656109,True,True,True,1.0,1,0.6929996384656109,0.5096505901603517,0.4258578671678577,Low
0.6926049828169845,0.7965169001522318,0.6666666666666666,0.8568746885962435,0.7280807399977892,0.49997465218159987,True,True,True,1.0,1,0.49997465218159987,0.7281742493499768,0.7888379787654727,High
0.22348954008176017,0.4612907792310556,0.75,0.8092666081896902,0.04359024412451182,0.4231457862319277,True,True,True,1.0,1,0.4231457862319277,0.4169396571103354,0.4104227386491118,Low
0.7580215912035961,0.5659824043670707,0.5,0.8754603207060541,0.24620577968302473,0.09733916736260345,True,True,True,1.0,1,0.09733916736260345,0.6285717273937605,0.8166599781586837,High
0.7185962218797257,0.8796065964969654,0.5,0.387177571397343,0.6767634494678382,0.21303289644727083,True,True,True,1.0,1,0.21303289644727083,0.6697539101378016,0.8251610332562549,High
0.6861532651914161,0.30146980270361523,0.9166666666666666,0.21380663629194366,0.7381547280857302,0.36309896634744965,True,True,True,1.0,1,0.36309896634744965,0.6132847363883902,0.691896435713951,High
0.10195757082508417,0.7149991587594543,0.5833333333333334,0.2840674322337443,0.22167191123325908,0.2536093429108666,True,True,True,1.0,1,0.2536093429108666,0.3510234610952916,0.39065376199671836,Low
0.4987586181773172,0.7147935740050174,0.6666666666666666,0.6330047417857063,0.3070893041327773,0.7324847171231652,True,True,True,1.0,1,0.7324847171231652,0.569804899997112,0.48929184810104953,Medium
0.732009532127283,0.07466124283448239,0.25,0.7152899626809452,0.6135077130089605,0.1511151075625515,True,True,True,1.0,1,0.1511151075625515,0.49061582898680023,0.6143270449671242,Medium
0.59002608053915,0.6725692531400789,0.3333333333333333,0.2307536050849737,0.3001887245136853,0.22663239799585763,True,True,True,1.0,1,0.22663239799585763,0.4902851824702083,0.584144483019855,Medium
0.6302956930828405,0.5368879414996324,0.9166666666666666,0.5746432642844564,0.21453101048781528,0.0005955278823375907,True,True,True,1.0,1,0.0005955278823375907,0.6217466263436232,0.8458080283249065,High
0.6211103073609225,0.7592262571689629,0.4166666666666667,0.652247261584031,0.7325180004275053,0.3140117388891682,True,True,True,1.0,1,0.3140117388891682,0.6220992339126487,0.7228075444237002,High
0.38101892802351206,0.2041711103037522,0.8333333333333334,0.8442418709490034,0.13685051761468103,0.21555162734356628,True,True,True,1.0,1,0.21555162734356628,0.45801769879319043,0.5461392697043463,Medium
0.028717817356459417,0.31742745813953177,0.5,0.5822777196036839,0.7633593136695419,0.09675005725595197,True,True,True,1.0,1,0.09675005725595197,0.3095363218978127,0.3979685449028958,Low
0.7716714159251243,0.06418035406455828,0.5,0.40941809295977016,0.07233748234853492,0.7132535054895661,True,True,True,1.0,1,0.7132535054895661,0.4696801947137919,0.36539440794214095,Low
0.5919161844316739,0.24273201210859113,0.6666666666666666,0.7891259337245996,0.964898333892185,0.26749287639710906,True,True,True,1.0,1,0.26749287639710906,0.5940486362893996,0.7042995637127225,High
0.15345279989770255,0.44627523228742527,0.4166666666666667,0.3104676609687837,0.7034024380214648,0.030810682247541913,True,True,True,1.0,1,0.030810682247541913,0.3353565096489243,0.4578482611984706,Low
0.6158243438849745,0.7502805333349118,0.6666666666666666,0.351437232396637,0.257523465934047,0.10961010151832883,True,True,True,1.0,1,0.10961010151832883,0.590615247387374,0.7619856819157175,High
0.7032226961946204,0.9005148003412289,0.4166666666666667,0.580685635714363,0.27690798127727134,0.2505858718945903,True,True,True,1.0,1,0.2505858718945903,0.6304847335785907,0.7588037333692338,High
0.3889418624266208,0.23308986218430403,0.8333333333333334,0.8478853588805378,0.7639548279949911,0.0027860924373336042,True,True,True,1.0,1,0.0027860924373336042,0.5300454027617287,0.7245327698602472,High
0.4687935777942174,0.4273769025950284,0.25,0.43540603185554255,0.21927440081711302,0.5476070654828666,True,True,True,1.0,1,0.5476070654828666,0.3884608549039582,0.32399858176926755,Low
0.7992948931257028,0.32141198361092876,0.3333333333333333,0.8543759527633756,0.1979113519616309,0.2292512480448042,True,True,True,1.0,1,0.2292512480448042,0.5558957511116341,0.6692656929506642,High
0.0764754666405458,0.25906861675588067,0.4166666666666667,0.7662957951013601,0.6038789435044513,0.9319246771498245,True,True,True,1.0,1,0.9319246771498245,0.302754717201309,0.06006480672246115,Low
0.12846902273464345,0.7932892349052282,0.6666666666666666,0.6230447326863453,0.7676522287017629,0.5199150931340049,True,True,True,1.0,1,0.5199150931340049,0.4824484855470472,0.45832183203256394,Low
0.47885363985559776,0.33820118214578976,0.75,0.42024574406933485,0.8641380929173939,0.0979716147673131,True,True,True,1.0,1,0.0979716147673131,0.53762007607007,0.6969827649032977,High
0.5899795868050824,0.4761551379969075,0.8333333333333334,0.1739350110825414,0.23412062439818238,0.33043652783620553,True,True,True,1.0,1,0.33043652783620553,0.5386950925361536,0.6068198727252873,Medium
0.5618759132655092,0.09476853675287059,0.3333333333333333,0.5789566266090026,0.16876511013077253,0.029607483644031516,True,True,True,1.0,1,0.029607483644031516,0.38514291299742204,0.52369646628797,Medium
0.3914173035169637,0.8840492288037664,0.3333333333333333,0.6329657216610554,0.5921684989188053,0.12791864752056564,True,True,True,1.0,1,0.12791864752056564,0.5225568558921916,0.6654063583797246,High
0.5063229678510559,0.776562322963783,0.4166666666666667,0.2763373403303319,0.6064138384827853,0.2855236182689841,True,True,True,1.0,1,0.2855236182689841,0.529450102947824,0.612372794302303,Medium
0.10261728002885029,0.7316164356107568,0.75,0.19941193716108802,0.12812635246202325,0.04474689241801979,True,True,True,1.0,1,0.04474689241801979,0.37012402809600264,0.49801141714234,Medium
0.16798645445249535,0.17759989671515533,0.16666666666666666,0.5695007586403257,0.16152584914749854,0.023713902977120786,True,True,True,1.0,1,0.023713902977120786,0.20915055523614495,0.2949235919969312,Low
0.40431320555267625,0.5515646841435493,0.75,0.7623603900222808,0.5880824949692829,0.17865504974755306,True,True,True,1.0,1,0.17865504974755306,0.5570825075489367,0.6907552862410755,High
0.44731153620205677,0.2963903660981136,0.9166666666666666,0.7385444724443009,0.5298609065406276,0.7080383754638797,True,True,True,1.0,1,0.7080383754638797,0.5483765589322717,0.4707845243422989,Low
0.10977965633226154,0.4493545126458094,0.8333333333333334,0.6837004851877062,0.5682940796034167,0.38146058533231125,True,True,True,1.0,1,0.38146058533231125,0.42564888820784547,0.4382797554747755,Low
0.5763907540665412,0.30036822577763883,0.5,0.32726223765167295,0.22896717896641502,0.4271690143101678,True,True,True,1.0,1,0.4271690143101678,0.44625288844395306,0.4473289059186981,Low
0.42287677957556863,0.3463717541676236,0.75,0.6214615003138453,0.7041664723812815,0.010482676855957003,True,True,True,1.0,1,0.010482676855957003,0.5209878599332649,0.7096074622301544,High
0.6845049452022578,0.4958360237971087,0.75,0.7594506427844651,0.14753294818901266,0.7531030294064264,True,True,True,1.0,1,0.7531030294064264,0.6136675419376727,0.5387654882006582,Medium
0.437575980914193,0.6559254232866567,0.4166666666666667,0.14901657298289925,0.2928094684983948,0.06737899539157272,True,True,True,1.0,1,0.06737899539157272,0.4337314145044713,0.5726184752088852,Medium
0.028787163517573586,0.5532058235209456,0.4166666666666667,0.26343007495312587,0.6539322680906026,0.1727120936518599,True,True,True,1.0,1,0.1727120936518599,0.29722559774892476,0.35187981602422547,Low
0.462463419580392,0.2599601059985901,0.3333333333333333,0.8684424995905411,0.330073319041392,0.4548715321266075,True,True,True,1.0,1,0.4548715321266075,0.42349563756173475,0.40653369105084514,Low
0.597846005962845,0.7419862930968522,0.25,0.29479528386713405,0.6014427685565943,0.6309853564012449,True,True,True,1.0,1,0.6309853564012449,0.5271594662468813,0.47327784448408955,Low
0.6323451645441462,0.6407028136310312,0.4166666666666667,0.3386620223629042,0.08744007529146187,0.424428858419556,True,True,True,1.0,1,0.424428858419556,0.5070221716426347,0.5282041163066283,Medium
0.11040144011760196,0.7751825708184883,0.25,0.825145900037596,0.21630820416814128,0.022404516277384764,True,True,True,1.0,1,0.022404516277384764,0.35334250063131223,0.4847769853885951,Medium
0.031373300231354935,0.5097645910976442,0.9166666666666666,0.696640265478937,0.2640000429626477,0.29483401531799636,True,True,True,1.0,1,0.29483401531799636,0.3938996024895627,0.4307146072653909,Low
0.06445572093232305,0.449171585243312,0.6666666666666666,0.5141251398517427,0.5076701883030276,0.7039753831161765,True,True,True,1.0,1,0.7039753831161765,0.351129471570402,0.2133810701660934,Low
0.8678180562717884,0.555561981046043,0.75,0.7191113122954704,0.18059100254652863,0.13042295379071736,True,True,True,1.0,1,0.13042295379071736,0.6982098502021239,0.8950687473715332,High
0.5732670290044658,0.8360633019382572,0.25,0.7456944301238446,0.797165122485433,0.08328187870146989,True,True,True,1.0,1,0.08328187870146989,0.6008054272503656,0.7857377767147289,High
0.31787567305517117,0.4267552493979736,0.8333333333333334,0.4653206984650688,0.28420648319601916,0.0011611016123505835,True,True,True,1.0,1,0.0011611016123505835,0.45412070393443865,0.6254766275067065,Medium
0.6947925868792811,0.6543766640674326,0.6666666666666666,0.24515035710138527,0.2260982491791521,0.4597656382819617,True,True,True,1.0,1,0.4597656382819617,0.5892505615265861,0.6222575729083057,Medium
0.2057960921010687,0.6476769459506249,0.75,0.7275106855219641,0.5545755657290579,0.5380130080291973,True,True,True,1.0,1,0.5380130080291973,0.4900624511556547,0.4611904057126751,Low
0.6973753122349289,0.19977674362262046,0.75,0.9136563798544015,0.2769961985872782,0.059228836266548374,True,True,True,1.0,1,0.059228836266548374,0.5879707314626637,0.778359785979197,High
0.9092645009853059,0.5344068347052812,0.6666666666666666,0.5369481520727163,0.2951702415352941,0.6664137021155443,True,True,True,1.0,1,0.6664137021155443,0.6871323400293129,0.6693810518057663,High
0.7024640750055502,0.9389109298447187,0.6666666666666666,0.5239135661246761,0.6183157293832412,0.08365266994443606,True,True,True,1.0,1,0.08365266994443606,0.7163240788552889,0.9372785684384265,High
0.0008492152431977697,0.5540588123609175,0.6666666666666666,0.43538426223036547,0.2570893412632414,0.5060601233197831,True,True,True,1.0,1,0.5060601233197831,0.3137321422521566,0.24223926509271398,Low
0.33616587898724615,0.6672971757220493,0.6666666666666666,0.3907740473493475,0.5050778661048846,0.02626217701778443,True,True,True,1.0,1,0.02626217701778443,0.49084431141806484,0.6638101568595751,High
0.6339737529710132,0.33020262512653703,-0.08333333333333333,0.7342150430099269,0.5845469234460375,0.3938924183645525,True,True,True,1.0,1,0.3938924183645525,0.43483955619264253,0.4454507172566337,Low
0.23974564669689,0.8974981248297638,0.8333333333333334,0.7505544456557962,0.7161129429896423,0.4142380333994976,True,True,True,1.0,1,0.4142380333994976,0.5887312891759193,0.6395103279142207,High
0.1722946376128559,0.6221969513932657,0.4166666666666667,0.6870670289190481,0.8827962369627805,0.23486467863607163,True,True,True,1.0,1,0.23486467863607163,0.4336769052453118,0.5065695619792683,Medium
0.6006579809500411,0.15978413427732305,0.5833333333333334,0.5992579589770519,0.609800975462802,0.04312940835320548,True,True,True,1.0,1,0.04312940835320548,0.5097925793461331,0.6820465367350813,High
0.05212688986282158,0.47191680181226375,0.6666666666666666,0.1984803812558928,0.34778575481319624,0.5686025796039524,True,True,True,1.0,1,0.5686025796039524,0.30319406324782366,0.2037645373847489,Low
0.4391600346475852,0.8637716113567092,0.8333333333333334,0.30106779618941254,0.6796386362769634,0.5390096657019464,True,True,True,1.0,1,0.5390096657019464,0.6131556460436802,0.6224307388846485,Medium
0.043261512496953716,0.8411885745458119,0.5833333333333334,0.1289553374120246,0.6576014732503845,0.6855195843768443,True,True,True,1.0,1,0.6855195843768443,0.3808646676408515,0.2596964399020799,Low
0.17950713093198326,0.24351414407881658,0.8333333333333334,0.6928877300573926,0.8803795404176953,0.35700133698290937,True,True,True,1.0,1,0.35700133698290937,0.4444990749027321,0.4726670121362418,Low
0.5509900482983073,0.7772992803812823,0.25,0.3025914259306145,0.8802123512910622,0.6104389184080357,True,True,True,1.0,1,0.6104389184080357,0.544136253117747,0.5036637845109821,Medium
0.09723833590071532,0.7219759787306215,0.9166666666666666,0.45885937950717803,0.5319974761861844,0.46141423050895364,True,True,True,1.0,1,0.46141423050895364,0.46570954900908007,0.45938717447054966,Low
0.46746128225578776,0.05814356447767988,0.16666666666666666,0.5564330751711348,0.42425651155342403,0.5164614580599488,True,True,True,1.0,1,0.5164614580599488,0.3300155178036403,0.25952348973137757,Low
0.564961512836931,0.32913972760602156,0.5833333333333334,0.23803729864616094,0.3286401112514828,0.5881003415835803,True,True,True,1.0,1,0.5881003415835803,0.4651469583124078,0.40874320544761866,Low
0.16448315842159175,0.5842531095349873,0.4166666666666667,0.30257004804314114,0.24169086571700765,0.5139903607192391,True,True,True,1.0,1,0.5139903607192391,0.32040330998498234,0.2478751915889541,Low
0.8034420587582934,0.32710394478111365,0.9166666666666666,0.27000296963420795,0.6875411368320257,0.3158645272416047,True,True,True,1.0,1,0.3158645272416047,0.6658853564394969,0.7795729768153361,High
0.34143011018641745,0.24263718693026493,0.25,0.8432310921853391,0.42254391744690734,0.12169295667519843,True,True,True,1.0,1,0.12169295667519843,0.36167698242384466,0.4566084252293181,Low
0.13309364258515727,0.7093637755514117,0.5833333333333334,0.4180843288458719,0.6461403021026055,0.31819355737341437,True,True,True,1.0,1,0.31819355737341437,0.4181993419058597,0.45342046821937043,Low
0.4911782970580652,0.2742766390859081,0.4166666666666667,0.4959309349768108,0.3886103119084348,0.0005072931877265825,True,True,True,1.0,1,0.0005072931877265825,0.4231141046622657,0.585019599337908,Medium
0.7726639864166306,0.4592374087628468,0.5833333333333334,0.645963718941657,0.6700038264281941,0.6823987897042154,True,True,True,1.0,1,0.6823987897042154,0.6491764975228733,0.6132444828013849,Medium
0.34973441957395335,0.7569794402080073,0.8333333333333334,0.2547513232665931,0.23658501962671685,0.011023408392793421,True,True,True,1.0,1,0.011023408392793421,0.5070899568271805,0.6911451986075413,High
0.17491304318934658,0.22587860923513248,0.9166666666666666,0.377575720540318,0.24111959475643718,0.3424112457159934,True,True,True,1.0,1,0.3424112457159934,0.360343803985774,0.36791067331386534,Low
0.6503873500914914,0.323002539895889,0.75,0.1593421876422962,-0.013024287763194474,0.47568334219361685,True,True,True,1.0,1,0.47568334219361685,0.48938723800368455,0.48485720177705893,Medium
0.11139433777124319,0.6353102896054491,0.08333333333333333,0.779490294846138,0.2502302554194923,0.05312302045679907,True,True,True,1.0,1,0.05312302045679907,0.29125851472281683,0.39115398566184056,Low
0.7777503694876786,0.7315130605678284,0.8333333333333334,0.7782488349067379,0.09874628662010758,0.2040762036780496,True,True,True,1.0,1,0.2040762036780496,0.7117689387279883,0.8838590123763216,High
0.33729955431830627,0.27143000571151343,0.75,0.9631507254298323,0.06545507386089455,0.21987467223588955,True,True,True,1.0,1,0.21987467223588955,0.44206640279869786,0.523490748072442,Medium
0.2360532987234303,0.663647105908286,1.0,0.2748352767063927,0.7326723477231147,0.6889454555466545,True,True,True,1.0,1,0.6889454555466545,0.5279015031139801,0.4514200898820867,Low
0.5649907104822861,0.3009846123149802,0.75,0.21580812093010154,0.19945372506320697,0.23771547138865995,True,True,True,1.0,1,0.23771547138865995,0.47771939125524143,0.5632784816422288,Medium
0.41026349295220627,0.49241003604913336,0.3333333333333333,0.2173123531265059,0.5322646129791103,0.11563142813527653,True,True,True,1.0,1,0.11563142813527653,0.4042117676679375,0.5148484068337261,Medium
0.5225483902973728,0.079152749585235,0.9166666666666666,0.8554602146932112,0.6608125561204965,0.06458718493870107,True,True,True,1.0,1,0.06458718493870107,0.5598105164507002,0.7392719697580857,High
0.6978846496770207,0.5520865025549104,0.25,0.25414542220752534,0.0920194753925271,0.5385707134257778,True,True,True,1.0,1,0.5385707134257778,0.47418765014179554,0.44012560268006795,Low
0.6031449776248355,0.607622911879384,0.6666666666666666,0.33299258461384895,0.9385320842327647,0.6078907033993431,True,True,True,1.0,1,0.6078907033993431,0.6232683736438058,0.6085755168449275,Medium
0.8423464939270922,0.02596227711540075,0.5833333333333334,0.34035365230541936,0.5079697251881963,0.20156680054947615,True,True,True,1.0,1,0.20156680054947615,0.5436300574099453,0.664065368421903,High
0.29017509647428147,0.45671513641629896,0.5833333333333334,0.24986993636048616,0.6567757207438705,0.30250096481950295,True,True,True,1.0,1,0.30250096481950295,0.41474429825007475,0.45506542595601873,Low
0.7848790692033496,0.4698198050857332,0.8333333333333334,0.8577376627696727,0.18834032839337458,0.25383028309582656,True,True,True,1.0,1,0.25383028309582656,0.679190054481458,0.8214803364824483,High
0.14807652780607686,0.8732297780311363,0.9166666666666666,0.5497819427438215,0.638700870496566,0.7426666013364293,True,True,True,1.0,1,0.7426666013364293,0.5360581813860301,0.4409683003291306,Low
0.5627033194035401,0.338743195425442,0.5833333333333334,0.40778859931182504,0.5101262727043953,0.0367979744413341,True,True,True,1.0,1,0.0367979744413341,0.5012881207147932,0.673373513008574,High
0.6681239660972322,0.4184938147526586,0.4166666666666667,0.026322367862237808,0.2648138502149032,0.06745536535603205,True,True,True,1.0,1,0.06745536535603205,0.4633953045304721,0.6115398691294731,Medium
0.3970185351735892,0.37911156805684987,0.5,0.3967532491220428,0.43066718462239406,0.2514910324671838,True,True,True,1.0,1,0.2514910324671838,0.41737177105524936,0.47860979689217337,Low
0.47205577182168834,0.8384321133517625,0.5833333333333334,0.2522897462467427,0.662905208556001,0.2616600680558576,True,True,True,1.0,1,0.2616600680558576,0.5646948935459689,0.6680530458869175,High
0.3790203576130529,0.49156557008816176,0.4166666666666667,0.2820759756866543,0.6022506617837206,0.23300563283659448,True,True,True,1.0,1,0.23300563283659448,0.4216872541432244,0.491558352774571,Medium
0.5233323562362284,0.15627138716679737,0.3333333333333333,0.6154399787605945,0.2439644746320548,0.20423948132949815,True,True,True,1.0,1,0.20423948132949815,0.39319433193378245,0.4654762643931445,Low
0.5052970791953691,0.5474649827389728,0.08333333333333333,0.9192120080035958,0.2679469822494254,0.10099960555357748,True,True,True,1.0,1,0.10099960555357748,0.44699439391791107,0.5767899076898579,Medium
0.7272345470487468,-0.003026077169132219,0.4166666666666667,0.3945570291381656,0.5086662091144026,0.15748982750405266,True,True,True,1.0,1,0.15748982750405266,0.4639442605442624,0.5767935844073762,Medium
0.6094323997235029,0.6225647241597363,0.6666666666666666,0.8245223496844187,0.3061777334403738,0.7600689003830707,True,True,True,1.0,1,0.7600689003830707,0.614689246367161,0.5373630290624952,Medium
0.33114619038916554,0.7384437020385589,0.5833333333333334,0.7841429220075167,0.6143950034031389,0.6041580170066131,True,True,True,1.0,1,0.6041580170066131,0.5366676757711103,0.4963310641787811,Medium
0.2288624922240741,0.6686345312364881,0.5833333333333334,0.3167566254470087,0.6145038519721396,0.1312621969963007,True,True,True,1.0,1,0.1312621969963007,0.4350646175455088,0.5492037001849231,Medium
0.042238467039997916,0.7244728319280571,0.0,0.5535483677848817,0.7884201045410313,0.3139454600101132,True,True,True,1.0,1,0.3139454600101132,0.2959868004342019,0.2946173496865662,Low
0.8180000485109014,0.6867828238294974,0.5833333333333334,0.5188420558088119,0.34766563759645436,0.05730090776387103,True,True,True,1.0,1,0.05730090776387103,0.6678740201774533,0.8840397863312528,High
0.055256970883935455,0.2979750600241894,0.6666666666666666,0.4110998767157661,0.48179450394681583,0.17451981169907785,True,True,True,1.0,1,0.17451981169907785,0.3043205717580036,0.3604840731941487,Low
0.41004945255531094,0.5502987255954468,0.8333333333333334,0.5527848451820786,0.8766179204741658,0.3098277594998774,True,True,True,1.0,1,0.3098277594998774,0.5836864693735049,0.6740161585039538,High
0.19365109242090933,0.5371100087108921,0.8333333333333334,0.4775203377066179,0.2324862729256428,0.2632375621115543,True,True,True,1.0,1,0.2632375621115543,0.4225497664404349,0.4807817024078327,Low
0.847111903622669,0.5006497754068434,0.08333333333333333,0.42939874167486286,0.4077748732132725,0.4106044995261037,True,True,True,1.0,1,0.4106044995261037,0.5393587446859165,0.5761108838651666,Medium
0.9089579629869028,0.23089010283672262,0.4166666666666667,0.6110874029729274,0.08459095913640556,0.5645681774083811,True,True,True,1.0,1,0.5645681774083811,0.5626623753063723,0.5460601052240428,Medium
0.7047304103436898,0.20041923893965286,0.5,0.2069704625138495,0.12740663686855996,0.2338608005789641,True,True,True,1.0,1,0.2338608005789641,0.4554137218636474,0.5355075029667622,Medium
0.7473440081055198,0.8496834624829678,0.25,0.16590274415680323,0.6259146135273503,0.20010519441297314,True,True,True,1.0,1,0.20010519441297314,0.5980560315072169,0.7361075603875937,High
0.5876130588846444,0.9221278018954552,0.5833333333333334,0.08210702582270774,0.4062105062494056,0.5092466724600371,True,True,True,1.0,1,0.5092466724600371,0.5849692038068268,0.5971437716314371,Medium
0.4920697619165082,0.5094462288144991,0.6666666666666666,0.5350905725820273,0.2910557271044993,0.29741414428465507,True,True,True,1.0,1,0.29741414428465507,0.514665113831489,0.5882746989351209,Medium
0.6167799205791512,0.49939655831805246,0.25,0.6738404627335477,0.7736990539335161,0.7056923255550974,True,True,True,1.0,1,0.7056923255550974,0.5413452315619773,0.46247590530977317,Low
0.31877794063714415,0.3162518549066879,0.4166666666666667,0.19958151570292737,0.7217376901497895,0.13977960041286477,True,True,True,1.0,1,0.13977960041286477,0.3662268011548003,0.45545792582956673,Low
0.6015144275962068,0.873138620219558,0.5833333333333334,0.6796718551619736,0.29304536121262525,0.03156908220740201,True,True,True,1.0,1,0.03156908220740201,0.6291718833865209,0.8433567321553753,High
0.3895360556727987,0.7114643494557339,0.16666666666666666,0.7000819150862787,0.38196124140126175,0.4068192252810556,True,True,True,1.0,1,0.4068192252810556,0.43964494114235364,0.44666840569004707,Low
0.12821949955223014,0.6004893868900849,0.16666666666666666,0.6676184169834528,0.3693268999848794,0.1360660023107468,True,True,True,1.0,1,0.1360660023107468,0.3084135422290756,0.38100656923392673,Low
0.3091890449119926,0.5884135692850886,0.5833333333333334,0.316433559560852,0.5602838323448388,0.6507768759296596,True,True,True,1.0,1,0.6507768759296596,0.44569673767905055,0.35851318024737266,Low
0.6016987364284159,0.5732613736121224,0.8333333333333334,0.2531787986162285,0.03982499788038349,0.6781940319422203,True,True,True,1.0,1,0.6781940319422203,0.5512988156101186,0.48637825145489505,Medium
0.6613016719561274,0.29698583315857474,0.4166666666666667,0.4402555588940447,0.8617640614814905,0.17733159932917292,True,True,True,1.0,1,0.17733159932917292,0.5374531307850529,0.6655014124065968,High
0.6155806463019878,0.4614096844828738,0.4166666666666667,0.3972368501931161,0.6921780383115237,0.11959187482974828,True,True,True,1.0,1,0.11959187482974828,0.5307890176011673,0.6794961118987428,High
0.0425436681333784,0.6232978193179091,0.25,0.39497208644066084,0.6817277470019797,0.5553595762278958,True,True,True,1.0,1,0.5553595762278958,0.29934701446119727,0.2039297931971595,Low
0.6953061964636714,0.2753529179156968,0.9166666666666666,0.3138505374947703,0.4109249377482931,0.5452389378555411,True,True,True,1.0,1,0.5452389378555411,0.5890039430262476,0.5882633946703952,Medium
0.06357463604066294,0.5255561927670582,0.75,0.30299054937847497,0.3365819078551675,0.005900912145910767,True,True,True,1.0,1,0.005900912145910767,0.3444983386930411,0.47966500419336067,Low
0.42562193659206854,0.12303849515498796,0.8333333333333334,0.8885421240735234,0.5662037751907912,0.10350459588956067,True,True,True,1.0,1,0.10350459588956067,0.5069977302609232,0.6545931466723888,High
0.6369794958604527,0.5131968030353958,0.75,0.22119743209008214,0.3450382611444264,0.49989884055747913,True,True,True,1.0,1,0.49989884055747913,0.5640547282747113,0.5733634725522049,Medium
0.04713672619269717,0.6263347278617999,0.6666666666666666,0.2492809724971395,0.35698284384028456,0.10598344599005005,True,True,True,1.0,1,0.10598344599005005,0.33808135101651454,0.431813561071905,Low
0.801144570417814,0.5674221270550981,0.9166666666666666,0.5876724068868756,0.6196985180973622,0.046970013604587434,True,True,True,1.0,1,0.046970013604587434,0.7380126794099023,0.9802080748975588,High
0.71914866740669,0.4413781545878549,0.75,0.3826047548684518,0.6719207244255618,0.4490237782768603,True,True,True,1.0,1,0.4490237782768603,0.6313876458096485,0.6818190503909451,High
0.7688549644621127,0.34428016001538425,0.4166666666666667,0.2696809214748466,0.10419979805309779,0.555872466097672,True,True,True,1.0,1,0.555872466097672,0.4971194230740497,0.46342152915273355,Low
0.5868647392824591,0.4543905114467924,0.5833333333333334,0.42323886956343837,0.46588458294284296,0.6999606221162055,True,True,True,1.0,1,0.6999606221162055,0.531203009919637,0.4514160939198854,Low
0.36965396803610884,0.6889942864713503,0.25,0.7847688171251157,0.654256482718544,0.019680602912569907,True,True,True,1.0,1,0.019680602912569907,0.4795629744930796,0.6515893679831283,High
0.18037259558048727,0.7257512830788436,0.3333333333333333,0.7733937191549336,0.8773658523939287,0.18722576649677874,True,True,True,1.0,1,0.18722576649677874,0.4490419186695165,0.545511582020083,Medium
0.8347768990667004,0.3305985017023055,0.6666666666666666,0.31543632985407877,0.35822014552941484,0.6545013550471205,True,True,True,1.0,1,0.6545013550471205,0.600729440838824,0.5606185266052446,Medium
0.7950098746718599,0.4984840446161112,0.5833333333333334,0.8191114047397549,0.4661760742139859,0.1653166088895041,True,True,True,1.0,1,0.1653166088895041,0.6628961733540071,0.8349529720520142,High
0.7218561808128814,0.4373331404022382,0.5833333333333334,0.7639510953199756,0.5889661910884005,0.20213457626416073,True,True,True,1.0,1,0.20213457626416073,0.6281674957131045,0.7748473148109922,High
0.844670237552692,0.2894795495735539,0.25,0.7290699824820903,0.6739294514399448,0.12608342931307306,True,True,True,1.0,1,0.12608342931307306,0.5860639483279911,0.7495200893599426,High
0.7818197249170483,0.30770996318920263,0.8333333333333334,0.04907772841401433,0.41274973985883634,0.29267089930865503,True,True,True,1.0,1,0.29267089930865503,0.5871192960986116,0.6852823543674188,High
0.03611220433225649,0.61596382700958,0.5,0.6170957263452435,0.7001493849410964,0.13194884763435816,True,True,True,1.0,1,0.13194884763435816,0.36936215826345264,0.4626596991893345,Low
0.28468642831279706,0.3256635902931294,0.5833333333333334,0.15149304865062077,0.32460573545833926,0.18771265196943956,True,True,True,1.0,1,0.18771265196943956,0.3432838344613074,0.4064494704400753,Low
0.19672070147184478,0.18395522488494592,0.08333333333333333,0.4928573287689962,0.4823135809711844,0.034574088305931026,True,True,True,1.0,1,0.034574088305931026,0.22966308320641182,0.31758033741809993,Low
0.21221325807886543,0.3909975757568089,0.3333333333333333,0.6441084076782075,0.5810822254848925,0.19964764107969718,True,True,True,1.0,1,0.19964764107969718,0.3522705483658846,0.4135483421707265,Low
0.41242798656745794,0.4607483899907118,0.8333333333333334,0.6053215878207469,0.2794106827416993,0.3499863358949426,True,True,True,1.0,1,0.3499863358949426,0.5122607663480369,0.5644078945245723,Medium
0.6524950773500727,0.32412684393249364,0.75,0.636949135166012,0.1642320087128084,0.05735807008346934,True,True,True,1.0,1,0.05735807008346934,0.5559415141144098,0.7370393580810124,High
0.7865379052778971,0.4399642025704836,0.9166666666666666,-0.003260574933048766,0.95106806823157,0.5754507866374791,True,True,True,1.0,1,0.5754507866374791,0.6807220852884411,0.6967966438730915,High
0.5219560033897606,0.6686662591479053,0.75,0.8635495759423023,0.29910384884761604,0.5914394556533956,True,True,True,1.0,1,0.5914394556533956,0.6087809956644771,0.5960328374500097,Medium
0.33937617314178026,0.7598023851465358,0.75,0.6861737711599799,0.06101367120440324,0.2776791825396152,True,True,True,1.0,1,0.2776791825396152,0.5124296905224576,0.5931135362305571,Medium
0.5751368378633765,0.44698186433199,0.5833333333333334,0.7530798149980764,0.6360265642593468,0.3954929311792285,True,True,True,1.0,1,0.3954929311792285,0.5750284126041576,0.6289013866836782,Medium
0.5811690965019392,0.5007014069355666,0.25,0.7526041817364999,0.373964134079762,0.7931576012917391,True,True,True,1.0,1,0.7931576012917391,0.4952647515695152,0.36751285952945806,Low
0.4827345920706935,0.46354286536386624,0.5,0.8030461798948083,0.31970974664133583,0.3886599700476744,True,True,True,1.0,1,0.3886599700476744,0.49807800255466506,0.530549955486766,Medium
0.3130620008048588,0.22705190259813787,0.9166666666666666,0.6616797666138085,0.3756399124336911,0.4556971229733177,True,True,True,1.0,1,0.4556971229733177,0.4577004820796544,0.4511226461548934,Low
0.7461302355794369,0.7499290980060151,0.75,0.9972899615415088,0.16843354809260028,0.4092044243433183,True,True,True,1.0,1,0.4092044243433183,0.7150102647963887,0.807309383138946,High
0.5797376993496212,0.6241152465499751,0.9166666666666666,0.3638964879251167,0.2919749890376155,0.2336629985063764,True,True,True,1.0,1,0.2336629985063764,0.6056386100794501,0.7328448332689833,High
0.41398177750317716,0.31620075656869556,0.5833333333333334,0.5065381944248949,0.8873013573663772,0.11800034740615499,True,True,True,1.0,1,0.11800034740615499,0.4848834841608039,0.6198447755429708,Medium
0.5645719336972754,0.560216844257353,0.5833333333333334,0.5309840181726185,0.2507127394056894,0.29048794302056336,True,True,True,1.0,1,0.29048794302056336,0.5327084847548783,0.6146957685201616,Medium
0.3322788221484121,0.8915608223669317,0.08333333333333333,0.2184192291654227,0.3526425727274828,0.04411699566878778,True,True,True,1.0,1,0.04411699566878778,0.38499654018870844,0.5177885587433535,Medium
0.7188289954785417,0.7108376786971816,0.75,0.5166546351331344,0.8638320267677397,0.3285817871602924,True,True,True,1.0,1,0.3285817871602924,0.7177478001209405,0.8426635566855541,High
0.3703780048417228,0.2322650578795406,0.08333333333333333,0.8697709657682968,0.5028318655467157,0.24915931851316064,True,True,True,1.0,1,0.24915931851316064,0.34853116331076517,0.3891341307449488,Low
0.7384757700069188,0.6722892048750859,0.8333333333333334,0.20240300068422937,0.5598071182359435,0.10962459649612785,True,True,True,1.0,1,0.10962459649612785,0.6727358275364685,0.8698120190820656,High
0.7968500960375291,0.5172444560763986,0.75,0.5571224364451832,0.6543596412179997,0.31953950085881716,True,True,True,1.0,1,0.31953950085881716,0.6933371373966096,0.8141720718871953,High
0.2246179915088812,0.23794078970338203,0.25,0.18456429640492597,0.3927701367549793,0.1982578625543562,True,True,True,1.0,1,0.1982578625543562,0.24516879786021942,0.2734611412504955,Low
0.7957002956201867,0.5338402150778272,0.6666666666666666,0.8961288573965528,0.04846942133074915,0.2433403989959568,True,True,True,1.0,1,0.2433403989959568,0.6528413224697037,0.7910142340149553,High
0.6751213685610004,0.06677484506025695,0.3333333333333333,0.6262690392803062,0.7742843512824445,0.6659175774129061,True,True,True,1.0,1,0.6659175774129061,0.4901255221593933,0.41088800424536087,Low
0.6666343062388179,0.6269960772402775,0.9166666666666666,0.6924593340466582,0.2953531116647296,0.5473904598806976,True,True,True,1.0,1,0.5473904598806976,0.6741675158480548,0.699243632216948,High
0.6694155669021931,0.5779719558222568,0.25,0.9061853570745514,0.5071016257126726,0.1151844467898182,True,True,True,1.0,1,0.1151844467898182,0.5746893162040511,0.738877544133245,High
0.19471932816337137,0.6971295607032185,0.6666666666666666,0.08163237365828244,0.1565677345198798,0.4189391576630439,True,True,True,1.0,1,0.4189391576630439,0.37446698755714175,0.35630923766546657,Low
0.2230076770103469,0.6452614813131068,0.16666666666666666,0.7008533659620333,0.3858354293478991,0.32835908879174536,True,True,True,1.0,1,0.32835908879174536,0.36025757993108676,0.373332994213862,Low
0.3606660157828956,0.8644994276009027,0.75,0.4406124537745345,0.7668672817839299,0.22357822987118398,True,True,True,1.0,1,0.22357822987118398,0.5879142653891853,0.7135437762704292,High
0.4370504476831955,0.7450286091578378,0.25,0.29673502438080523,0.527682951352145,0.21265419913261813,True,True,True,1.0,1,0.21265419913261813,0.4562676984781408,0.5449827334052479,Medium
0.632274663193644,0.7150869731552919,0.4166666666666667,0.3188141468210462,0.5259003953460423,0.506372108618914,True,True,True,1.0,1,0.506372108618914,0.5637320474585581,0.5703897593054567,Medium
0.5469748175825788,0.7858369154477142,0.8333333333333334,0.3014533153731238,0.45759351083617505,0.2821669067515241,True,True,True,1.0,1,0.2821669067515241,0.618528659410171,0.7306636223139583,High
0.7431760067413946,0.8007118013892404,0.6666666666666666,0.6472159585624702,0.17613127092099953,0.05879061473539434,True,True,True,1.0,1,0.05879061473539434,0.6730808192560862,0.8902899657270209,High
0.36521401857826485,0.46781429752369963,0.75,0.7926435350443338,0.4785458568841676,0.14893046387500686,True,True,True,1.0,1,0.14893046387500686,0.516767406128896,0.6495271187421277,High
0.5399293304253381,0.31605539545546807,0.5833333333333334,0.3215006186631316,0.5923487082487755,0.21736640379104613,True,True,True,1.0,1,0.21736640379104613,0.48723441061908623,0.5837886692050377,Medium
0.2161543981848993,0.5528205917162684,0.75,0.7056254994419233,0.7807839978374432,0.4055641962437071,True,True,True,1.0,1,0.4055641962437071,0.4956668273451501,0.5207248038347096,Medium
0.580039264184583,0.3639628591671099,0.6666666666666666,0.7966382530329976,0.6003766378249012,0.15430602499217191,True,True,True,1.0,1,0.15430602499217191,0.5778430999263784,0.7276076650988028,High
0.25363980321711255,0.7763898489739028,0.75,0.8937561128220689,0.6585102081892045,0.6740031357292529,True,True,True,1.0,1,0.6740031357292529,0.5619605231827529,0.502028988781836,Medium
0.5351335410511928,0.9768581261702961,0.75,0.5845888632918133,0.4380855595886268,0.4806015051677546,True,True,True,1.0,1,0.4806015051677546,0.6616924839425804,0.7091727959415715,High
0.7069729958399849,0.7226351003933573,0.08333333333333333,0.8029701203183487,0.34431705639325716,0.2171175075775554,True,True,True,1.0,1,0.2171175075775554,0.5587116027524928,0.6777429938644355,High
0.4159092196448836,0.6325431781109011,0.6666666666666666,0.4207545450596561,0.7487604667179426,0.7184922827026621,True,True,True,1.0,1,0.7184922827026621,0.5431571579912269,0.4598128708031692,Low
0.689366128392528,0.3081744007680822,0.6666666666666666,0.1417583794578137,0.33067697602418644,0.32471202338833444,True,True,True,1.0,1,0.32471202338833444,0.517958200392161,0.5818454263979672,Medium
0.30605046450342305,0.8338810344925657,0.75,0.5733974353550967,0.5160499802574222,0.5344399122603901,True,True,True,1.0,1,0.5344399122603901,0.5481411342611343,0.5388607235881359,Medium
0.055042646805268235,0.6168460486385784,0.08333333333333333,0.18318863601382665,0.3565419421460802,0.11651234318640297,True,True,True,1.0,1,0.11651234318640297,0.21602599293248034,0.2673957639175788,Low
0.03222989599829637,0.5025747945739562,0.5,0.3683317117844679,0.953128253844131,0.0006427600547198491,True,True,True,1.0,1,0.0006427600547198491,0.3455529138769697,0.4831210951233037,Medium
0.7895532644169995,0.49721314938101463,0.75,0.2406171316566126,0.3257901067614654,0.5452552226644986,True,True,True,1.0,1,0.5452552226644986,0.6219046594848106,0.6314587154366331,Medium
0.00802367793867508,0.6126935149720527,0.16666666666666666,0.27015107397364024,0.7070980799237941,0.05937801380399856,True,True,True,1.0,1,0.05937801380399856,0.25680642289295735,0.34345112963402846,Low
0.811803122206489,0.6140467693305156,0.8333333333333334,0.2751770475604816,0.004489076812900116,0.33223612788879603,True,True,True,1.0,1,0.33223612788879603,0.6421638818527037,0.7419752135713721,High
0.5174937491869844,0.5827064655970942,0.3333333333333333,0.675903645124936,0.9670106876330538,0.11165686464028096,True,True,True,1.0,1,0.11165686464028096,0.5544968927366782,0.713752606703379,High
0.6311581597087723,0.5060532926739313,0.75,0.4408199649272885,0.25850185689765914,0.07068603824628251,True,True,True,1.0,1,0.07068603824628251,0.57360610460079,0.7549843643643939,High
0.8368740776888044,0.5435162377644408,0.3333333333333333,0.7640149816660051,0.8696177405465302,0.2731033534733732,True,True,True,1.0,1,0.2731033534733732,0.6734828175163302,0.8063939910944676,High
0.620064402677923,0.2762707195887404,0.6666666666666666,0.1495576108553214,0.08163760996762227,0.5909931238193041,True,True,True,1.0,1,0.5909931238193041,0.459732760404545,0.4004943056960131,Low
0.5282635622399688,0.9187643800419707,0.75,0.7479339470306519,0.16915200311329748,0.14857687011801454,True,True,True,1.0,1,0.14857687011801454,0.6367668959187767,0.8072370282282656,High
0.19641441288012385,0.07697337696138055,0.3333333333333333,0.18213852712628803,0.24904042656020145,0.2203074205866986,True,True,True,1.0,1,0.2203074205866986,0.20374500257964126,0.21038185794902306,Low
0.7067085253973149,0.27275655391684656,0.5,0.24816688474671622,0.09360305056297102,0.036992870977544175,True,True,True,1.0,1,0.036992870977544175,0.471411714473264,0.6340662057743958,Medium
0.603309299495503,0.8266631949623997,0.6666666666666666,0.6932539987185066,0.35898761447811783,0.20312819210812144,True,True,True,1.0,1,0.20312819210812144,0.645213853443677,0.7968393728073226,High
0.7901330434813346,0.3041453906328721,0.8333333333333334,0.19031037868469858,0.24703526887152952,0.014240009499908068,True,True,True,1.0,1,0.014240009499908068,0.5872835269413977,0.7951797903417376,High
0.5345598000589181,0.80201615187544,0.6666666666666666,0.4997450907231824,0.6715364821541039,0.32402309515567934,True,True,True,1.0,1,0.32402309515567934,0.6246886410197172,0.7222639237752881,High
0.7229497172104578,0.25393620648970167,0.5833333333333334,0.7536205344724239,0.6939836888804067,0.11176853086853787,True,True,True,1.0,1,0.11176853086853787,0.6013942171840732,0.7752892170429116,High
0.745601621627724,0.2896233841641055,0.3333333333333333,0.22230925729778844,0.24098610830760492,0.09526345325974016,True,True,True,1.0,1,0.09526345325974016,0.4691615287111167,0.6081570732997452,Medium
0.6457609755195908,0.9873720873214914,0.4166666666666667,0.617971907183332,0.4894096880856395,0.5041581754396662,True,True,True,1.0,1,0.5041581754396662,0.649850300532365,0.6843432578412387,High
0.681521014933389,0.826134144037288,0.75,0.6482982277300998,0.24953413971236815,0.502128726842377,True,True,True,1.0,1,0.502128726842377,0.67761847152506,0.7216049356955297,High
0.023691178467094634,0.5049130269410779,0.8333333333333334,0.5912292747917298,0.34087877903341285,0.15941987446928488,True,True,True,1.0,1,0.15941987446928488,0.3703365488242344,0.4531175528973703,Low
0.5168229945537572,0.23443612462656294,0.5833333333333334,0.2486790686429182,0.7210547714366464,0.7287367062616084,True,True,True,1.0,1,0.7287367062616084,0.46725647342143867,0.3561125641220311,Low
0.7092178510101134,0.3161171593663669,0.75,0.5387744993786592,0.5678880684070188,0.060559551503712,True,True,True,1.0,1,0.060559551503712,0.6075768290558865,0.8035802302554851,High
0.7148406378552559,0.5358665302484553,0.5833333333333334,0.37345109810008553,0.29391679084121974,0.21425585189690444,True,True,True,1.0,1,0.21425585189690444,0.5765130167525907,0.7022452120316043,High
0.15698857332637517,0.7476486754172336,0.3333333333333333,0.38989298508585113,0.3153304504088569,0.014554345944907222,True,True,True,1.0,1,0.014554345944907222,0.34951417463013423,0.4828424368461489,Medium
0.537932495277976,0.86404151885065,0.3333333333333333,0.20145310319657253,0.7172141382339992,0.4223761287460669,True,True,True,1.0,1,0.4223761287460669,0.5465146926910442,0.5808701398135327,Medium
0.6624931903756733,0.4950222436253883,0.6666666666666666,0.44613926941822385,0.8852445199678085,0.10385592513505304,True,True,True,1.0,1,0.10385592513505304,0.6304734371472837,0.8165899671626937,High
0.12509501175993565,0.6451801232337343,0.8333333333333334,0.5051592627215138,0.6466866406004372,0.29700806934476487,True,True,True,1.0,1,0.29700806934476487,0.46092528634958296,0.5178692143100212,Medium
0.8086610008407109,0.6771948820624518,0.5833333333333334,0.7922405425623174,0.32233313842324934,0.3429170393319242,True,True,True,1.0,1,0.3429170393319242,0.687027411513998,0.7966777360520563,High
0.17614513523254235,0.7796669160279313,0.6666666666666666,0.5891545455467275,0.05214447846935008,0.4023618580305567,True,True,True,1.0,1,0.4023618580305567,0.4238546730335443,0.427690180966186,Low
0.4459773955165797,0.7896857857362759,0.5833333333333334,0.2389496417668979,0.12666528792550244,0.32627851268050223,True,True,True,1.0,1,0.32627851268050223,0.4895562749897938,0.543933942119982,Medium
0.7474293314949761,0.6639782961185288,0.5,0.41520342716898323,0.6019663673710969,0.010362117850404699,True,True,True,1.0,1,0.010362117850404699,0.6334843712757042,0.857373456214265,High
0.7675132602929192,0.567433885530732,0.75,0.3174890671203381,0.5483256535226315,0.5977070981818352,True,True,True,1.0,1,0.5977070981818352,0.657073553287611,0.6569765074046173,High
0.4471399610492532,0.2428108288846454,0.6666666666666666,0.7497735841042361,0.5182258497719506,0.6182677178957209,True,True,True,1.0,1,0.6182677178957209,0.48755142691758235,0.4262785994851068,Low
0.40863370375986485,0.183676127329526,0.4166666666666667,0.9145884979766737,0.7166621977997119,0.24276781756194493,True,True,True,1.0,1,0.24276781756194493,0.44664710988082307,0.5204873913578522,Medium
0.5306888532436816,0.1497137595922605,0.6666666666666666,0.6459559434833342,0.19871954678549078,0.8307362418722336,True,True,True,1.0,1,0.8307362418722336,0.4600191755761406,0.306428815481294,Low
0.16255554860414118,0.7409000569731861,0.3333333333333333,0.57456821403071,0.32470128593392633,0.7773837235069972,True,True,True,1.0,1,0.7773837235069972,0.369795847499424,0.20897416075674136,Low
0.5739422349647679,0.7513493227773034,0.6666666666666666,0.7725884491755738,0.30117441687858176,0.5429984771036811,True,True,True,1.0,1,0.5429984771036811,0.6205563784801167,0.6305772914060137,Medium
0.8273072830243127,0.5878194738590334,0.6666666666666666,0.1584355571506092,0.22996094716157042,0.7570506485282944,True,True,True,1.0,1,0.7570506485282944,0.6206597917460831,0.5463918914054069,Medium
0.6676184103969987,0.2700350150585747,0.0,0.3130600986038679,0.3916762134735807,0.5443155251533284,True,True,True,1.0,1,0.5443155251533284,0.3915279983782593,0.32932266031979296,Low
0.6440509334657177,0.33612552029204457,0.4166666666666667,0.9321227574516237,0.27700086106210275,0.689695877095751,True,True,True,1.0,1,0.689695877095751,0.5290911726294021,0.4526866256460692,Low
0.33109283459857874,0.03482284742964126,0.25,0.4510043608171536,0.6049279194463465,0.1086569682036003,True,True,True,1.0,1,0.1086569682036003,0.2949949313517098,0.37418386288759536,Low
0.5227398016117005,0.1845569560207852,0.5833333333333334,0.46573365234899355,0.34924354642221883,0.4843490201480992,True,True,True,1.0,1,0.4843490201480992,0.44417169839262516,0.4220712895503178,Low
0.72881119703922,0.7326053420758252,0.8333333333333334,0.5660417843295021,0.7739847846070108,0.17418215985676191,True,True,True,1.0,1,0.17418215985676191,0.738714870791171,0.9310176636237669,High
0.5132567019557153,0.13880153056184816,0.8333333333333334,0.6988294715030171,0.6955289419537225,0.3372427696688958,True,True,True,1.0,1,0.3372427696688958,0.5391654949069964,0.6047563845458221,Medium
0.6285089159344047,0.9040819334626368,0.9166666666666666,0.6856175255158431,0.5541582604114369,0.2005856495400205,True,True,True,1.0,1,0.2005856495400205,0.7395308649923507,0.9216880610229552,High
0.6132463276309922,0.8433669558888419,0.4166666666666667,0.5856919258988564,0.24527304851343748,0.21875220304246684,True,True,True,1.0,1,0.21875220304246684,0.5804017530047281,0.7055802489464754,High
0.30223204078078186,0.35591760260547034,0.75,0.8879699390976803,0.6107901717636818,0.7697942491878058,True,True,True,1.0,1,0.7697942491878058,0.491952347919543,0.3723668456849171,Low
0.6166011790493785,0.35766589222583334,0.6666666666666666,0.34092868133404824,0.5967749412550986,0.031113890964170367,True,True,True,1.0,1,0.031113890964170367,0.5452773456571661,0.733374624499233,High
0.7666449182924796,0.6321138133292046,0.75,0.7519535353913589,0.7528575912440774,0.715414648423858,True,True,True,1.0,1,0.715414648423858,0.7335618426463764,0.7110445008856348,High
0.24839341458016542,0.29843552755503644,0.8333333333333334,0.06524748771090642,0.2401261692559837,0.0393014214615555,True,True,True,1.0,1,0.0393014214615555,0.3562485037064292,0.48193667298567555,Low
0.39909113560925696,0.47968806843309264,0.0,0.21694657340734413,0.12113043543426684,0.6130828331045581,True,True,True,1.0,1,0.6130828331045581,0.2893817688144824,0.16810566823149792,Low
0.04012673878564223,0.2673771482645465,0.6666666666666666,0.4509117050872921,0.4351920214721948,0.37511589279334273,True,True,True,1.0,1,0.37511589279334273,0.2914698311564482,0.26458938425801526,Low
0.6866145135262126,0.754945076163831,0.6666666666666666,0.5593619670295568,0.4292283745746916,0.08764148373215896,True,True,True,1.0,1,0.08764148373215896,0.6578271881370095,0.8588953415647689,High
0.5526051507130614,0.26683394722183207,0.6666666666666666,0.13894563980373548,0.2870586305704157,0.692103038569511,True,True,True,1.0,1,0.692103038569511,0.45034261010033944,0.3483341060132656,Low
0.22849461899282303,0.9495788115734876,0.75,0.7970605254465511,0.6849441850522087,0.028120354178759792,True,True,True,1.0,1,0.028120354178759792,0.5795140809617028,0.7795099173646789,High
0.2756454715678381,0.5462239935914934,0.8333333333333334,0.9234915857479855,0.18515397358569824,0.6649107568572594,True,True,True,1.0,1,0.6649107568572594,0.49703420994546904,0.42035637626793027,Low
0.05074859605003127,0.34593782001118223,0.5,0.1376730995497695,0.9523766536605089,0.18452840634562823,True,True,True,1.0,1,0.18452840634562823,0.2984919777432768,0.3488879130378268,Low
0.6198638697644752,0.7652738216085953,0.08333333333333333,0.5854244509996128,0.6837059121171092,0.02214423490185631,True,True,True,1.0,1,0.02214423490185631,0.544580015205848,0.7359923646823593,High
0.38484587129550785,0.6391134658959149,0.5833333333333334,0.926560669785725,0.08906986185197605,0.15605263375427111,True,True,True,1.0,1,0.15605263375427111,0.49999076152782296,0.6246921824161176,Medium
0.12804103437407427,0.5456274191824962,1.0,0.6194921736508744,0.22546979261237501,0.05784012182486177,True,True,True,1.0,1,0.05784012182486177,0.44483809421245396,0.5909602220211724,Medium
0.43237104668025444,0.6421694003919622,0.25,0.8539311460052893,0.8242327491185906,0.39549154202598547,True,True,True,1.0,1,0.39549154202598547,0.5191986882628823,0.5555922537247872,Medium
0.4521535218445509,0.6899888741411966,0.75,0.2510516755284245,0.6755183533380192,0.6114026476264874,True,True,True,1.0,1,0.6114026476264874,0.5615161864527041,0.5261056318419152,Medium
0.5444758077601719,0.49453473971416806,0.9166666666666666,0.10642503544519659,0.4849437666779343,0.17678867856340702,True,True,True,1.0,1,0.17678867856340702,0.5591674845925488,0.6942282735240034,High
0.021047760167673,0.07854746325842693,0.6666666666666666,0.9461199384381507,0.026055836793096605,0.5791536157002607,True,True,True,1.0,1,0.5791536157002607,0.2546795075752127,0.13590401093653545,Low
0.24811699835728296,0.38076112929789224,0.6666666666666666,0.4871122268621183,0.21532574164538656,0.1338192523187288,True,True,True,1.0,1,0.1338192523187288,0.3789761553865755,0.4745469766470476,Low
0.44598853640863756,0.776578132335974,0.4166666666666667,0.5141496576849343,0.6222829435928614,0.13238234930447282,True,True,True,1.0,1,0.13238234930447282,0.5306876344917628,0.6743244574676591,High
0.026232364215574875,0.8204909015017472,0.5,0.8240459947362002,0.2983076007777983,0.40770308967555385,True,True,True,1.0,1,0.40770308967555385,0.38682648553797927,0.3769646255085429,Low
0.5158240335051764,0.29946798915828016,0.8333333333333334,0.24983368478064089,0.8135356731782043,0.1277932353383185,True,True,True,1.0,1,0.1277932353383185,0.5392268136962778,0.6873449845840879,High
0.6217788897716859,0.9334712251635823,0.3333333333333333,0.625450314029033,0.4758253684381393,0.08555905428325596,True,True,True,1.0,1,0.08555905428325596,0.6122000358547749,0.7998029260201535,High
0.7764782707451058,0.5607439848078666,0.8333333333333334,0.15506547325987546,0.2094998612497407,0.39703777179045113,True,True,True,1.0,1,0.39703777179045113,0.625863305377244,0.6950438268208607,High
0.055710714490912173,0.8039212253847006,0.16666666666666666,0.6679703408237941,0.7326474146075209,0.11656664114019075,True,True,True,1.0,1,0.11656664114019075,0.3564636397497698,0.45178221622340237,Low
0.08390667790105809,0.25020683124924686,0.5,0.2436220370965839,0.1922908566629382,0.6579400990005726,True,True,True,1.0,1,0.6579400990005726,0.22719532678622484,0.06877847671391064,Low
0.6249668061155531,0.20835706144652183,0.25,0.7090057466586095,0.3094146735960812,0.7600755266806245,True,True,True,1.0,1,0.7600755266806245,0.4435001767609947,0.312573065943522,Low
0.882745908551471,0.5441044228456005,0.6666666666666666,0.3659074341558522,0.13010420169005338,0.2801479539787377,True,True,True,1.0,1,0.2801479539787377,0.6448537449076324,0.7660262585546964,High
0.8277426957435965,0.1987116023826182,0.8333333333333334,0.24675593604069904,0.15276858135186888,0.7305741338826457,True,True,True,1.0,1,0.7305741338826457,0.5774585171798857,0.5000944001277137,Medium
0.4469380774050853,0.5119176675288846,0.4166666666666667,0.3457657620040637,0.45045468176702275,0.023902364579584456,True,True,True,1.0,1,0.023902364579584456,0.4441141421782531,0.6033786452722864,Medium
0.23954825890631135,0.6135471803030828,0.3333333333333333,0.8047463764661036,0.15635643146892297,0.14115373578300158,True,True,True,1.0,1,0.14115373578300158,0.3813056870833104,0.474716610881389,Low
0.598973264855088,0.7675297342110744,0.75,0.7434216189448066,0.907393226338667,0.2209598303584243,True,True,True,1.0,1,0.2209598303584243,0.7081767373125974,0.8724911769426726,High
0.08858386619395937,0.5481067964232887,0.6666666666666666,0.13209362943854844,0.2558343242237314,0.4881519813245548,True,True,True,1.0,1,0.4881519813245548,0.31718103446180285,0.25382250755414715,Low
0.5174988008215381,0.8286375559157036,0.9166666666666666,0.6439082862185405,0.6261487861778445,0.45457123451816195,True,True,True,1.0,1,0.45457123451816195,0.6830660720847279,0.7474923861115085,High
0.4911000202499146,0.3228922953997196,0.8333333333333334,0.2781150280045179,0.6240769117772035,0.1117442401383925,True,True,True,1.0,1,0.1117442401383925,0.5179043278247486,0.6656687068904444,High
0.8703587832307398,0.7669339074565655,0.25,0.3605289205260907,0.002174825597439071,0.45087571461585346,True,True,True,1.0,1,0.45087571461585346,0.5878006693959621,0.6238557199689274,Medium
0.4576152518361279,0.36770751972014815,0.8333333333333334,0.5327498358219758,0.5606520560394078,0.30022928627563694,True,True,True,1.0,1,0.30022928627563694,0.5325944605312858,0.61070865395756,Medium
0.10361783257927162,0.520054529042169,0.5833333333333334,0.24123512898786084,0.6068495072652761,0.5980942045387856,True,True,True,1.0,1,0.5980942045387856,0.34693316913212285,0.2495805147430979,Low
0.5872796494569779,0.7354467082018656,0.5,0.621470055989022,0.155167511942145,0.09414752662888758,True,True,True,1.0,1,0.09414752662888758,0.5596649582162809,0.7274361852534119,High
0.543653594837062,0.2628671173619804,0.5833333333333334,0.40551400865984893,0.5981197831104789,0.018168826275785175,True,True,True,1.0,1,0.018168826275785175,0.4870649072509204,0.6620356429138844,High
0.8708365715778281,0.6274059560991377,0.6666666666666666,0.7284069259211626,0.5291931760566061,0.38007287130209616,True,True,True,1.0,1,0.38007287130209616,0.732909163382069,0.8422880617023721,High
0.3312012463361885,0.6278774025364896,0.16666666666666666,0.792778913694039,0.7710452866043176,0.0321482407539102,True,True,True,1.0,1,0.0321482407539102,0.44777173240494234,0.6049331219822383,Medium
0.9067093637980269,0.1784741498095591,0.25,0.5297618812818752,0.3121335742235203,0.3142482703873065,True,True,True,1.0,1,0.3142482703873065,0.5325681210316621,0.6051515942285337,Medium
0.15301407974151368,0.42212037999206403,0.4166666666666667,0.3685636363626069,0.6021054254188163,0.16096754970401694,True,True,True,1.0,1,0.16096754970401694,0.32602994740649394,0.3943291441829133,Low
0.09784908382168264,0.7679166663874337,0.6666666666666666,0.8683886785028876,0.2550326661074174,0.3077933299747437,True,True,True,1.0,1,0.3077933299747437,0.4383984346005237,0.4840407202265346,Medium
0.8423476004716757,0.5603898991558905,0.9166666666666666,0.26054031646641534,0.2795162456904258,0.15778259259293004,True,True,True,1.0,1,0.15778259259293004,0.6863560095688659,0.8687258056084805,High
0.2714599341006136,0.6879217103852988,0.3333333333333333,0.622489611805918,0.3983518738237833,0.15268829649468418,True,True,True,1.0,1,0.15268829649468418,0.41491913094694205,0.5143104358304316,Medium
0.6820683159711173,0.8424067794096611,0.3333333333333333,0.7139136048573964,0.8345784472339334,0.6009713548646006,True,True,True,1.0,1,0.6009713548646006,0.6628245541461789,0.6632422297197237,High
0.9003711015717978,0.39140221773297673,0.5,0.7368375266642356,0.5765517612506496,0.44305935787734063,True,True,True,1.0,1,0.44305935787734063,0.6697678129668031,0.7345653739685535,High
0.09453673608122609,0.3521404431880958,0.9166666666666666,0.6899798858499034,0.7800387001742772,0.26962204367043896,True,True,True,1.0,1,0.26962204367043896,0.43857797500586104,0.49931322062176375,Medium
0.013152924506807401,0.8961535333089021,0.75,0.13120674233040805,0.9236861526291007,0.23751835346361533,True,True,True,1.0,1,0.23751835346361533,0.4399811659604543,0.5138022919581594,Medium
0.31958303926421944,0.49469387619322946,0.8333333333333334,0.406617873377572,0.3668803946927864,0.648431120312692,True,True,True,1.0,1,0.648431120312692,0.4707884844180362,0.3923850635365403,Low
0.593909272416696,0.27810432392388396,0.5833333333333334,0.37087045277807335,0.3291692097161574,0.45765762814667166,True,True,True,1.0,1,0.45765762814667166,0.479855206667545,0.47944158540479226,Low
0.3741525372771173,0.23090879269658973,0.8333333333333334,0.6902534738106173,0.6996807611556718,0.15149218966448655,True,True,True,1.0,1,0.15149218966448655,0.5015028636134604,0.6284742023367813,Medium
0.8717769458583503,0.3195783687614852,0.75,0.7008629526325063,0.44937482735664985,0.17530075777628218,True,True,True,1.0,1,0.17530075777628218,0.6776502300945528,0.8503933985043312,High
0.7893557462088234,0.5281864935333007,0.25,0.3299383582904911,0.4851688180856234,0.07861777071017954,True,True,True,1.0,1,0.07861777071017954,0.552890314827801,0.7246580503067932,High
0.2795896639634615,0.5685634284458778,0.6666666666666666,0.1399194041133786,0.4377659507068268,0.3576331280737154,True,True,True,1.0,1,0.3576331280737154,0.41665042008991404,0.4358502281914677,Low
0.36253995196793865,0.5607678300357325,0.3333333333333333,0.14894231575633016,0.4721578966733832,0.5326261587039166,True,True,True,1.0,1,0.5326261587039166,0.38594623470395995,0.326598050860664,Low
0.4766070525659647,0.43223376150923754,0.4166666666666667,0.39548109080761745,0.6179438688210418,0.2359414601228345,True,True,True,1.0,1,0.2359414601228345,0.46176540262443266,0.5430282268185663,Medium
0.58944303842573,0.5924969083664281,0.5,0.5139062967523617,0.5106849316228299,0.574706393832039,True,True,True,1.0,1,0.574706393832039,0.5567357198810968,0.5342841195344269,Medium
0.13240528805274626,0.3300702412969696,0.08333333333333333,0.5638039296648599,0.6238177110392601,0.20845217822907441,True,True,True,1.0,1,0.20845217822907441,0.2544049942175711,0.28157330730334446,Low
0.7628782782529513,0.6431573736446785,0.75,0.3619265992391822,0.6317065624148029,0.07227051925209081,True,True,True,1.0,1,0.07227051925209081,0.6831461021955149,0.8981965142862276,High
0.05431140705409624,0.8135016138135586,0.16666666666666666,0.814702994153618,0.11744133182002427,0.13372649656272992,True,True,True,1.0,1,0.13372649656272992,0.31097265151504777,0.3852885178121968,Low
0.8209888883031076,0.5109522198213043,0.5833333333333334,0.25821540272105037,0.5097098856080119,0.6833054750072505,True,True,True,1.0,1,0.6833054750072505,0.6240451947850768,0.5798875491749755,Medium
0.5459679202593308,0.5031658838858069,0.08333333333333333,0.8748641960709753,0.2505067894714778,0.13486291375100812,True,True,True,1.0,1,0.13486291375100812,0.4482241101018057,0.565064927927611,Medium
0.2078607353016585,0.31587119139174674,0.6666666666666666,0.7392933510893797,0.9590946480824063,0.403023220123182,True,True,True,1.0,1,0.403023220123182,0.4494906656495247,0.46109212175794845,Low
0.1414339556731802,0.7757564590864168,0.6666666666666666,0.596194709846672,0.40163275936030624,0.09271468806224628,True,True,True,1.0,1,0.09271468806224628,0.4448409543405866,0.5772259017605897,Medium
0.1132156114298449,0.9119501652655053,0.75,0.801729638810489,0.8642111873831535,0.9729242764625775,True,True,True,1.0,1,0.9729242764625775,0.5442703602444033,0.36104666711236555,Low
0.17842871400109678,0.8791677318577668,0.3333333333333333,0.6514524767624512,0.2911028653411618,0.03281715431858752,True,True,True,1.0,1,0.03281715431858752,0.40812723284902,0.5526126606173392,Medium
0.19291360250814632,0.6138264472100987,0.5,0.773740868868496,0.1649976687236624,0.3179975741320998,True,True,True,1.0,1,0.3179975741320998,0.39380458420449416,0.4214650597748838,Low
0.336971764593739,0.49909444736163083,0.25,0.3949552455296192,0.7542152550891469,0.03816020753320906,True,True,True,1.0,1,0.03816020753320906,0.39952464537169835,0.5392118745258498,Medium
0.4662607978372756,0.27725774108354706,0.25,0.3892401710961127,0.17667998977808014,0.15691083844427114,True,True,True,1.0,1,0.15691083844427114,0.348547883439039,0.4254953656004797,Low
0.6736216611421992,0.6891404666296913,0.75,0.6237495658100803,0.40196414159877747,0.5784229836165695,True,True,True,1.0,1,0.5784229836165695,0.6598481285237037,0.6682163426723904,High
0.644746090236247,0.3457945879953711,0.5833333333333334,0.39773076010287545,0.10955400852860442,0.27018135268642884,True,True,True,1.0,1,0.27018135268642884,0.49445249722338774,0.5724613970268265,Medium
0.022566432842826188,0.24202592507061377,0.6666666666666666,0.9155604580035033,0.36678461883328417,0.5571679056999672,True,True,True,1.0,1,0.5571679056999672,0.3189995991682653,0.22902313370070065,Low
0.5019880911455458,0.8167841368735832,0.16666666666666666,0.19175671765480354,0.0809921190835108,0.05505558693779964,True,True,True,1.0,1,0.05505558693779964,0.4247602808400997,0.5656930711407785,Medium
0.5153741001652108,0.8303665072779242,0.6666666666666666,0.7295976781529994,0.4556764223013099,0.31444238473777164,True,True,True,1.0,1,0.31444238473777164,0.6240836849004334,0.725243671702365,High
0.34706585765204767,0.27129751913308864,0.5833333333333334,0.1740909122164385,0.5112247670058925,0.28659102192844876,True,True,True,1.0,1,0.28659102192844876,0.37828408147633663,0.41345710689205767,Low
0.6277680328456792,0.6852272210530259,0.5,0.7834305383990845,0.8925229463258969,0.5357270273998181,True,True,True,1.0,1,0.5357270273998181,0.6557480058213749,0.6796516379768799,High
0.7309915425462792,0.20353461060538747,0.8333333333333334,0.8527809945396065,0.16268404139662776,0.4916796451060994,True,True,True,1.0,1,0.4916796451060994,0.6013167093998794,0.6255297322052226,Medium
0.8098823494248804,0.613072585829397,0.6666666666666666,0.2186653529975857,0.3359703021781127,0.41063670391135715,True,True,True,1.0,1,0.41063670391135715,0.6353643557867347,0.702162596656129,High
0.7713620927037069,0.45077360900782876,0.75,0.14862967124937163,0.3098394106749246,0.44521497125874465,True,True,True,1.0,1,0.44521497125874465,0.5945464670754782,0.6349435134932957,Medium
0.6985588496877013,0.8929023447498958,0.5,0.3438219884205803,0.14654958321036538,0.7306291622076709,True,True,True,1.0,1,0.7306291622076709,0.6070411659881544,0.538917523760814,Medium
0.43939913985773293,0.7527875896540618,0.75,0.3242819288622637,0.24608341539330045,0.005306636474436335,True,True,True,1.0,1,0.005306636474436335,0.5333537082994619,0.7278839728253123,High
0.4061501146579399,0.9049038883357908,0.75,0.3883809917204787,0.10278011554808719,0.5252892904251636,True,True,True,1.0,1,0.5252892904251636,0.5425569342571906,0.5351328318465032,Medium
0.6151441991474335,0.528365683488793,0.16666666666666666,0.3216609042191994,0.7300335427251946,0.11646176961954843,True,True,True,1.0,1,0.11646176961954843,0.4902335943845047,0.627476062785151,Medium
0.7311123193727072,0.5397111826064397,1.0,0.8714760316317638,0.3167421180110545,0.3070239142866197,True,True,True,1.0,1,0.3070239142866197,0.7192089792346527,0.8530744768563583,High
0.5502845437685631,0.3527351323592302,0.6666666666666666,0.23720410515363127,0.6147042603159806,0.7891333073378737,True,True,True,1.0,1,0.7891333073378737,0.5091850138595657,0.3873767564138991,Low
0.7020096529820131,0.1760024861425222,0.5,0.6796887893948805,0.10654390861999599,0.3506914166842255,True,True,True,1.0,1,0.3506914166842255,0.4946276282227973,0.5409761741244746,Medium
0.11483519887499236,0.5690947414053167,0.5,0.45591482928101407,0.32027711892538807,0.7391490951633671,True,True,True,1.0,1,0.7391490951633671,0.3373722226517005,0.18146059028148936,Low
0.9501713668962362,0.47770969246483697,0.3333333333333333,0.46422140589860167,0.18965542558854673,0.04237544557027432,True,True,True,1.0,1,0.04237544557027432,0.6076648350668433,0.810859022949602,High
0.5295461321968005,0.7074934437985521,0.4166666666666667,0.748564988805167,0.5131067007848018,0.530588184547319,True,True,True,1.0,1,0.530588184547319,0.562817643930761,0.5596496657127282,Medium
0.5742475092389588,0.2564482200677977,0.9166666666666666,0.7838948346531811,0.2772300412122906,0.05576653591535422,True,True,True,1.0,1,0.05576653591535422,0.5704344686290237,0.7566969209943132,High
0.5719634754746666,0.26397062252712633,0.5833333333333334,0.38560427327243746,0.7232241679114875,0.46361681354199186,True,True,True,1.0,1,0.46361681354199186,0.5091290254803511,0.5155333721026872,Medium
0.7302589974575531,0.3040869590968115,0.8333333333333334,0.4702599048908243,0.4108709678998982,0.22336639443069958,True,True,True,1.0,1,0.22336639443069958,0.6077007447481224,0.7396087330204334,High
0.34989651685382833,0.11624774522236545,0.0,0.869617342682099,0.49714442805283643,0.5048116281192321,True,True,True,1.0,1,0.5048116281192321,0.299884332859498,0.22454760613611652,Low
0.3621328059848456,0.7481259268195602,0.08333333333333333,0.705620674949224,0.4826617690011854,0.22035095573157643,True,True,True,1.0,1,0.22035095573157643,0.4299732188195579,0.5074236383429276,Medium
0.7020531760211046,0.3912683575948358,0.75,0.3255705407397015,0.7944721121187065,0.04089627205756028,True,True,True,1.0,1,0.04089627205756028,0.6210792072132498,0.8290560437136619,High
0.4412991691496065,0.895824958912851,0.5833333333333334,0.27658980354723656,0.18958492161802343,0.23429835464910045,True,True,True,1.0,1,0.23429835464910045,0.5189687986256055,0.6187889327385123,Medium
0.745053856910092,0.5176661595220525,0.8333333333333334,0.5265694057844864,0.23119140918498887,0.17665777277131564,True,True,True,1.0,1,0.17665777277131564,0.6439975228320615,0.8056696615194191,High
0.23230612505030512,0.3532938170103632,0.8333333333333334,0.5969192856643574,0.422921822158498,0.006543882869400457,True,True,True,1.0,1,0.006543882869400457,0.43223199087114694,0.5946142586447406,Medium
0.3250193622266919,0.4545427959695266,0.5833333333333334,0.133943187801919,0.20872308164722086,0.16972986871800586,True,True,True,1.0,1,0.16972986871800586,0.37184959769616277,0.45104293069948165,Low
0.47816829088288093,0.6779447553723623,0.08333333333333333,0.5368194928324197,0.22328518695238855,0.09972469236824148,True,True,True,1.0,1,0.09972469236824148,0.41953340207277234,0.5412332663164141,Medium
0.8749624990990352,0.3728079763427449,0.6666666666666666,0.27428915370428925,0.2718742800701001,0.13038641821056124,True,True,True,1.0,1,0.13038641821056124,0.6124962716189354,0.7825331476687892,High
0.7820165892579704,0.3180060102336874,0.9166666666666666,0.7512769503258828,0.622592620263983,0.0918150850865547,True,True,True,1.0,1,0.0918150850865547,0.6971281281422456,0.9088570736265492,High
0.53204614099584,0.6821697621722659,0.25,0.12909331402824573,0.7457468094682019,0.429547210286536,True,True,True,1.0,1,0.429547210286536,0.48673642118243393,0.49955075433915147,Medium
0.530813679017336,0.2975087314153667,0.16666666666666666,0.9071357689426042,0.8769803892580589,0.3528746983595633,True,True,True,1.0,1,0.3528746983595633,0.4835721670434074,0.5255992572955581,Medium
0.5177088387387342,0.42117826229707467,0.25,0.33236220907111513,0.782870218275717,0.018689930259242475,True,True,True,1.0,1,0.018689930259242475,0.45284243068959185,0.6168930341778297,Medium
0.9625432395058316,0.6932991379121947,0.75,0.43737424080224996,0.20472343821059,0.3070471002137211,True,True,True,1.0,1,0.3070471002137211,0.7378868912860557,0.8775911988946978,High
0.250653482630149,0.7905674284732649,0.6666666666666666,0.8924343033981689,0.2711615567454335,0.27585980061111337,True,True,True,1.0,1,0.27585980061111337,0.5080677980944062,0.5881026670204564,Medium
0.44167683514108497,0.28483574408590195,0.75,0.8267994130406493,0.6235790259872553,0.5002441739310824,True,True,True,1.0,1,0.5002441739310824,0.5286757267764048,0.5267714787788268,Medium
0.1791245473239643,0.06891962950568226,1.0,0.7895721951066766,0.8178717333944076,0.011905883486497043,True,True,True,1.0,1,0.011905883486497043,0.4461781376808306,0.6108146180051368,Medium
0.7972085410364,0.3493290263137034,0.16666666666666666,0.35528056780922435,0.2608938796410235,0.4638224014077343,True,True,True,1.0,1,0.4638224014077343,0.4836999997556588,0.48206168225355334,Low
0.08520752493449965,0.09925477982195237,0.4166666666666667,0.658711252066414,0.5499331440910525,0.028922840456838527,True,True,True,1.0,1,0.028922840456838527,0.2581317388872703,0.35718854650577336,Low
0.5524277892204257,0.7959266400450131,0.75,0.43478180543176065,0.6680266060501246,0.010827464042393658,True,True,True,1.0,1,0.010827464042393658,0.6404372848453616,0.8663199728214955,High
0.4644831716868024,0.28047153299999134,0.5833333333333334,0.6660759767400108,0.5686333098809446,0.15400122568950025,True,True,True,1.0,1,0.15400122568950025,0.48202517060348155,0.6019097789694259,Medium
0.6220813300512149,0.6645761524748542,0.5,0.902225812356518,0.21831725840819088,0.706852432995984,True,True,True,1.0,1,0.706852432995984,0.5938020695919276,0.5308996694059072,Medium
0.4885142300257445,0.21228294133130196,0.6666666666666666,0.3001781351569904,0.6055247891909327,0.16849905078092162,True,True,True,1.0,1,0.16849905078092162,0.4617659060446838,0.5695963562696508,Medium
0.44114562092005927,0.7141851487319646,0.8333333333333334,0.6858376683722229,0.4408134866667634,0.18351052829367512,True,True,True,1.0,1,0.18351052829367512,0.5986270602849819,0.7433944822141357,High
0.5157258613957938,0.5489160906176934,0.08333333333333333,0.4467571306538024,0.4015517755265068,0.1788270709781523,True,True,True,1.0,1,0.1788270709781523,0.4175711199665538,0.5074959459336398,Medium
0.6742987760490878,0.5881701626180486,0.75,0.8443882825518577,0.34480671894752124,0.45895225674313295,True,True,True,1.0,1,0.45895225674313295,0.6562730430931828,0.7105848102217107,High
0.718182638267228,0.5713819710352022,0.6666666666666666,0.34597438808089576,0.45133977489416616,0.5204853315263432,True,True,True,1.0,1,0.5204853315263432,0.6146141991447711,0.6316432143475363,Medium
0.6366464109463464,0.5378551912167209,0.25,0.7434020536604962,0.1996603191836852,0.05219453134738155,True,True,True,1.0,1,0.05219453134738155,0.5065358399063009,0.6741991236909581,High
0.7137282493330546,0.7250277822066575,0.5,0.7885874886289462,0.3085910287320669,0.5255309666316216,True,True,True,1.0,1,0.5255309666316216,0.6402147079106547,0.6632714726325009,High
0.7675105505161265,0.661597562618533,0.5833333333333334,0.48726069899886737,0.6854592406875565,0.010081382920964397,True,True,True,1.0,1,0.010081382920964397,0.6732623933654662,0.9097163307074195,High
0.6511484660328821,0.37230022387710754,0.75,0.14635112091638147,0.16882295973580969,0.506931341765376,True,True,True,1.0,1,0.506931341765376,0.5164368392537935,0.5080664039640229,Medium
0.2667049118588687,0.3060728811890231,0.25,0.3008109243859691,0.942475467881482,0.048261016704972945,True,True,True,1.0,1,0.048261016704972945,0.3422251802080972,0.459993292576367,Low
0.5194471493973498,0.1964466500418011,0.08333333333333333,0.1518548054323711,0.30414877799338064,0.1300525241370439,True,True,True,1.0,1,0.1300525241370439,0.30933521477654197,0.3845856907603774,Low
0.37750471846712186,0.3334619518977713,0.5833333333333334,0.3430819047709191,0.1227923214394365,0.1103201070871339,True,True,True,1.0,1,0.1103201070871339,0.3809483670541053,0.48639365260465256,Medium
0.654295755609803,0.2564133510761488,0.6666666666666666,0.27328843918952933,0.7033892943403202,0.07486424223080246,True,True,True,1.0,1,0.07486424223080246,0.5440020791454693,0.7144655815048694,High
0.17417171266009832,0.8095342590765889,0.75,0.21220406485313967,0.12093881054316304,0.11627135638597166,True,True,True,1.0,1,0.11627135638597166,0.4148898244189874,0.5286176140772293,Medium
0.3640591027428543,0.5133469942313117,0.3333333333333333,0.5062692610260104,0.4927842085947776,0.26515717999838534,True,True,True,1.0,1,0.26515717999838534,0.41486505357214953,0.4699347598186364,Low
0.6092784410825034,0.17613251172860458,0.4166666666666667,0.33542651726204825,0.7390557053899306,0.5244388799714031,True,True,True,1.0,1,0.5244388799714031,0.4697194343772535,0.4398253430674028,Low
0.4278103980301282,0.5731124455527278,0.9166666666666666,0.630062449629289,0.30273736265188056,0.08638595618486287,True,True,True,1.0,1,0.08638595618486287,0.5623599628840472,0.7340324815585508,High
0.4915643486333913,0.1285026931161853,0.25,0.13255293709440222,0.574824885844116,0.5407695299754245,True,True,True,1.0,1,0.5407695299754245,0.34306406037044546,0.2670818180954107,Low
0.4901232431674656,0.2837673519350013,0.3333333333333333,0.906187600647147,0.72631101810387,0.7998803709577972,True,True,True,1.0,1,0.7998803709577972,0.4827192961957549,0.34839120771973775,Low
0.01078947641191357,0.4680553727152138,0.75,0.8428297022551765,0.5477216082401645,0.604393487559571,True,True,True,1.0,1,0.604393487559571,0.3869819961573423,0.2996869268190359,Low
0.45308663412689243,0.7063150578975526,0.3333333333333333,0.1928454560095984,0.549317634160561,0.3082728727995828,True,True,True,1.0,1,0.3082728727995828,0.46338064091395004,0.516655801839672,Medium
0.5567415652590725,0.9325931426031248,0.25,0.5372826281257759,0.7670529968740133,0.7954694477655168,True,True,True,1.0,1,0.7954694477655168,0.5896488171242329,0.49053731511793125,Medium
0.7038402895339453,0.7239949101417609,0.3333333333333333,0.47508497267344396,0.6949603644322649,0.6270579991224415,True,True,True,1.0,1,0.6270579991224415,0.6100062982191679,0.5836106254673206,Medium
0.21168239494142266,0.17835576395888028,0.5833333333333334,0.45118991141464265,0.22867353927272846,0.6492847835111742,True,True,True,1.0,1,0.6492847835111742,0.30499712250374894,0.17434912666043503,Low
0.8927951692287907,0.4022793428594433,0.8333333333333334,0.5940250283172841,0.20099486530918975,0.529574872668441,True,True,True,1.0,1,0.529574872668441,0.6837425922927189,0.7188346709525004,High
0.2698840388503385,0.6319986922534734,0.16666666666666666,0.7269163993366283,0.5339082552294023,0.2823327040683144,True,True,True,1.0,1,0.2823327040683144,0.3937691527807665,0.4354679338415702,Low
0.4832229694620903,0.5514842661244775,0.8333333333333334,0.35344944950194523,0.33774217987342076,0.6008339698379146,True,True,True,1.0,1,0.6008339698379146,0.5393718706139349,0.5011913623935081,Medium
0.3818706719173687,0.26123664806861835,0.4166666666666667,0.7455360980006601,0.29700411043174196,0.5659138651259017,True,True,True,1.0,1,0.5659138651259017,0.39258295255724474,0.3221997187326955,Low
0.3516272226258656,0.45447567951673523,0.4166666666666667,0.1809566211324354,0.2574937942706246,0.1947429627757074,True,True,True,1.0,1,0.1947429627757074,0.3587243998273326,0.42395494748398044,Low
0.1896797754100088,0.5288503639337159,0.3333333333333333,0.6041176743699314,0.21806425239546334,0.27154122770760847,True,True,True,1.0,1,0.27154122770760847,0.3305268422939528,0.35667589781297854,Low
0.5254520807042237,0.597319599916695,0.25,0.16750706263365375,0.5550920258228992,0.6526549125930984,True,True,True,1.0,1,0.6526549125930984,0.4519046611106838,0.3659249560732387,Low
0.6995351898107837,0.9119241769539568,0.4166666666666667,0.8314045060485712,0.057545714214067595,0.10575320531200336,True,True,True,1.0,1,0.10575320531200336,0.6344272666747021,0.8210343250776304,High
0.1498586935187801,0.2525205676089893,0.25,0.6337023254977143,0.5015959449368105,0.5913824902114222,True,True,True,1.0,1,0.5913824902114222,0.27397741797276237,0.15642668392444564,Low
0.08235828345033219,0.5917926544467125,0.5,0.2457142008872453,0.8182827020427487,0.4848040544364173,True,True,True,1.0,1,0.4848040544364173,0.3577015345624748,0.3083485789989377,Low
0.5613539071453721,0.7240908041409578,0.6666666666666666,0.3273951157638991,0.5345502886362158,0.4031730275769676,True,True,True,1.0,1,0.4031730275769676,0.5888875974596852,0.6440743934676512,High
0.4798586481440177,0.3145833053644854,0.6666666666666666,0.360401901180068,0.2708923309674274,0.5151485051240628,True,True,True,1.0,1,0.5151485051240628,0.451322876878587,0.41932867328109463,Low
0.18877957918360166,0.5740693488664032,0.9166666666666666,0.9406634712667591,0.25232501087630643,0.6651437978724123,True,True,True,1.0,1,0.6651437978724123,0.49295788299436116,0.41491197407194685,Low
0.3963335557532172,0.6517443582078253,0.4166666666666667,0.8017131526079299,0.8221069902121424,0.024947501243896254,True,True,True,1.0,1,0.024947501243896254,0.5345976415581926,0.7217802832747009,High
0.3733442861351264,0.2027245342315725,0.0,0.6880308361187932,0.055381103793031496,0.10896700112801706,True,True,True,1.0,1,0.10896700112801706,0.26422381529154754,0.3336563620199041,Low
0.6169537832532597,0.6030192509191155,0.3333333333333333,0.2275588054140494,0.31381171598824487,0.5846245330533802,True,True,True,1.0,1,0.5846245330533802,0.488189082292023,0.44036890097262377,Low
0.7875311799341383,0.5926912529494205,0.5833333333333334,0.6793618786364045,0.5843471695095447,0.054208895325671455,True,True,True,1.0,1,0.054208895325671455,0.676588294044801,0.8967004786684761,High
0.5080955642534217,0.8899847206960402,0.5,0.6233339493105311,0.5851483190043617,0.03485756514380249,True,True,True,1.0,1,0.03485756514380249,0.6020833966720661,0.8064915745401378,High
0.29372045353986354,0.9090432059138398,0.75,0.832711140539145,0.6823411450236246,0.8094093509569107,True,True,True,1.0,1,0.8094093509569107,0.6008020511549904,0.4996912393478251,Medium
0.589516780820169,0.42328011470231897,0.8333333333333334,0.7560666388164132,0.31265244399893205,0.4771777276694122,True,True,True,1.0,1,0.4771777276694122,0.5940013102167326,0.6216366394432148,Medium
0.8741204186709013,0.7644888091982005,0.75,0.19442896758769884,0.22250895678247468,0.4384143451298241,True,True,True,1.0,1,0.4384143451298241,0.6942397217450179,0.7685290939784104,High
0.28951595360919846,0.5280634481715099,0.16666666666666666,0.298001733547737,0.5987562921591532,0.44282303830706293,True,True,True,1.0,1,0.44282303830706293,0.3444282069820037,0.30745695826074676,Low
0.4881963605966484,0.14850792357645298,0.6666666666666666,0.2500114511323627,0.3646853754877072,0.10271248652683578,True,True,True,1.0,1,0.10271248652683578,0.4197831449492903,0.5403842257663992,Medium
0.5547280942198453,0.47855749311438656,0.4166666666666667,0.6814885383364503,0.58685990962624,0.11275770809673105,True,True,True,1.0,1,0.11275770809673105,0.5277709144404178,0.6782252296749984,High
0.1612623673757758,0.1879601073396587,0.5833333333333334,0.9071823662195924,0.6357305297323274,0.652255777826756,True,True,True,1.0,1,0.652255777826756,0.37305492468010076,0.2625450648787351,Low
0.17089445690815844,0.7228443390454862,0.8333333333333334,0.705950342866409,0.48401867845716795,0.14735167867397173,True,True,True,1.0,1,0.14735167867397173,0.4985902193713851,0.6262806905763356,Medium
0.32914751492632327,0.13954888706504587,0.75,0.26818161991101913,0.403147905566633,0.34487618759752703,True,True,True,1.0,1,0.34487618759752703,0.3767017359313038,0.38841916664121034,Low
0.03676299327689623,0.682442998935621,0.8333333333333334,0.6256751027448745,0.8128463350033076,0.06154154734629524,True,True,True,1.0,1,0.06154154734629524,0.4617126075393676,0.6116599494971061,Medium
0.1383231029101121,0.5098458446911726,0.4166666666666667,0.9390127442384675,0.3560583182155978,0.49952701454941156,True,True,True,1.0,1,0.49952701454941156,0.37013884968101923,0.31888015427473226,Low
0.48345826107855255,0.26334762050294824,0.5833333333333334,0.11979315045944999,0.5252723451369338,0.1940184653519694,True,True,True,1.0,1,0.1940184653519694,0.42722604475831577,0.514189451484199,Medium
0.6046369140828107,0.6940021296981838,0.75,0.722831872604715,0.42266836265950186,0.6200557447185371,True,True,True,1.0,1,0.6200557447185371,0.6452052150991827,0.6325885002623931,Medium
0.5189000541834318,0.46977150823581415,0.5,0.9600579236246523,-0.002639005072875821,0.646856823760097,True,True,True,1.0,1,0.646856823760097,0.4972562151757132,0.4277598437888415,Low
0.3929999903990491,0.20835312462488403,0.25,0.2036072474484325,0.23219858590524436,0.482284277130517,True,True,True,1.0,1,0.482284277130517,0.29245120441996414,0.22366136855674404,Low
0.13633693263015162,0.30240402986093073,0.3333333333333333,0.11561530591851726,0.024230385471359365,0.06587158679272141,True,True,True,1.0,1,0.06587158679272141,0.19566681482990111,0.2606110709365999,Low
0.29315968640793155,1.0,0.75,0.8711951905829948,0.6943371283259308,0.7763223011294899,True,True,True,1.0,1,0.7763223011294899,0.6238171064540652,0.5429460947901673,Medium
0.05909710016818982,0.6876496412332735,0.3333333333333333,0.516834007560589,0.28984963524134233,0.5152378531245412,True,True,True,1.0,1,0.5152378531245412,0.30850379926079047,0.23175859210809485,Low
0.6385526438888064,0.3327372607906111,0.4166666666666667,0.08588234723686423,0.29341041039789945,0.011445285657258325,True,True,True,1.0,1,0.011445285657258325,0.4432311188104545,0.6071263474745023,Medium
0.6158300086387805,0.5875380792278552,0.5833333333333334,0.2029782998495348,0.7853087643790245,0.24225906208774825,True,True,True,1.0,1,0.24225906208774825,0.5793349923906058,0.6949194767124847,High
0.27212281855244264,0.7372626440820815,0.08333333333333333,0.657130210401808,0.261608645247446,0.07785560414068103,True,True,True,1.0,1,0.07785560414068103,0.3648422084689854,0.4780334351419329,Low
0.5172914149949956,0.18885105153581844,0.08333333333333333,0.13357742314343005,0.34401379013429295,0.5556507064247306,True,True,True,1.0,1,0.5556507064247306,0.3091125642996009,0.21663819441844695,Low
0.7541355323696288,0.7180300333931451,0.75,0.743734653458497,0.5075533905615981,0.7535293442345964,True,True,True,1.0,1,0.7535293442345964,0.72038902402849,0.6787328964602037,High
0.27267573344280216,0.6717808753451882,0.5833333333333334,0.13054700260668425,0.8399044709269499,0.1996122577648953,True,True,True,1.0,1,0.1996122577648953,0.4571382824661886,0.5512634808578943,Medium
0.7282795086539763,0.36280065492645386,0.4166666666666667,0.5373489951047571,0.6221481749500664,0.4338721391406907,True,True,True,1.0,1,0.4338721391406907,0.563154984785697,0.5981918058154979,Medium
0.7022838214077527,0.24976365761345146,0.9166666666666666,0.39013361538065056,0.5450581501309958,0.5561935794277296,True,True,True,1.0,1,0.5561935794277296,0.6077187699702894,0.6085223805471752,Medium
0.6669399023874166,0.3090851924883116,0.25,0.12206157973068042,0.47019809773352095,0.1602437382899256,True,True,True,1.0,1,0.1602437382899256,0.4378189671990491,0.5414037733542999,Medium
0.24686378640437226,0.7376225654219647,0.6666666666666666,0.6636874768989084,0.6953306926029859,0.04202386543090081,True,True,True,1.0,1,0.04202386543090081,0.5155051779296645,0.689983220640204,High
0.574906406241023,0.5570790110453023,0.16666666666666666,0.19376331365361205,0.5434104834790187,0.5199464573998303,True,True,True,1.0,1,0.5199464573998303,0.4484290777520661,0.41363879398652187,Low
0.10203792951529411,0.6536680945928769,0.5833333333333334,0.3725928882926392,0.47241438209995223,0.18134668642047702,True,True,True,1.0,1,0.18134668642047702,0.3727161844306189,0.44760464825994817,Low
0.07838705280953821,0.48455685144509225,0.25,0.18406191406630906,0.7075011519571496,0.34707224280809057,True,True,True,1.0,1,0.34707224280809057,0.2674224980151796,0.2440601587974078,Low
0.5461480796295443,0.7078952974801144,0.8333333333333334,0.3125601769474863,0.3172491335435942,0.41537111458650544,True,True,True,1.0,1,0.41537111458650544,0.5896858890636154,0.640317454712189,High
0.8736052844441157,0.5231556346415078,0.5833333333333334,-0.03479026493040522,0.7261106545775701,0.0660731817800851,True,True,True,1.0,1,0.0660731817800851,0.6398719463373309,0.8438147828042319,High
0.6986830090197315,0.3554686081552839,0.4166666666666667,0.5829517929396775,0.4714007052059217,0.07076468376595621,True,True,True,1.0,1,0.07076468376595621,0.5393355083868427,0.7099528668736784,High
0.23520630020543104,0.8984528695972699,0.9166666666666666,0.3947643691085174,0.5998567278426958,0.1199045815722256,True,True,True,1.0,1,0.1199045815722256,0.556568537030081,0.7132238620802726,High
0.11205020725478616,0.84939616688763,0.9166666666666666,0.3208032121966985,0.7369388647961201,0.2438698791347523,True,True,True,1.0,1,0.2438698791347523,0.5038068573120558,0.5951093838249855,Medium
0.4622587267871188,0.24537848019711203,0.25,0.8749503147421498,0.3972637831870337,0.23144402435311845,True,True,True,1.0,1,0.23144402435311845,0.4112005965471883,0.4784035464828214,Low
0.7142892265702461,0.8075062875706603,0.16666666666666666,0.30040997841957473,0.8939030505904814,0.18835641208766804,True,True,True,1.0,1,0.18835641208766804,0.5999815843765695,0.7432641693839342,High
0.5786379009156511,0.3997785701336992,1.0,0.3062452043979475,0.3360219385733065,0.12002612635130702,True,True,True,1.0,1,0.12002612635130702,0.5756375886901258,0.7382154408931278,High
0.7332178536638545,0.24457880325902642,0.3333333333333333,0.7290509071815945,0.3047289172066855,0.02033137781863457,True,True,True,1.0,1,0.02033137781863457,0.5122475512228418,0.6942509333963651,High
0.5035346892646305,0.19612184662008847,0.3333333333333333,0.4599817064234873,0.9347958959440448,0.245947301492687,True,True,True,1.0,1,0.245947301492687,0.4467826719332898,0.5194129086332552,Medium
0.20038702887452103,0.7383872652294529,0.9166666666666666,0.8589804417325219,0.6105638433460465,0.18253258109710427,True,True,True,1.0,1,0.18253258109710427,0.5581200264368892,0.6905901771134555,High
0.25433658781061946,0.20302577960281615,0.5,0.48365917403880654,0.1906556527996267,0.506748931815852,True,True,True,1.0,1,0.506748931815852,0.3097712737286544,0.23676693100031912,Low
0.8353677561512421,0.680140270587473,0.9166666666666666,0.5178157046156454,0.39427724053876234,0.2707529395592098,True,True,True,1.0,1,0.2707529395592098,0.7447177844267656,0.9008580983807566,High
0.5333984162722268,0.37121721629605015,0.08333333333333333,0.5027125179563956,0.26624054697168736,0.4741988004265514,True,True,True,1.0,1,0.4741988004265514,0.3811647829275758,0.34333574024201663,Low
0.05343222566010358,0.45417283586671986,0.4166666666666667,0.3395393564817321,0.6086994082404377,0.10402551584080452,True,True,True,1.0,1,0.10402551584080452,0.29036466724293575,0.3699283503207908,Low
0.8725908471227127,0.6318583620014094,0.3333333333333333,0.3630271906626837,0.40027932448463444,0.1505392722560785,True,True,True,1.0,1,0.1505392722560785,0.6184053294307655,0.7823535184980203,High
0.18789388553684416,0.7584201110108918,0.8333333333333334,0.9622278527990259,0.4975373152442589,0.5061674247672385,True,True,True,1.0,1,0.5061674247672385,0.5394847598879112,0.5386314204316802,Medium
0.7631809307709414,0.6410784129384266,0.4166666666666667,0.8602031518152289,0.4513339048369683,0.10592584665380339,True,True,True,1.0,1,0.10592584665380339,0.6479750938946149,0.8387558884188147,High
0.6698839940235657,0.2068251557696345,0.25,0.2267835746586167,0.6704912485271961,0.31573582407087164,True,True,True,1.0,1,0.31573582407087164,0.4490461110819345,0.49489334853701916,Medium
0.8752297421903497,0.5201764848577753,0.25,0.6279635819726759,0.3160833476651112,0.33176897192252586,True,True,True,1.0,1,0.33176897192252586,0.5985318868114737,0.684866325365237,High
0.38164790035599405,0.5026521815931607,0.8333333333333334,0.32476308477849863,0.14088520840087523,0.05937218971158833,True,True,True,1.0,1,0.05937218971158833,0.4664210924456339,0.6186972043213966,Medium
0.8051107657135017,0.07400084602620163,0.6666666666666666,0.27263831860168086,0.397286648535532,0.04710293846625725,True,True,True,1.0,1,0.04710293846625725,0.5371703055376956,0.716430781103513,High
0.04209626649218827,0.555415927091554,0.8333333333333334,0.7643246770902792,0.7459312505136226,0.010266732719292697,True,True,True,1.0,1,0.010266732719292697,0.44561395144224303,0.6107194961462579,Medium
0.6014802315962618,0.12927070286861284,0.16666666666666666,0.8946061556347676,0.592643212883909,0.06760927656616054,True,True,True,1.0,1,0.06760927656616054,0.4485045033974283,0.5919262164351845,Medium
0.6094477549781672,0.43597320211793766,0.25,0.2444017350792761,0.2933940868429625,0.20298423239031999,True,True,True,1.0,1,0.20298423239031999,0.4347533246070783,0.5205416093768698,Medium
0.7338555628520163,0.9251126378612509,0.5833333333333334,0.4278617883885303,0.7601556883593709,0.4520654975740652,True,True,True,1.0,1,0.4520654975740652,0.7140331670545135,0.7891421755050044,High
0.36052969514526345,0.9695913791549308,0.6666666666666666,0.7315110695938377,0.4485957887824554,0.04497918257885689,True,True,True,1.0,1,0.04497918257885689,0.5894741730600542,0.7859472869754911,High
0.25209980270022675,0.23007548204507325,0.16666666666666666,0.3214613404284311,0.6018675405310329,0.13544557578680075,True,True,True,1.0,1,0.13544557578680075,0.2725212389183851,0.3341210019720473,Low
0.17899115058814163,0.36470780223293564,0.8333333333333334,0.14114652714923726,0.20496496775720194,0.002990075783297474,True,True,True,1.0,1,0.002990075783297474,0.3458158368391544,0.4825416637949665,Medium
0.4006919075395285,0.4850766387490107,0.8333333333333334,0.8151957048848198,0.36372546024133423,0.6573122110080203,True,True,True,1.0,1,0.6573122110080203,0.5418508739448956,0.4821981538397025,Medium
0.13479760297347526,0.5475839610924251,0.75,0.6590478761359689,0.6804670817124667,0.040814284958928075,True,True,True,1.0,1,0.040814284958928075,0.4473873291927188,0.6010145650150529,Medium
0.41717639739996965,0.7573736477867926,0.9166666666666666,0.46060783060700555,0.697742128789182,0.33597959969294733,True,True,True,1.0,1,0.33597959969294733,0.6175136177902985,0.7081324387158383,High
0.8119074266078653,0.7788377133525123,0.6666666666666666,0.38537224492167177,0.25244766271954416,0.0019653801730121884,True,True,True,1.0,1,0.0019653801730121884,0.6776458374111034,0.9186693276413246,High
0.6284227596202832,0.8994621081225512,0.8333333333333334,0.3197798010790957,0.7271780208837362,0.5858865743581992,True,True,True,1.0,1,0.5858865743581992,0.7026239743355734,0.7214449332861985,High
0.8222361275156597,0.7902082178985614,0.8333333333333334,0.1563356521741211,0.19085662703107956,0.15966858713099577,True,True,True,1.0,1,0.15966858713099577,0.688321989173163,0.870564375301028,High
0.3305199577956854,0.2860643764290198,0.75,0.31745286589694494,0.03146709069682596,0.20863711499054655,True,True,True,1.0,1,0.20863711499054655,0.37431285406345527,0.4389507556832807,Low
0.4711106592508536,0.809066060986335,0.3333333333333333,0.3351553012086217,0.20839659651542314,0.3887298240148053,True,True,True,1.0,1,0.3887298240148053,0.4712793323366796,0.49533326298337504,Medium
0.36092106639154126,0.6846867293444644,0.6666666666666666,0.47644884889613526,0.43593997497813314,0.0984808706943711,True,True,True,1.0,1,0.0984808706943711,0.5058779881462695,0.655101807072191,High
0.6470665009571536,0.7449297923370323,0.16666666666666666,0.5975645429095785,0.584076622740313,0.3100081908994802,True,True,True,1.0,1,0.3100081908994802,0.5593100087485904,0.64193649549182,High
0.5222198639754725,0.695649864320239,0.3333333333333333,0.22157997781362643,0.4881984084135198,0.041397868996416544,True,True,True,1.0,1,0.041397868996416544,0.48566242374361807,0.6510434746292203,High
0.4509174683006404,0.17874851348341136,0.6666666666666666,0.7157742877513875,0.6595812009421951,0.3681482422000534,True,True,True,1.0,1,0.3681482422000534,0.48698557221963,0.5240646994328394,Medium
0.521022218079259,0.23021016754248194,0.4166666666666667,0.7545751129875039,0.6332129245080369,0.14750963332380432,True,True,True,1.0,1,0.14750963332380432,0.4765630578230874,0.597294732485838,Medium
0.6386274330995703,0.6491801395214133,0.25,0.2525093540266456,0.06428338058677932,0.48044521118016675,True,True,True,1.0,1,0.48044521118016675,0.46696627460545326,0.4535405330212597,Low
0.4480254586484153,0.06412638345363633,0.0,0.07927696320898116,0.7871134640305145,0.12475849032925909,True,True,True,1.0,1,0.12475849032925909,0.278674502874043,0.3464107609827644,Low
0.6715145126162688,0.42032129650502675,0.6666666666666666,0.6846413916111415,0.9469478939602122,0.7290154313765234,True,True,True,1.0,1,0.7290154313765234,0.6491623262379815,0.5948622637922718,Medium
0.24115140771530819,0.13562907957789117,0.75,0.10425682211707435,0.1593353405629527,0.44254364296360504,True,True,True,1.0,1,0.44254364296360504,0.2999455952697042,0.24915716613624145,Low
0.8344540772587997,0.3177498757973358,0.25,0.8159068187790909,0.3597486165637156,0.4097241783235968,True,True,True,1.0,1,0.4097241783235968,0.5648971495972678,0.6099919953799321,Medium
0.6960269342187154,0.6209748662685343,0.75,0.24254368365495138,0.709424516251604,0.6539055156088194,True,True,True,1.0,1,0.6539055156088194,0.6478025669318487,0.6226646874932769,Medium
0.15523390231484724,0.5270082711866249,0.5,0.3303899189679517,0.3541323258618504,0.6903877754622771,True,True,True,1.0,1,0.6903877754622771,0.33594743964624413,0.19879817614225928,Low
0.718129307219327,0.34467394071011864,0.75,0.15384537339976498,0.2657451128076184,0.6536462142405944,True,True,True,1.0,1,0.6536462142405944,0.5481455596504928,0.49190780792659455,Medium
0.6491178624141642,0.24043697565162817,0.8333333333333334,0.2536034632490688,0.5820812656902179,0.5498185726730801,True,True,True,1.0,1,0.5498185726730801,0.5579696796565866,0.5457084399467536,Medium
0.6516711558844026,-0.012187733995363877,0.16666666666666666,0.959143680119214,0.1987780844650064,0.10382207372261741,True,True,True,1.0,1,0.10382207372261741,0.4073564253464437,0.5236296761852369,Medium
0.4255778647726763,0.43244695775941533,0.5833333333333334,0.2879612510216062,0.7795996409953091,0.03985623221059796,True,True,True,1.0,1,0.03985623221059796,0.4801432933293118,0.6444036314268792,High
0.6853110307272463,0.7094789712841312,0.5,0.8321134626615,0.3058642914450802,0.12355896276134586,True,True,True,1.0,1,0.12355896276134586,0.6298179819583828,0.8079677102543131,High
0.7240500249064238,0.5937189437198341,0.75,0.3678006503028328,0.5263150509395204,0.5295263446910932,True,True,True,1.0,1,0.5295263446910932,0.6477753688307717,0.6716254395062425,High
0.5313280336331649,0.6148846229173411,0.6666666666666666,0.7329883696932115,0.45179992834996985,0.111495669261912,True,True,True,1.0,1,0.111495669261912,0.5873203011743856,0.7569163292202279,High
0.7103135659173387,0.8753176198061933,1.0,0.03643008123181312,0.7513567173931731,0.6127412287889813,True,True,True,1.0,1,0.6127412287889813,0.7379676301906729,0.7572756720653002,High
0.34998346975474165,0.682442039140024,0.5,0.6764844569147742,0.5084512404052217,0.5996007314257311,True,True,True,1.0,1,0.5996007314257311,0.4949753654619011,0.44338038198734087,Low
0.08754794894761915,0.7562229805167824,0.5,0.49231290382477516,0.5478201464964109,0.07192971836051491,True,True,True,1.0,1,0.07192971836051491,0.3902770807145228,0.5137661888108247,Medium
0.393720827555172,0.5664761483582175,0.6666666666666666,0.44531190078496585,0.806616761297545,0.1989269087919474,True,True,True,1.0,1,0.1989269087919474,0.5293097602352967,0.6463013989308025,High
0.10148260997802087,0.7721500011537352,0.3333333333333333,0.678088605927518,0.5804272451586282,0.6135459268661424,True,True,True,1.0,1,0.6135459268661424,0.38754129599723675,0.29681593597956024,Low
0.8336068790619664,0.8325631157672441,0.5,0.30023906399324735,0.21793660944481433,0.07634673858075161,True,True,True,1.0,1,0.07634673858075161,0.6517729421220416,0.8553948658776737,High
0.4972644921046643,0.2588561689882135,0.5,0.4035753788244279,0.24309235563518705,0.7769780691669842,True,True,True,1.0,1,0.7769780691669842,0.4153438040854699,0.26894271132565734,Low
0.644788486297403,0.028797843200395298,0.8333333333333334,0.8282691010187162,0.32929419279680733,0.1891600184664223,True,True,True,1.0,1,0.1891600184664223,0.5460979592072593,0.6721933372563675,High
0.5829263458853923,0.555831716744238,0.9166666666666666,0.3412147413084077,0.62390633250614,0.26945344301737445,True,True,True,1.0,1,0.26945344301737445,0.6241823224177927,0.7430956058724532,High
0.6545181850723144,0.3588419580784741,0.6666666666666666,0.5525788388187645,0.784527768846087,0.8509807768343095,True,True,True,1.0,1,0.8509807768343095,0.6006196597444391,0.48307558437728426,Medium
0.7153837594866662,0.495952235198774,0.5,0.6459504655296406,0.30120753688146557,0.03160819993497565,True,True,True,1.0,1,0.03160819993497565,0.580059751075532,0.7788524726794531,High
0.17871319902258465,0.7427029864761835,0.5,0.19520325299628413,0.24716099137549968,0.3043031095672234,True,True,True,1.0,1,0.3043031095672234,0.36426230134144894,0.38806789929502084,Low
0.2099820877217723,0.48871998773279723,0.8333333333333334,0.5976507268246912,0.09443366172366649,0.08634352766365797,True,True,True,1.0,1,0.08634352766365797,0.4176119381567708,0.5439814218579487,Medium
0.8617112630534599,0.6454137080627247,0.8333333333333334,0.87258016520459,0.34559168156263137,0.13597366375580555,True,True,True,1.0,1,0.13597366375580555,0.7622510981773178,0.9769743492708034,High
0.8700884091212286,0.3422342751412692,0.9166666666666666,0.5152153277290636,0.35169101204480574,0.3975318076633924,True,True,True,1.0,1,0.3975318076633924,0.6865061859874656,0.7744790193072759,High
0.5531341041727719,0.15094145093087405,0.75,0.2817064347514059,0.8684970243894714,0.23846644846617066,True,True,True,1.0,1,0.23846644846617066,0.5164622777693714,0.6138557052685143,Medium
0.40671835053184197,0.5271614090566522,0.5,0.380936753763203,0.5874642959623098,0.11953000119340988,True,True,True,1.0,1,0.11953000119340988,0.4649597269966185,0.5930804342818778,Medium
0.23774462319746736,0.7398552073896223,0.3333333333333333,0.20247344756057634,0.25038609915399224,0.3551209049223424,True,True,True,1.0,1,0.3551209049223424,0.355021512095035,0.35591530991611664,Low
0.16537019446307005,0.16081186566885405,0.4166666666666667,0.7394071261073594,0.36351371815778105,0.22001859351782552,True,True,True,1.0,1,0.22001859351782552,0.29193586867884624,0.32629853873854375,Low
0.6681547670172047,0.6034193999327816,0.75,0.6547373967984627,0.5994762563141509,0.6886419642130284,True,True,True,1.0,1,0.6886419642130284,0.6633671521046997,0.6294187846038158,Medium
0.6858726178213957,0.7225067812238742,0.16666666666666666,0.9427056154217518,0.5000550759725186,0.18899932435104563,True,True,True,1.0,1,0.18899932435104563,0.5964598058460935,0.7383864815806844,High
0.77179020600105,0.6518506085513087,0.8333333333333334,0.669578705811721,0.15778321808618007,0.192833073133209,True,True,True,1.0,1,0.192833073133209,0.6884890631671386,0.8577193321614124,High
0.4630129874050571,0.24985123180906732,0.25,0.1804673029008498,0.18105233594483763,0.46183547558628624,True,True,True,1.0,1,0.46183547558628624,0.321327405208405,0.26963389673010446,Low
0.3183666863199102,0.40271133151448496,0.75,0.23005703274811176,0.2581768789207267,0.04349688019911963,True,True,True,1.0,1,0.04349688019911963,0.4067123319977449,0.5465477172645328,Medium
0.15689517922233945,0.36929423961259394,0.5,0.24269296504388982,0.11170859822318661,0.13717516373363026,True,True,True,1.0,1,0.13717516373363026,0.2720570759381622,0.33283017880831384,Low
0.6284392507795252,0.5903306487553631,0.75,0.04700775246994875,0.10334836493710095,0.3446014439561268,True,True,True,1.0,1,0.3446014439561268,0.5344774418035877,0.5957017403174241,Medium
0.5368110262638711,0.571459626745712,0.5,0.47924296425578855,-0.03520405021537126,0.0016419017846487126,True,True,True,1.0,1,0.0016419017846487126,0.4734202272587326,0.6506293164577468,High
0.670072894072719,0.2050175671275234,0.8333333333333334,0.5029026282625382,0.13819115002211085,0.565435604017193,True,True,True,1.0,1,0.565435604017193,0.5398087155497239,0.515709396206487,Medium
0.8290196230443523,0.6928244654814032,0.9166666666666666,0.5823040288339856,0.4979824689002733,0.5893318975251391,True,True,True,1.0,1,0.5893318975251391,0.7615347254207808,0.797443081400992,High
0.7822811791571578,0.6307693529580599,0.8333333333333334,0.8100468413781603,0.25746888109163774,0.28308726874879514,True,True,True,1.0,1,0.28308726874879514,0.7124845811681216,0.853674029826126,High
0.37146061196797014,0.5017917286976245,0.4166666666666667,0.3753409954266096,0.4929755199896426,0.1270095359844163,True,True,True,1.0,1,0.1270095359844163,0.41910757540167154,0.5299258458993193,Medium
0.525783415360796,0.26230968551247846,0.08333333333333333,0.6429105978778014,0.6096518397779167,0.4698999002096335,True,True,True,1.0,1,0.4698999002096335,0.40469821367905257,0.37593080682252533,Low
0.6390760960615244,0.6339487327840174,0.4166666666666667,0.4994563581843021,0.6322970067195238,0.19521222124418333,True,True,True,1.0,1,0.19521222124418333,0.5789288548051292,0.7129192582293928,High
0.6313312301975539,0.35978281827825315,0.16666666666666666,0.6151688039125125,0.7706394141346267,0.10996187750039152,True,True,True,1.0,1,0.10996187750039152,0.49640321087271944,0.6381378405816663,Medium
0.6392119464143116,0.5054526274329187,0.4166666666666667,0.17893775647784943,0.3539247533042416,0.10147875158176677,True,True,True,1.0,1,0.10147875158176677,0.49339488836385087,0.6375293728344129,Medium
0.20583870618970568,0.42168091416931835,0.5833333333333334,0.19364932521364475,0.4230476700146918,0.1320528629447433,True,True,True,1.0,1,0.1320528629447433,0.3450080314992463,0.430639465091519,Low
0.6538990325110762,0.3312445459492834,0.9166666666666666,0.7841887056812559,0.5699452640125912,0.06680632096189847,True,True,True,1.0,1,0.06680632096189847,0.6465552524970052,0.8523017883027083,High
0.7410933703785061,0.6347045601320735,0.08333333333333333,0.5810684324603606,0.49305857310058837,0.19291688734305434,True,True,True,1.0,1,0.19291688734305434,0.5474576274005787,0.6724987728260112,High
0.6269964005749917,0.5657997427794952,0.5833333333333334,0.6751914510490787,0.25839517311647836,0.12698697328177602,True,True,True,1.0,1,0.12698697328177602,0.5739838378691181,0.7333018364338656,High
0.7776236072610029,0.33282499022543893,0.16666666666666666,0.4336111583575685,0.36589510098580497,0.6001766511651804,True,True,True,1.0,1,0.6001766511651804,0.4908984002171597,0.4378000720454777,Low
0.4801479197873239,0.578268717350163,0.5,0.6457464098791474,0.7510077276325214,0.5577784290889821,True,True,True,1.0,1,0.5577784290889821,0.5473883251361291,0.5286785139441696,Medium
0.5226220766485946,-0.053438926952708,0.4166666666666667,0.2030009140290226,0.4340147109948913,0.6948467871806229,True,True,True,1.0,1,0.6948467871806229,0.3453959411046209,0.20944841685645385,Low
0.2374842021947967,0.5579218511130503,0.75,0.750149635224121,0.4403573897812131,0.11442433850268371,True,True,True,1.0,1,0.11442433850268371,0.47562875360106216,0.6091011345184265,Medium
0.022162814979255693,0.8126131209975552,0.5,0.18134125913098764,0.5192542313232298,0.5572528830222675,True,True,True,1.0,1,0.5572528830222675,0.3414472992366351,0.25846560066989577,Low
0.18168457251683293,0.34356146609299204,0.4166666666666667,0.1987605051361914,0.5322012294788198,0.41628348773825935,True,True,True,1.0,1,0.41628348773825935,0.29781562902016606,0.25670493633876684,Low
0.3950899249899952,0.6948542147896313,0.6666666666666666,0.7173767913568505,0.19534429150132063,0.5115502760833286,True,True,True,1.0,1,0.5115502760833286,0.5216122545730748,0.5130426825659289,Medium
0.6204365757455345,0.38482348946573763,0.08333333333333333,0.6161811699876953,0.2095698445860669,0.306588671300257,True,True,True,1.0,1,0.306588671300257,0.4243810963154042,0.466109185441095,Low
0.4119478862640612,0.7928681642845908,0.6666666666666666,0.44208691069257106,0.2115364933899175,0.10209682543581944,True,True,True,1.0,1,0.10209682543581944,0.5220484611041248,0.6749107326640673,High
0.16468315857825913,0.6494766559954309,0.5,0.7179706467040319,0.7997922025795748,0.4756397988493884,True,True,True,1.0,1,0.4756397988493884,0.44754487955875055,0.42993140181303047,Low
0.5132548487857285,0.5906799936885916,0.16666666666666666,0.057947843738695166,0.4150314564482086,0.10467185171726938,True,True,True,1.0,1,0.10467185171726938,0.4040692016040335,0.5189784906344697,Medium
0.5787696551673234,0.5813679155708449,0.5833333333333334,0.42233673239312003,0.15661522963099206,0.5268856568225597,True,True,True,1.0,1,0.5268856568225597,0.5223433080501763,0.5079615852831242,Medium
0.5405495204738645,0.25704152520018264,0.5833333333333334,0.38026807419487735,0.5714344093536374,0.3438034108768701,True,True,True,1.0,1,0.3438034108768701,0.4794650282511005,0.5237796338374073,Medium
0.5352152493091968,0.5831553382465493,0.25,0.7811827621865676,0.3123530795235796,0.6568683652126133,True,True,True,1.0,1,0.6568683652126133,0.4900707515440033,0.41438082534923365,Low
0.8043913859904468,0.08453572047141618,0.6666666666666666,0.7179186254053836,0.5799689609389154,0.6214958449935293,True,True,True,1.0,1,0.6214958449935293,0.6017857904582252,0.5750074149287633,Medium
0.38748623445312264,0.3455226729515479,0.6666666666666666,0.5334252471468484,0.4951459064116376,0.018634162564054303,True,True,True,1.0,1,0.018634162564054303,0.4602894770607406,0.6266936751056068,Medium
0.35420357235666705,0.4273443929213709,0.75,0.2777543178928028,0.27164504336785156,0.2784416733196807,True,True,True,1.0,1,0.2784416733196807,0.4320902436530064,0.4873199180004419,Medium
0.3837817796148966,0.11581847725407061,0.3333333333333333,0.7199771340802711,0.7031875217820689,0.3578705105846513,True,True,True,1.0,1,0.3578705105846513,0.38565953954967347,0.3950627749355347,Low
0.3842568744324531,0.5881538251804745,0.5833333333333334,0.5567902094907796,0.5350058706620006,0.4827889429834335,True,True,True,1.0,1,0.4827889429834335,0.49717978949102093,0.4922904582696224,Medium
0.3924163120860473,0.2718904129848864,0.4166666666666667,0.7104455809447329,0.15376132648017007,0.27415460457621016,True,True,True,1.0,1,0.27415460457621016,0.3810986315072199,0.42205193163668886,Low
0.6319583611967275,0.8834084634672023,0.6666666666666666,0.7921628187973938,0.14847807882014472,0.5819090882438043,True,True,True,1.0,1,0.5819090882438043,0.6568624602672187,0.6629226043796621,High
0.21561175040808875,0.6695173750070544,0.25,0.8479826214507592,0.8173314399806116,0.7013163889627859,True,True,True,1.0,1,0.7013163889627859,0.4366795813077835,0.32676386513194755,Low
0.8409149647438864,0.7467428165140799,0.5833333333333334,0.584991338538345,0.10136563724818089,0.015980075991600822,True,True,True,1.0,1,0.015980075991600822,0.6710169134456898,0.9044441426568577,High
0.6567067125649275,0.4162599184458717,1.0,0.6428285291932956,0.43941995804352346,0.05623707715295019,True,True,True,1.0,1,0.05623707715295019,0.6541595174388273,0.8664504269585938,High
0.6192720161610895,0.6084848375949999,0.75,0.6906141739663993,0.7352202831780512,0.09409823463273229,True,True,True,1.0,1,0.09409823463273229,0.6619892196978809,0.8618169841396981,High
0.7108370243772418,0.9562835972318271,0.5833333333333334,0.45615174056362867,0.876153798928696,0.06444480884693767,True,True,True,1.0,1,0.06444480884693767,0.7254887498131614,0.9568791621377645,High
0.9010763980001522,-0.0008473677658181275,0.9166666666666666,0.6705425602219387,0.42502830601792574,0.036384178526587714,True,True,True,1.0,1,0.036384178526587714,0.6531515056042171,0.8729474296534429,High
0.6851701914930551,0.7829140584033428,0.6666666666666666,0.13969052822712824,0.7464771407359142,0.6239359823549936,True,True,True,1.0,1,0.6239359823549936,0.6526009885075282,0.6407713113836928,High
0.19491883639905852,0.731076590929426,0.75,0.7350335895150318,0.1660703871054387,0.20711980923211865,True,True,True,1.0,1,0.20711980923211865,0.4642932504075557,0.5577011904588032,Medium
0.21492597132918928,0.8867687278622742,0.3333333333333333,0.6331626996090925,0.6392908932289895,0.5741743438863423,True,True,True,1.0,1,0.5741743438863423,0.45723616005460543,0.4038414266499247,Low
0.39012267150287,0.5871984139882069,0.9166666666666666,0.7732997479796739,0.36969157359596416,0.12040167190944151,True,True,True,1.0,1,0.12040167190944151,0.5711212168896865,0.7321370818519213,High
0.5333615859417107,0.5915463507076075,0.8333333333333334,0.26450298801633243,0.6329699377226372,0.6648293390903481,True,True,True,1.0,1,0.6648293390903481,0.5880678637587694,0.5399242003808787,Medium
0.7938604892087364,0.3925041331229468,0.8333333333333334,0.13677448770784295,0.217921903136557,0.6992997438880822,True,True,True,1.0,1,0.6992997438880822,0.5981813280591906,0.5396252651408867,Medium
0.35178851810347955,0.9776865946814338,0.4166666666666667,0.4869812502426057,0.5542435500469688,0.013357390581646155,True,True,True,1.0,1,0.013357390581646155,0.5237085395399694,0.7120475396316753,High
0.601983778540845,0.43361918679192324,0.5833333333333334,0.3394380990838794,0.5315413301102108,0.6041486629721695,True,True,True,1.0,1,0.6041486629721695,0.5312819583607984,0.4892627953812228,Medium
0.2944364924309138,0.6955685866762759,0.9166666666666666,0.5229288312159588,0.26858543290609493,0.0028553932258596503,True,True,True,1.0,1,0.0028553932258596503,0.5193730740531595,0.7104916987408281,High
0.7672227420422381,0.17126837777979786,0.4166666666666667,0.21638627467216207,-0.14638683184051604,0.2612937821358834,True,True,True,1.0,1,0.2612937821358834,0.43147604998935285,0.4932684622289205,Medium
0.2742536575756856,0.292203538902437,0.75,0.12246962201478657,0.6605490003903975,0.057285373523512824,True,True,True,1.0,1,0.057285373523512824,0.39644403305128006,0.5276327981057808,Medium
0.724765097907662,0.7122738518114897,0.5,0.5470385149151757,0.4368872276467674,0.5659807119438578,True,True,True,1.0,1,0.5659807119438578,0.630753383781557,0.6349135677271064,Medium
0.5620196106232983,0.877474649664714,0.8333333333333334,0.2711375423331243,0.8580377455002041,0.023016786210046006,True,True,True,1.0,1,0.023016786210046006,0.6798869696322616,0.9133194021250004,High
0.3463104787657739,0.5913508364984674,0.8333333333333334,0.16566723925748789,0.6779693752313314,0.29608430329630375,True,True,True,1.0,1,0.29608430329630375,0.5078246869215516,0.5798164367924044,Medium
0.854770437003969,0.6756368590119407,0.5,0.7907266364803994,0.1473039092481394,0.20816802338732507,True,True,True,1.0,1,0.20816802338732507,0.6708386011768297,0.8285017454274556,High
0.1942252732685905,0.22058220825333297,0.5833333333333334,0.5061218228433281,0.5849332300543095,0.06518739426352965,True,True,True,1.0,1,0.06518739426352965,0.3475787229145333,0.4603552199591658,Low
0.6784781242105841,0.35573289336168984,0.3333333333333333,0.16447878071244762,0.760980161435768,0.08624736115547003,True,True,True,1.0,1,0.08624736115547003,0.5017503892380598,0.6545010060698983,High
0.06618996880892516,0.24359280016827334,0.9166666666666666,0.5498994707372965,0.7069856624080398,0.2678137249083051,True,True,True,1.0,1,0.2678137249083051,0.3842163942050918,0.42864369881416253,Low
0.8405315973431435,0.2263120056991823,0.3333333333333333,0.195266600503169,0.6421585243890734,0.21598165579072837,True,True,True,1.0,1,0.21598165579072837,0.5318842192329848,0.6429635596191231,High
0.5689459598310632,0.25805307398299115,0.5833333333333334,0.512857081371219,0.6957569082384829,0.3640322520586754,True,True,True,1.0,1,0.3640322520586754,0.5167170643566604,0.5647263502481242,Medium
0.6819810891363617,0.15413816587956897,0.8333333333333334,0.5905775513311925,0.9298395298473167,0.027885613267194187,True,True,True,1.0,1,0.027885613267194187,0.6223284436149761,0.8358216743167314,High
0.7207437702855323,0.8733894725623803,0.9166666666666666,0.4154770139427638,0.3574670663434563,0.420077637822952,True,True,True,1.0,1,0.420077637822952,0.7236031439886444,0.8143093762292594,High
0.8293585777693072,0.3293870303127231,0.6666666666666666,0.33565885171249843,0.6352099559702757,0.023578598306855568,True,True,True,1.0,1,0.023578598306855568,0.6280410512718783,0.8450195203244087,High
0.7750081382451761,0.8644261105333609,0.75,0.3784928181996112,0.20630184528851825,0.10212765718314964,True,True,True,1.0,1,0.10212765718314964,0.6913679437535557,0.897230996448296,High
0.08972510303903405,0.3886134553004278,0.8333333333333334,0.7328679071030715,0.6917139801290952,0.004031159035744101,True,True,True,1.0,1,0.004031159035744101,0.42273758766558256,0.583137046892023,Medium
0.5134948957558054,0.8333046989717182,0.75,0.6463620485987988,0.40702011339241,0.09720164880589814,True,True,True,1.0,1,0.09720164880589814,0.6273971142957867,0.8151717731010544,High
0.1313590945832231,0.33520578311088395,0.25,0.39935638928480216,0.25799593587241343,0.18407036122224932,True,True,True,1.0,1,0.18407036122224932,0.23532002697118762,0.2661176357371435,Low
0.6682172024986034,0.5498920565381487,0.75,0.46149194089108553,0.13491751915276545,0.4398432273878934,True,True,True,1.0,1,0.4398432273878934,0.5869062383114562,0.6270272558924147,Medium
0.6327438538150613,0.33817688901975856,0.3333333333333333,0.6448339337527585,0.40856771298060507,0.15323422954756538,True,True,True,1.0,1,0.15323422954756538,0.4927397506699793,0.6162811719867648,Medium
0.9327329787206166,0.6670980904203092,0.25,0.14561740780184546,0.24566916374792822,0.49290061522194983,True,True,True,1.0,1,0.49290061522194983,0.5956414667272859,0.6175966300962344,Medium
0.2926441810217889,0.27471045272740136,0.6666666666666666,0.5982305449645702,0.35072643703145867,0.02276959717851954,True,True,True,1.0,1,0.02276959717851954,0.40022879448713206,0.5461992843321317,Medium
0.5487587526918217,0.869511672029344,0.5833333333333334,0.6546129740561447,0.5427012205058485,0.0442767082791193,True,True,True,1.0,1,0.0442767082791193,0.6298039216054634,0.8391807652483977,High
0.20514238056304454,0.18942579507402388,1.0,0.32055917533071143,0.6823156801206786,0.6542211420757202,True,True,True,1.0,1,0.6542211420757202,0.4202295967851616,0.32371563481819393,Low
0.7492769214416226,0.14479808792804647,0.75,0.20850989034410827,0.6902061956944393,0.2798749290494581,True,True,True,1.0,1,0.2798749290494581,0.5685419947661131,0.6659293038923385,High
0.5130056769255261,0.22418551481516794,0.75,0.2910343419199756,0.8421813426090237,0.16636772650013745,True,True,True,1.0,1,0.16636772650013745,0.513360942186144,0.6381850812596569,Medium
0.714914641167878,0.8880332347561296,0.5,0.666927880663969,0.8578365818492368,0.43845241230889614,True,True,True,1.0,1,0.43845241230889614,0.7160489496696977,0.7971516661886375,High
0.26183115150712394,0.43734794732360616,0.3333333333333333,0.8540621977649882,0.5949167894062445,0.08251898740591643,True,True,True,1.0,1,0.08251898740591643,0.4037666154513607,0.5273078050053269,Medium
0.026083703833601257,0.27932860562423356,0.5833333333333334,0.6927453710616307,0.34042107599821064,0.34689465646107565,True,True,True,1.0,1,0.34689465646107565,0.2862825140309381,0.2688950903372039,Low
0.5474285676976847,0.3842366871686691,0.8333333333333334,0.29384140109374784,0.3366160857506217,0.418423647260224,True,True,True,1.0,1,0.418423647260224,0.5255311798639113,0.5548738074735264,Medium
0.7034503300195891,0.9185639366331033,0.16666666666666666,0.5005251245866135,0.29374674282672947,0.028813742210023596,True,True,True,1.0,1,0.028813742210023596,0.5778534394091239,0.7770561936684997,High
0.3802431715636726,0.6267070474455225,0.8333333333333334,0.10754873078010745,0.6347153881425143,0.40496768424639595,True,True,True,1.0,1,0.40496768424639595,0.5183317566735024,0.5507209711340099,Medium
0.08701127168836116,0.6343174636485027,0.16666666666666666,0.6037430342284883,0.6779588105083205,0.025635723485310145,True,True,True,1.0,1,0.025635723485310145,0.3231715192120592,0.4438867847692451,Low
0.5601335896595647,0.7887900774688062,0.4166666666666667,0.8995487707178054,0.12354105430463047,0.026553649249866647,True,True,True,1.0,1,0.026553649249866647,0.567453767193164,0.7642907601119856,High
0.34259761887926043,0.8011823289330784,0.6666666666666666,0.5456311326119901,0.18557055646848278,0.08984482337742634,True,True,True,1.0,1,0.08984482337742634,0.5037290155797005,0.6556819866962397,High
0.7565192305926685,0.5475835629218216,0.3333333333333333,0.6413484974978343,0.12354731372843133,0.3381245023597689,True,True,True,1.0,1,0.3381245023597689,0.555280652610725,0.6255697632367856,Medium
0.2836174262044204,0.7412951168688265,0.25,0.38484653816880715,0.9024114039679086,0.4018850864540007,True,True,True,1.0,1,0.4018850864540007,0.4404317880692051,0.44964530626306953,Low
0.3027148335561415,0.12195667640367899,0.75,0.29736820154118887,0.8226256064022598,0.6514265646459023,True,True,True,1.0,1,0.6514265646459023,0.4074766494975373,0.3080706782275135,Low
0.4996588659680618,0.8953372309487102,1.0,0.14021374816509743,0.24341790729144064,0.08357501085502966,True,True,True,1.0,1,0.08357501085502966,0.6172941581226207,0.8072735584827395,High
0.5506594806783214,0.28066233451189054,0.16666666666666666,0.2194684913749997,0.9379311290595779,0.11453161924340383,True,True,True,1.0,1,0.11453161924340383,0.42546955455049784,0.5431951265770971,Medium
0.8684765508940038,0.2571100982056488,0.4166666666666667,0.2775015905815927,0.26653630602999795,0.7039036175827932,True,True,True,1.0,1,0.7039036175827932,0.5365497629932237,0.456883626501656,Low
0.2190964148641756,0.7632397252742826,0.75,-0.04151334927484773,0.49088170666014486,0.507871993513617,True,True,True,1.0,1,0.507871993513617,0.43522334673905655,0.40105489894321916,Low
1.0,0.11409490210759007,0.5833333333333334,0.768544927319292,0.5891725416353938,0.08417825273471169,True,True,True,1.0,1,0.08417825273471169,0.6752573939836533,0.8831471060004815,High
0.2751439716790218,0.5741582155679673,0.5833333333333334,0.6299865157982119,0.370067124347007,0.7114760317754074,True,True,True,1.0,1,0.7114760317754074,0.4415612624663908,0.3291718017011086,Low
0.6091401104351807,0.6082110347463869,0.6666666666666666,0.6333813720021594,0.6198882226050614,0.1561110866528939,True,True,True,1.0,1,0.1561110866528939,0.6239585439174051,0.78745051659231,High
0.29033703463941474,0.9296160126022656,0.3333333333333333,0.4423098223703796,0.4105038054157281,0.010558407314469689,True,True,True,1.0,1,0.010558407314469689,0.4540060458214965,0.6216242066893618,Medium
0.845493481574164,0.26263814405974806,0.25,0.7389737899223514,0.3653191450748061,0.4611151933723258,True,True,True,1.0,1,0.4611151933723258,0.551154314941331,0.5717019894380728,Medium
0.6647361699269801,0.6094383707459519,0.5,0.23426341842254153,0.6869065672521297,0.6411363985244788,True,True,True,1.0,1,0.6411363985244788,0.5798991406874496,0.5385312164795852,Medium
0.3112754000285092,0.6034953509753954,0.16666666666666666,0.2785758475202196,0.7667368528281754,0.46109324224810694,True,True,True,1.0,1,0.46109324224810694,0.3830738335746556,0.3510051525678338,Low
0.7770787094997921,0.3186146508932174,0.25,0.8345787421425832,0.505025561192222,0.49387916155417383,True,True,True,1.0,1,0.49387916155417383,0.5585148443120408,0.568460405198163,Medium
0.3780432307091917,0.7189884003836864,0.75,0.5438310383221144,0.3017628129856288,0.06883393404138922,True,True,True,1.0,1,0.06883393404138922,0.5295743574911883,0.6978961342836906,High
0.541027060375399,0.44878603078810636,0.0,0.6293156906739191,0.7001346722809041,0.055843774342362686,True,True,True,1.0,1,0.055843774342362686,0.4391130666032633,0.5842291398087343,Medium
0.22089805251479133,0.5186062555330417,0.25,0.9134683142306628,0.1578536173481238,0.31476387568019715,True,True,True,1.0,1,0.31476387568019715,0.3492126652704035,0.36418552035654844,Low
0.4183364770068842,0.5192850679764028,0.6666666666666666,0.5419915980672583,0.21358925567136916,0.6051276725395043,True,True,True,1.0,1,0.6051276725395043,0.4800830231052303,0.42164811740367164,Low
0.1860958438218369,0.6407987320709174,0.75,0.3045570373629716,0.3052004836945856,0.5276081900656291,True,True,True,1.0,1,0.5276081900656291,0.4135738360486739,0.364852409929966,Low
0.48814613720705446,0.23373667595364322,0.9166666666666666,0.24166559545527458,0.36179361331698584,0.4716249615530752,True,True,True,1.0,1,0.4716249615530752,0.4856850442841098,0.48159458381382586,Low
0.626164270561826,0.7245583563874457,0.6666666666666666,0.30829315932133156,0.4997896594704376,0.17871523204511078,True,True,True,1.0,1,0.17871523204511078,0.6095189947147297,0.7595856192943482,High
0.188088791022506,0.6916876137514792,0.75,0.048783030436484354,0.8846741418665224,0.16494761975240832,True,True,True,1.0,1,0.16494761975240832,0.456918756389599,0.5646306016930974,Medium
0.6940131425330464,0.674292049024108,0.6666666666666666,0.8785476984895739,0.70836140907059,0.14758415534642766,True,True,True,1.0,1,0.14758415534642766,0.7044879109073898,0.8965521500601727,High
0.5326468461612848,0.7531125217521643,0.5,0.31469543743266337,0.29373796069646363,0.1529910901853521,True,True,True,1.0,1,0.1529910901853521,0.5245245826278595,0.658113425930433,High
0.26524787740798306,0.20819076588251895,0.25,0.32263806275538853,0.20880248236111124,0.5065116030117562,True,True,True,1.0,1,0.5065116030117562,0.25088135865134703,0.15953242300784293,Low
0.4836149467072683,0.5302644090848245,0.4166666666666667,0.23147445059235955,0.7812090732991492,0.1416624529631629,True,True,True,1.0,1,0.1416624529631629,0.48410054622235643,0.6094955332001082,Medium
0.531791009372077,0.30896566174562584,0.16666666666666666,0.34243999572529454,0.42724903719863655,0.40732626621476314,True,True,True,1.0,1,0.40732626621476314,0.38481177272368244,0.3744675594472711,Low
0.5121381362741197,0.3148122235083922,0.6666666666666666,0.29108588185937384,0.4059643885244181,0.4987251038489571,True,True,True,1.0,1,0.4987251038489571,0.47085605958303883,0.4514472210034388,Low
0.473772104627155,0.5260609673282044,0.25,0.9693334691014991,0.7433732888811245,0.27605773661955024,True,True,True,1.0,1,0.27605773661955024,0.5159917111147653,0.5984295376704653,Medium
0.6011023906312518,0.34364869876675885,0.6666666666666666,0.9989863736249639,0.4500405705475642,0.7971701493406084,True,True,True,1.0,1,0.7971701493406084,0.5874067237564387,0.48692328125535844,Medium
0.6828635584417979,0.07498805380641956,0.4166666666666667,0.21998983953948753,0.48169552625611994,0.750524315155019,True,True,True,1.0,1,0.750524315155019,0.4416449040508971,0.31389941011837647,Low
0.614848905972959,0.7267428025384973,0.5,0.349553619535006,0.742518484925032,0.24896105485274053,True,True,True,1.0,1,0.24896105485274053,0.6004953333428869,0.7200648909256255,High
0.033334011911781876,0.1570996512548624,0.5833333333333334,0.4847562976135812,0.5374975295776043,0.592739415326026,True,True,True,1.0,1,0.592739415326026,0.26364558440147046,0.14232548339037815,Low
0.5917140266025287,0.9310143250763958,0.16666666666666666,0.9361178945692337,0.2916504801981463,0.008446279068904706,True,True,True,1.0,1,0.008446279068904706,0.578998646466362,0.7865832768147638,High
0.5498141057651771,0.6735244146465023,0.6666666666666666,0.7428859862267589,0.6489157388698681,0.44343535239471726,True,True,True,1.0,1,0.44343535239471726,0.6271440310783674,0.6784482237076109,High
0.16727507335769892,0.6193087587067657,0.6666666666666666,0.8019772915786646,0.46251480221334496,0.39255495967446913,True,True,True,1.0,1,0.39255495967446913,0.450554323796967,0.46661254819620296,Low
0.34962862670355793,0.8269720297233412,0.5,0.0873161464590811,0.5662724843742603,0.09191121129093148,True,True,True,1.0,1,0.09191121129093148,0.47060471970942563,0.6113726615664307,Medium
0.08039776266508679,0.31786555006168243,0.8333333333333334,0.650349974248411,0.6179596169523868,0.04316001621893722,True,True,True,1.0,1,0.04316001621893722,0.3892298408651177,0.5237242619883663,Medium
0.3578464394099408,0.34143117988736427,0.3333333333333333,0.8506680175926631,0.22322701898453307,0.6144138933722443,True,True,True,1.0,1,0.6144138933722443,0.3854809820658355,0.29376863346298077,Low
0.6095610437671005,0.5858759134958519,0.6666666666666666,0.6312958407268022,0.3103862552992839,0.012899078671893355,True,True,True,1.0,1,0.012899078671893355,0.5885011431419526,0.7973068654562648,High
0.4443121465131953,0.1592099332749393,0.5,0.7111354579451066,0.5644491331103132,0.6121626095630818,True,True,True,1.0,1,0.6121626095630818,0.437125304365808,0.36246933125940967,Low
0.8645815391084055,0.43001355011746234,0.25,0.6976767744453509,0.32095618842428514,0.6561972666032322,True,True,True,1.0,1,0.6561972666032322,0.5836986219538183,0.5375873918276762,Medium
0.7102668898549024,0.47729552660164515,0.08333333333333333,0.24946324258585356,0.6376346844651879,0.21125007469601212,True,True,True,1.0,1,0.21125007469601212,0.4849423206340608,0.583188334075423,Medium
0.5315758493224145,0.23238437772106718,0.4166666666666667,0.8363176341774936,0.5919448876659019,0.05134076163250996,True,True,True,1.0,1,0.05134076163250996,0.48526680079085216,0.6466071984547446,High
0.3663132774408424,0.17675023871307532,0.3333333333333333,0.5739913906414937,0.4515656376424595,0.1679218594202156,True,True,True,1.0,1,0.1679218594202156,0.3510977282140141,0.42450599974645903,Low
0.26288240249289635,0.8419709949484243,0.8333333333333334,0.11113586792893207,0.765820189405872,0.22402060634717297,True,True,True,1.0,1,0.22402060634717297,0.5279094323869905,0.6345775210651837,Medium
0.5359726690295471,0.5123917207394061,0.25,0.25311663742695617,0.10318992808609617,0.10097571958579661,True,True,True,1.0,1,0.10097571958579661,0.40249806831100526,0.5183714555774976,Medium
0.3915357589981989,0.7667869476395829,0.75,0.6007991310242372,0.28761268457214695,0.6822418459565169,True,True,True,1.0,1,0.6822418459565169,0.5488128746868346,0.48151942898177014,Low
0.4622479264791516,0.40519038016408254,0.6666666666666666,0.33709511586714364,0.6443248738564181,0.18013107114405524,True,True,True,1.0,1,0.18013107114405524,0.49741257893016666,0.6118216100911377,Medium
0.5659605339803848,0.412467616209823,0.5833333333333334,0.2728253767920915,0.4485829140089589,0.30239732480998366,True,True,True,1.0,1,0.30239732480998366,0.49768523258089026,0.5640155020424993,Medium
0.4487585192863223,0.8795992217339602,0.5833333333333334,0.22684746898377606,0.6813997321409976,0.5647991781436766,True,True,True,1.0,1,0.5647991781436766,0.5629146388404651,0.5463003532667644,Medium
0.12472640666630308,0.5132417403208479,0.8333333333333334,0.5646547696967074,0.4105408359269667,0.3372454061399156,True,True,True,1.0,1,0.3372454061399156,0.41672513795972493,0.44397963883962543,Low
0.5659777357189121,0.41360545839358415,0.6666666666666666,0.8722877857824718,0.21156763420732022,0.3280557277592125,True,True,True,1.0,1,0.3280557277592125,0.5508310612985942,0.623693405731235,Medium
0.46563138773349094,0.6053631978804154,0.5833333333333334,0.6794421371941367,0.18904728384097744,0.2520769464350236,True,True,True,1.0,1,0.2520769464350236,0.5108408034396577,0.6011126213709012,Medium
0.6372858404853425,0.11242969859812148,0.25,0.6038157438073873,0.8760903059589439,0.06971972155794467,True,True,True,1.0,1,0.06971972155794467,0.4753908808903945,0.6263991955488499,Medium
0.6416306013866974,0.44874223366165555,0.5,0.8411786916984801,0.27098893867816476,0.13983516668964863,True,True,True,1.0,1,0.13983516668964863,0.5576174503246746,0.7067499639488329,High
0.7733123586707801,0.28213705572672976,0.3333333333333333,0.6661292212110074,0.8367218704311132,0.27820285576755693,True,True,True,1.0,1,0.27820285576755693,0.5827041304445367,0.6851841971821818,High
0.15204799195258398,0.9597123983465647,0.5833333333333334,0.25658562475606345,0.2958841978999084,0.3777441915873207,True,True,True,1.0,1,0.3777441915873207,0.4246753253826104,0.43846536827925187,Low
0.19729078538787376,0.6358079655313051,0.25,0.7543397166111205,0.22096602678766286,0.4403218647642558,True,True,True,1.0,1,0.4403218647642558,0.3536084816012889,0.32049680530815033,Low
0.1405702906486049,0.6156766340189886,0.16666666666666666,0.23220667733434006,0.41868725707430066,0.42150645716738616,True,True,True,1.0,1,0.42150645716738616,0.2777861698374371,0.22834689711868889,Low
0.4359536570689731,0.7741238432240132,0.6666666666666666,0.09994711568391006,0.8817244638161393,0.8041256021829181,True,True,True,1.0,1,0.8041256021829181,0.5607067227557302,0.44912371899277936,Low
0.5036926610783125,0.2469721799136351,0.08333333333333333,0.65366185644891,0.14896937683501627,0.27223114878852744,True,True,True,1.0,1,0.27223114878852744,0.34780129040911134,0.3790870938797419,Low
0.3366133422184998,0.21064379743643472,0.3333333333333333,0.7088890814154433,0.30423808389883117,0.2559549450072872,True,True,True,1.0,1,0.2559549450072872,0.344753479572781,0.38149668755159155,Low
0.2745732651618905,0.3921337762866452,0.6666666666666666,0.09155645803679567,0.30081886722901846,0.24275954104532577,True,True,True,1.0,1,0.24275954104532577,0.360826927182,0.4078006783799443,Low
0.6321852122671471,0.3388203389363982,1.0,0.6499779048535174,0.30008910776082537,0.02324265003186348,True,True,True,1.0,1,0.02324265003186348,0.6156448539555729,0.8288744865949574,High
0.8425876452000995,0.6239272063261704,0.16666666666666666,0.8322538905484398,0.5012502346408341,0.006229833316932723,True,True,True,1.0,1,0.006229833316932723,0.6285042451975347,0.8524619056731445,High
0.8431314364167266,0.5489646171502589,0.6666666666666666,0.7854919008490043,0.7823878415782227,0.07095735325635896,True,True,True,1.0,1,0.07095735325635896,0.7371668055727985,0.9696480729103795,High
0.6046678453440956,0.5309021308320333,0.75,0.07931809506495116,0.2590827854554202,0.5134477560481898,True,True,True,1.0,1,0.5134477560481898,0.531887652356082,0.5257877755935664,Medium
0.5116726708098944,0.4450552447236912,0.75,0.6821410265693358,0.22028269497047454,0.3746220759310478,True,True,True,1.0,1,0.3746220759310478,0.5339224894226772,0.5831470614515012,Medium
0.6054145257145788,0.5105506980758118,0.4166666666666667,0.10946828767518044,0.2554058592189821,0.4049888394762528,True,True,True,1.0,1,0.4049888394762528,0.46409669792374353,0.4794969032445949,Low
0.4443502899679888,0.22576846861548583,0.08333333333333333,0.2098833866323755,0.7397432771357542,0.12213349963894993,True,True,True,1.0,1,0.12213349963894993,0.3345231427537723,0.4207793369656981,Low
0.43322967497966175,0.12199705267738302,0.25,0.7705415590016286,0.2598137464865086,0.33777867411998647,True,True,True,1.0,1,0.33777867411998647,0.350726811076155,0.3571075576075773,Low
0.44604250560582953,0.7735212047497826,0.08333333333333333,0.3169700902373061,0.30668745445629,0.20369515018305936,True,True,True,1.0,1,0.20369515018305936,0.4121536643283146,0.4905860788081975,Medium
0.43590079442970064,0.14280469536470958,0.75,0.3386929258101217,0.8322003166978114,0.19879465139129524,True,True,True,1.0,1,0.19879465139129524,0.47001058109561555,0.5684880981321594,Medium
0.4390048128851906,0.5175208747957986,0.8333333333333334,0.20352803294348082,0.8290895920163179,0.36452063745693897,True,True,True,1.0,1,0.36452063745693897,0.5490345292758825,0.6069698331285576,Medium
0.47900596725022904,0.25052183723774296,0.6666666666666666,0.37422359476414574,0.7150153135066373,0.2623733002128188,True,True,True,1.0,1,0.2623733002128188,0.48396397850805184,0.5617647974864577,Medium
0.7353432177369149,0.3969840754601384,0.0,1.0,0.10342969636743851,1.0,True,True,True,1.0,1,1.0,0.48387707182353756,0.2710787063397073,Low
0.2897381962260182,0.18775202823886003,0.5833333333333334,0.3179288943751628,0.4305108049868986,0.11929240266626352,True,True,True,1.0,1,0.11929240266626352,0.3449563207410521,0.43559826943332586,Low
0.6135218132220174,0.8343221181847045,0.3333333333333333,0.597679609953161,0.6084971109843363,0.25621924288376074,True,True,True,1.0,1,0.25621924288376074,0.5995574876861642,0.7159742062440048,High
0.4755331007500814,0.4662427539249038,0.6666666666666666,0.5144432863118804,0.9526423935269317,0.05143758416637041,True,True,True,1.0,1,0.05143758416637041,0.5635036924022279,0.7493014560691567,High
0.7667471290612063,0.4709018554756453,0.75,0.3105929657666013,0.4417294221894073,0.054660833180738666,True,True,True,1.0,1,0.054660833180738666,0.6261114615152126,0.8302416179238131,High
0.5180817267407347,0.6796396929743892,0.6666666666666666,0.8520015379724196,0.8060430719110975,0.35734264069556093,True,True,True,1.0,1,0.35734264069556093,0.6422984236128568,0.7322617156037274,High
0.5671432173389785,0.3411927046165318,0.25,0.9423215453789353,0.4404866425378591,0.2110931379242315,True,True,True,1.0,1,0.2110931379242315,0.48337664665057717,0.5811942786694007,Medium
0.09964035148481892,0.30861608976040583,0.75,0.18483345148136235,0.21581666224627172,0.057868460274927105,True,True,True,1.0,1,0.057868460274927105,0.29164436991877213,0.38979128716195965,Low
0.6825985158652806,0.37679224971238473,0.8333333333333334,0.4235246871979753,0.37280182097178743,0.46131200456661087,True,True,True,1.0,1,0.46131200456661087,0.5946971737722323,0.6288003298500556,Medium
0.5732846205484713,0.6081720905191159,0.08333333333333333,0.3938079388387947,0.29111534375620124,0.2005404958021748,True,True,True,1.0,1,0.2005404958021748,0.43610726124937804,0.5232821123681374,Medium
0.46905161570389725,0.9778987626386717,0.16666666666666666,0.8252115430270042,0.2585564084793546,0.48929689002893945,True,True,True,1.0,1,0.48929689002893945,0.5249105272932625,0.5261398617355748,Medium
0.6245495925320685,0.7176097842800411,0.16666666666666666,0.7246493493562355,0.5446134818204927,0.19388694402054021,True,True,True,1.0,1,0.19388694402054021,0.5536014103198418,0.6801840050668403,High
0.30745046054655806,0.5254941776955662,0.5833333333333334,0.5847567486981826,0.632974711684097,0.0073278828553616825,True,True,True,1.0,1,0.0073278828553616825,0.46651883246263115,0.6393272674340064,Medium
0.06347673196038908,0.33621525799180396,0.75,0.3917184851727025,0.32896175377196046,0.04574021667952268,True,True,True,1.0,1,0.04574021667952268,0.3147017682769827,0.4248454777459183,Low
0.7982664479558207,0.3107920456981837,0.75,0.9623898831187968,0.6170981417872203,0.04419497767750511,True,True,True,1.0,1,0.04419497767750511,0.6894137908125668,0.9174863272467282,High
0.57327916955896,0.867812904203136,0.5,0.7109239334276881,0.27879603710678524,0.09746230252746353,True,True,True,1.0,1,0.09746230252746353,0.6018462457176585,0.7815184001284263,High
0.26245016126038967,0.5924720366198307,0.5833333333333334,0.12849900365979505,0.6677507646097774,0.4567430442072585,True,True,True,1.0,1,0.4567430442072585,0.41976611532174596,0.40089923607190986,Low
0.2605598646880222,0.4802973555131311,0.5833333333333334,0.4153250203215872,0.12114547550999505,0.33403332927638857,True,True,True,1.0,1,0.33403332927638857,0.37059713322765997,0.384674556908945,Low
0.05195984021652234,0.4654028317011096,0.5,0.5932843408100831,0.3758044314445861,0.2349075796929826,True,True,True,1.0,1,0.2349075796929826,0.3107733796522978,0.3451687709123469,Low
0.53511748358036,0.5651471735823498,0.4166666666666667,0.7033406025811708,0.3208380012509624,0.5177469911747595,True,True,True,1.0,1,0.5177469911747595,0.5128276218651606,0.4990665724554573,Medium
0.6515310176713538,0.3769725683289331,0.08333333333333333,0.23504881629063737,0.5287542531875615,0.6898496705056939,True,True,True,1.0,1,0.6898496705056939,0.42905389434881475,0.3212676847922185,Low
0.34023682717875375,0.3897665688709616,0.16666666666666666,0.6677694064604319,-0.0058905883141387215,0.28796405598790636,True,True,True,1.0,1,0.28796405598790636,0.3135692597936565,0.3279395811745291,Low
0.5230611144951689,0.4814373532117866,0.5,0.8307955979806255,0.32399836081940714,0.14851502985472703,True,True,True,1.0,1,0.14851502985472703,0.5209913123204282,0.6552371561164089,High
0.1750757867857649,0.31109735023335816,0.5,0.2988738716231387,0.3296157830833715,0.2911257353960019,True,True,True,1.0,1,0.2911257353960019,0.29509875023162857,0.30244058977648075,Low
0.7660879239870707,0.45036178982428565,0.3333333333333333,0.569570856382899,0.5326438383502611,0.06902442741583345,True,True,True,1.0,1,0.06902442741583345,0.5733956636996681,0.7553625910646304,High
