Attack_ID,Timestamp,Business_Type,Business_Size,Geographical_Location,Attack_Type,Threat_Source,Malware_Name,Attack_Vector,Exploit_Method,Payload_Details,Affected_Systems,Data_Compromised,Financial_Loss,Operational_Disruption,Reputation_Damage_Score,Detection_Method,Mitigation_Steps,Incident_Response_Time,Recovery_Time,Legal_Action_Taken,Cybersecurity_Budget,Employee_Training,Use_of_MFA,Data_Backup_Availability,Compliance_Standards
7a322dd6-dba5-4b7f-afba-b16864c5ffcd,2025-02-26 14:27:35,Retail,Medium,USA,Phishing,External,WannaCry,Web,SQL Injection,Payload 17,ERP,Financial Records,-484.34641248984735,44.13927428288169,8,User Report,Mitigation 7,83.6797825074779,3.798284201975991,True,-58688.03927008803,True,True,True,ISO 27001
b61008e6-3073-4ced-8c3b-b15ab05bdce6,2024-09-25 04:09:28,Education,Medium,UK,Zero-Day Exploit,Internal,Emotet,Phishing Link,SQL Injection,Payload 39,ERP,Financial Records,45578.00094116918,34.62888720354314,9,IDS,Mitigation 2,179.01600606049357,2.970327414514613,True,43491.079747861484,True,True,True,ISO 27001
4835d67d-fd8e-4b2e-bcb9-b0c821cee871,2025-01-18 06:53:04,Education,Medium,Nigeria,Zero-Day Exploit,External,Ryuk,Network,Brute Force,Payload 42,Workstations,Financial Records,40004.40972244986,16.715259462300576,8,User Report,Mitigation 10,51.67111666050019,4.551985139987794,True,107887.80899741425,True,True,True,None
a0852872-2894-4e44-9438-5565a7fc2731,2024-08-30 15:53:22,Retail,Small,UK,Phishing,Internal,None,USB,None,Payload 20,Database,Financial Records,43027.7331657218,32.55490586475196,4,Antivirus,Mitigation 2,170.3564761563616,2.152936335850878,True,393224.15024585347,True,True,True,ISO 27001
68592a62-d110-4e25-ba32-0ff8ffeb9e31,2024-08-01 12:48:28,Finance,Medium,USA,SQL Injection,Internal,Emotet,Phishing Link,None,Payload 45,Cloud Storage,None,25595.854250669792,32.60394343699572,7,SIEM,Mitigation 1,140.04449535207294,2.6353235709527834,True,146900.4123416984,True,True,True,None
904ce09c-60a4-48b0-a12a-c501c1c680bf,2024-07-19 00:45:43,IT,Small,Brazil,Zero-Day Exploit,External,None,Network,Zero-Day,Payload 19,Workstations,Financial Records,41506.36813319772,40.0907731794856,5,User Report,Mitigation 20,149.63190860319065,2.5416995346725386,True,248177.29593476036,True,True,True,ISO 27001
6fae7882-aee5-4d6a-97c7-4c75c766079e,2024-08-09 12:44:40,Education,Medium,Nigeria,Ransomware,External,Emotet,USB,Zero-Day,Payload 29,Database,Financial Records,17957.4751327166,33.78576152598594,4,SIEM,Mitigation 6,193.07790805712943,5.201469342309915,True,107512.7038177019,True,True,True,None
c93fac7c-cae0-4856-aa15-955555ca7cee,2024-08-02 04:08:40,Finance,Medium,Germany,Ransomware,Internal,Emotet,Network,SQL Injection,Payload 24,Workstations,Intellectual Property,34402.265473991996,21.798870259851977,9,User Report,Mitigation 13,120.63167107830537,1.8926869015076018,True,19570.33368054987,True,True,True,None
fdc4b6ad-5ff3-4343-a888-28b614d93a47,2025-05-02 23:31:21,Education,Medium,India,Zero-Day Exploit,Internal,None,Phishing Link,Brute Force,Payload 7,Cloud Storage,Intellectual Property,34136.04237326493,14.113513525460142,5,User Report,Mitigation 3,152.93856768718922,5.271534487495563,True,248477.91190561926,True,True,True,GDPR
5617fb17-85c6-4dbd-90d2-9332ff4ad627,2025-01-07 04:36:43,Healthcare,Medium,USA,DDoS,Internal,Emotet,USB,Zero-Day,Payload 49,Workstations,Intellectual Property,39935.28009894736,-3.238491419561,9,User Report,Mitigation 9,44.83922039364689,-1.1181945795561241,True,75753.95669770704,True,True,True,NIST
c6a03e6c-4f28-4db8-b607-f18cd074db2d,2025-05-17 17:50:28,Finance,Medium,Nigeria,Zero-Day Exploit,Internal,None,Web,SQL Injection,Payload 27,ERP,None,28902.78521997814,36.961018311546255,9,User Report,Mitigation 6,50.25412561145822,2.0104785852509703,True,242280.17191451872,True,True,True,None
a3c7b5aa-1449-4f94-8e31-815c569109c5,2024-08-07 15:24:34,Education,Medium,India,SQL Injection,Internal,Emotet,USB,Zero-Day,Payload 23,Database,None,57696.84934988993,30.672051524949502,10,IDS,Mitigation 13,105.81468878976537,5.258316612273132,True,223337.79931603023,True,True,True,None
0065b444-dab7-46f0-ae73-33cb6786393b,2025-02-26 09:18:36,IT,Medium,USA,Zero-Day Exploit,External,Ryuk,Web,SQL Injection,Payload 13,Cloud Storage,Customer Data,16462.79743876723,48.99666384211381,2,IDS,Mitigation 13,77.29668126591702,1.4592934085878204,True,19980.805787210178,True,True,True,NIST
cd7b8ddb-4d42-4795-85a1-ec2c82ede8e4,2024-09-08 19:04:04,Finance,Medium,UK,DDoS,External,WannaCry,Phishing Link,Social Engineering,Payload 32,ERP,Customer Data,37821.148503006625,38.513958752317166,1,SIEM,Mitigation 17,175.9534100231865,3.495965366567928,True,163149.2926354385,True,True,True,ISO 27001
63126f8e-7bb5-4416-94fd-1d24b236ed70,2025-04-27 04:51:14,Finance,Small,UK,SQL Injection,External,None,Phishing Link,None,Payload 49,ERP,None,23848.83573914806,43.5686189798647,4,Antivirus,Mitigation 20,134.3287092467535,3.8765696816947286,True,283704.9254822162,True,True,True,None
f3ebaf28-b0ca-4d1d-a36d-198b04c6710d,2025-05-09 22:10:04,Retail,Small,Brazil,SQL Injection,Internal,None,Web,SQL Injection,Payload 26,Cloud Storage,Financial Records,2750.16519307588,19.995922868040868,7,IDS,Mitigation 6,87.79014426744043,2.601643475299839,True,-16051.648050077085,True,True,True,None
625b58d7-54c0-427c-8bd0-3b9dfcf943ca,2024-08-09 15:18:21,IT,Medium,India,SQL Injection,External,Emotet,Network,Brute Force,Payload 48,ERP,Financial Records,39717.25102792681,21.834978500846184,5,SIEM,Mitigation 12,72.38271582417057,4.539008964478178,True,300233.4787222428,True,True,True,GDPR
24cc00a6-26ad-4156-a7c0-bfcb9e0809e3,2024-11-02 18:54:06,Finance,Small,USA,Phishing,External,Emotet,Network,Social Engineering,Payload 14,Database,Financial Records,9222.735902366283,8.690620424654256,2,User Report,Mitigation 1,70.6086653930039,1.99056336377337,True,377124.7357509588,True,True,True,NIST
5e0e430b-8e3f-4897-9a57-9f69cabad245,2025-02-11 03:01:16,Manufacturing,Small,India,DDoS,External,WannaCry,Phishing Link,Zero-Day,Payload 49,ERP,Customer Data,12573.159802876067,38.266467550133974,8,Antivirus,Mitigation 7,108.02796044259858,4.985695144242047,True,66523.51425533369,True,True,True,GDPR
f6934ae3-6f98-4f1f-a81b-c27f4412d438,2024-07-16 01:40:14,Education,Medium,Nigeria,SQL Injection,External,Emotet,Network,Social Engineering,Payload 1,ERP,Customer Data,27447.74156981813,14.49640578628971,2,SIEM,Mitigation 1,14.57331199781676,2.0146973619166406,True,369033.08589288924,True,True,True,None
04a9ab89-032d-4017-be58-7ace1ea59a48,2024-07-28 01:46:45,Healthcare,Small,UK,Ransomware,Internal,WannaCry,Network,Brute Force,Payload 20,ERP,Customer Data,45986.90913308006,52.78517442475689,9,User Report,Mitigation 1,65.22996674447947,2.155665517542607,True,27659.306928222504,True,True,True,None
4195c604-d60b-4d3b-bb23-5b124836f808,2024-11-29 07:10:11,Healthcare,Medium,UK,Zero-Day Exploit,External,Emotet,Web,Brute Force,Payload 50,Cloud Storage,Intellectual Property,38742.26191989196,29.66235884765882,8,SIEM,Mitigation 4,25.795460608638265,1.542915514893517,True,464928.2720496999,True,True,True,NIST
cafd1a77-99b0-4b0d-a4f9-73136b4ed09f,2025-04-23 00:25:02,Retail,Medium,Nigeria,DDoS,Internal,None,USB,Zero-Day,Payload 42,Cloud Storage,None,35112.41538821561,27.84578214674228,7,IDS,Mitigation 6,72.55712638697557,5.517459927296365,True,174530.01261711784,True,True,True,ISO 27001
87a9e748-ddd3-4497-bf31-2d5a8438c28f,2024-09-12 09:40:30,Finance,Small,USA,Phishing,Internal,WannaCry,Phishing Link,Social Engineering,Payload 20,Cloud Storage,Intellectual Property,34086.49985237399,39.91747411354764,4,Antivirus,Mitigation 6,40.216652129271495,3.1205279502763403,True,82744.70456090986,True,True,True,None
04a9ab89-032d-4017-be58-7ace1ea59a48,2025-04-08 15:29:30,Education,Medium,Brazil,Phishing,Internal,Emotet,USB,Zero-Day,Payload 29,Workstations,Customer Data,34232.98139655806,44.542511148994606,10,SIEM,Mitigation 2,178.545805460744,5.261124512019285,True,105738.24753840666,True,True,True,None
37e40357-b06f-42ee-bcd6-36b0694b9262,2025-03-26 14:54:09,IT,Medium,USA,Phishing,External,Emotet,Phishing Link,Brute Force,Payload 18,Workstations,Intellectual Property,29100.537498052643,13.899225595158565,1,IDS,Mitigation 8,60.50136632022469,0.3843368345698108,True,-36826.49483601851,True,True,True,GDPR
9928978e-1b1d-43ce-bc65-4bcdc00a1c9d,2024-10-24 00:55:36,Retail,Medium,USA,Phishing,External,WannaCry,Phishing Link,None,Payload 3,Workstations,Intellectual Property,11685.034034442919,51.23761662163554,8,Antivirus,Mitigation 8,71.31131673888335,4.1525273042724375,True,343209.0998678168,True,True,True,NIST
08bcb8fa-8f46-4f2b-b934-577fb6acc96c,2025-05-05 05:07:22,IT,Medium,Brazil,DDoS,Internal,None,USB,SQL Injection,Payload 46,Database,None,30749.572210296785,14.303990456329231,8,IDS,Mitigation 17,126.76729714971495,1.8927685877418494,True,69700.97643365714,True,True,True,ISO 27001
0d7e6404-1035-4071-a9eb-82f5f43609c5,2024-08-27 20:39:06,Education,Medium,USA,Phishing,External,None,USB,Zero-Day,Payload 10,Workstations,Customer Data,36831.77954484218,9.500434769035618,6,SIEM,Mitigation 1,62.433643921741975,6.665590705145275,True,177527.32015204505,True,True,True,GDPR
6885c872-b1e8-42be-88c2-9cbbfa33302e,2024-09-03 15:57:00,Manufacturing,Small,Brazil,Phishing,External,None,Phishing Link,Brute Force,Payload 26,Cloud Storage,Intellectual Property,34079.01430400089,17.07292818384339,8,Antivirus,Mitigation 7,123.26157286418788,3.4602569215760215,True,299757.57341083424,True,True,True,GDPR
a5ed85d6-9f21-459b-920f-8e6ef6622a7e,2025-06-14 05:03:31,Education,Small,Nigeria,Ransomware,External,WannaCry,Phishing Link,None,Payload 25,Workstations,Financial Records,35132.596732069505,34.75142872460378,9,Antivirus,Mitigation 13,188.29517223358442,5.321902210484812,True,-645.8593103166786,True,True,True,None
c4dfb0e3-add0-46dd-be1a-428bb885e40b,2024-12-16 02:31:37,Finance,Medium,Germany,SQL Injection,External,None,Network,Brute Force,Payload 18,Database,Financial Records,38710.149892662455,46.447438994476954,8,User Report,Mitigation 3,167.38757038345335,7.540301174869819,True,122953.17130334422,True,True,True,GDPR
45fed381-2b5f-4f09-b85d-f2d70744e791,2025-02-26 19:38:06,IT,Medium,India,Ransomware,External,Emotet,USB,Brute Force,Payload 41,Database,None,21578.045415908688,25.969237758865884,7,SIEM,Mitigation 20,146.35536701844666,3.8961127905910997,True,103554.88150946592,True,True,True,ISO 27001
0345aaf4-1bbb-408d-9d80-b96b5354cb27,2025-03-02 23:34:10,Education,Medium,UK,DDoS,Internal,WannaCry,Network,Zero-Day,Payload 49,Workstations,Financial Records,37447.334536644375,41.20056253320809,7,SIEM,Mitigation 12,156.69984893456328,8.166969018486968,True,334818.25454731676,True,True,True,None
835be07f-826c-4acc-8220-6517e6601bb6,2024-08-24 12:07:41,Retail,Small,India,DDoS,External,WannaCry,Phishing Link,None,Payload 45,Database,Customer Data,35166.70508194108,15.07736691935811,3,User Report,Mitigation 5,114.03406487862895,4.7562008188607265,True,296813.6501651136,True,True,True,ISO 27001
5cc7999e-49fe-4440-954a-f586a853f5f6,2025-05-04 16:41:28,Education,Small,Brazil,Phishing,Internal,Ryuk,USB,Social Engineering,Payload 7,ERP,Financial Records,27599.951475738453,3.5298244775384404,6,User Report,Mitigation 8,160.59427652407567,5.328185023829727,True,377346.0096783916,True,True,True,ISO 27001
43eb5f7e-fd9a-4a46-b38e-078d9a8af62b,2025-05-21 12:33:34,IT,Medium,UK,Phishing,External,Emotet,Phishing Link,Social Engineering,Payload 12,Cloud Storage,Financial Records,24949.639961786466,56.44920825838257,8,User Report,Mitigation 1,108.85477209060923,4.4274276130997405,True,-13785.630100594091,True,True,True,None
86339748-7797-4ce2-b7da-8737f0795e16,2024-09-13 17:50:04,Retail,Small,USA,Phishing,External,Ryuk,Phishing Link,Zero-Day,Payload 50,Database,Financial Records,47529.62009400255,15.360969052825311,11,SIEM,Mitigation 4,29.243960001073468,3.1949287679077596,True,71369.55512596774,True,True,True,GDPR
dad1eb17-32bb-44fd-986e-4e4863b4caa9,2024-08-27 13:24:14,Education,Medium,UK,Phishing,External,Ryuk,Email,None,Payload 1,Workstations,Intellectual Property,15505.072791476228,37.958356644212415,6,IDS,Mitigation 5,0.48115361224996533,6.419558944085355,True,347568.11516110884,True,True,True,None
5262e72a-20ea-4688-9503-6baeba09ce0b,2025-04-10 21:14:30,Manufacturing,Small,UK,Phishing,External,None,Web,Zero-Day,Payload 42,Workstations,Financial Records,22674.847669230006,12.006994506074431,2,IDS,Mitigation 20,113.98790844553265,2.018304456522283,True,130507.1767696123,True,True,True,NIST
e9dc3345-42d5-4d4a-b5b7-a3bd4e55ad2e,2024-09-24 08:14:41,Finance,Medium,India,Zero-Day Exploit,External,Emotet,Phishing Link,Brute Force,Payload 22,Cloud Storage,Customer Data,1746.296425155173,51.34816076298382,10,User Report,Mitigation 6,82.5774206182802,6.207499965503857,True,28598.593068730937,True,True,True,None
14a073bf-719a-4a8b-b6db-d83030d497b7,2024-11-11 22:55:14,Manufacturing,Medium,USA,Phishing,External,Ryuk,Phishing Link,None,Payload 1,Cloud Storage,Customer Data,7450.618126036383,21.870537205400588,10,SIEM,Mitigation 19,33.31015447351101,1.3066005169052786,True,184090.81452029475,True,True,True,ISO 27001
ff9d5a45-16e0-40c9-aba6-c3ee9cbcc27c,2024-09-20 15:11:26,Finance,Small,India,DDoS,Internal,Emotet,Phishing Link,None,Payload 10,Database,Customer Data,38400.21021792554,36.835163811539836,9,IDS,Mitigation 3,39.18358515045194,2.968106218168219,True,369701.6828991476,True,True,True,GDPR
a83c7ecd-7167-4d08-ac93-695d34b74695,2025-03-28 23:27:01,Education,Medium,USA,DDoS,External,None,Network,Social Engineering,Payload 20,Workstations,Financial Records,45376.07371866592,18.07092648746132,10,Antivirus,Mitigation 15,48.34867316913651,5.005789372067085,True,152230.18870329356,True,True,True,NIST
0334f047-c897-45a3-a5b8-15af6e8e6fe3,2024-09-28 02:22:07,IT,Medium,India,DDoS,External,None,Email,Brute Force,Payload 20,Database,Intellectual Property,9419.121448562662,20.508650182909143,6,User Report,Mitigation 8,60.67662515286352,1.4369605243577108,True,51557.0268290542,True,True,True,None
9155d256-99fe-41dd-b856-bb873234f42b,2024-08-30 03:26:38,Finance,Medium,Nigeria,Phishing,Internal,WannaCry,Web,Zero-Day,Payload 4,Workstations,Customer Data,44562.35847181517,42.47832766501938,10,User Report,Mitigation 1,189.02647555518655,3.3696637006938204,True,288250.91545820446,True,True,True,ISO 27001
74baed95-b81a-4910-bf84-09f9d012314e,2024-06-21 00:46:13,Finance,Medium,Nigeria,Ransomware,External,WannaCry,Phishing Link,Zero-Day,Payload 17,Database,Financial Records,48140.24684147891,36.742296693894545,8,SIEM,Mitigation 1,86.40380231026862,1.1927963449714019,True,326388.4607050802,True,True,True,None
425ff93d-1307-4e29-9e9c-495c573f3ac8,2024-05-16 09:50:45,Finance,Medium,Germany,SQL Injection,External,WannaCry,USB,SQL Injection,Payload 43,Database,Financial Records,25155.719731955545,39.22420858500406,8,User Report,Mitigation 14,145.0615594968104,4.769250509277979,True,43335.34623256553,True,True,True,NIST
f486c8d5-0e3f-424d-854f-4040a3c22e78,2024-06-13 02:46:42,Finance,Medium,USA,Phishing,Internal,WannaCry,Email,Zero-Day,Payload 47,Workstations,Intellectual Property,31265.274467028812,49.528235331819495,6,IDS,Mitigation 2,62.00219463101686,4.906995015879746,True,362551.5893359971,True,True,True,ISO 27001
9a636323-9701-474d-b91c-120a7afe8558,2024-06-29 01:25:23,IT,Medium,Brazil,Phishing,External,None,Web,SQL Injection,Payload 15,Workstations,None,35571.96945416375,23.010108415648933,9,IDS,Mitigation 6,106.08671836923268,2.695036249436864,True,352106.63634618244,True,True,True,ISO 27001
12e83011-61bf-4568-9403-99c32a57a844,2024-11-10 03:25:38,Healthcare,Medium,USA,Ransomware,Internal,None,USB,Brute Force,Payload 21,Database,None,38887.53020948035,4.1198886234239644,10,User Report,Mitigation 14,173.22370548853073,-0.18538691843370536,True,151768.7075000491,True,True,True,ISO 27001
d8d17cab-4f00-4b60-8589-fa9422561d0d,2025-03-29 18:21:32,Finance,Small,UK,Phishing,Internal,WannaCry,Web,Zero-Day,Payload 31,Database,None,44143.715513633,26.7937075329534,4,IDS,Mitigation 18,161.07138479809066,6.344907665465561,True,273820.4120504572,True,True,True,None
ba89f6d8-4e4e-4e6e-b947-4db3b0f0bc0d,2024-09-02 06:55:28,IT,Medium,USA,Ransomware,External,None,Web,Zero-Day,Payload 49,Cloud Storage,Customer Data,20594.70919163681,39.78864800926188,7,User Report,Mitigation 7,79.26251216391984,1.497745494020471,True,-49604.6050887653,True,True,True,GDPR
9b2278b3-e764-4e0c-92f5-634cb65c6077,2024-08-02 21:23:48,Retail,Small,USA,Zero-Day Exploit,Internal,Emotet,Network,Brute Force,Payload 27,Database,Intellectual Property,5813.565248701776,29.829493707885295,6,Antivirus,Mitigation 18,42.64879322587574,5.397058485850976,True,80809.76983629444,True,True,True,ISO 27001
d52322fe-9711-4584-a4ee-dea10055ff7d,2024-07-24 23:26:29,Manufacturing,Medium,UK,Ransomware,Internal,WannaCry,Phishing Link,Brute Force,Payload 31,Cloud Storage,Intellectual Property,22776.956526248025,12.494624340208976,1,IDS,Mitigation 3,117.33623821625648,3.225469231236387,True,283312.7671898774,True,True,True,NIST
f3ebaf28-b0ca-4d1d-a36d-198b04c6710d,2025-01-25 15:31:17,Education,Small,UK,DDoS,Internal,WannaCry,USB,Social Engineering,Payload 5,Database,Customer Data,11578.697467641576,31.727591428562114,4,Antivirus,Mitigation 8,56.3717465390547,4.746899542971984,True,116948.0196233841,True,True,True,ISO 27001
4a678e33-5956-4f09-b896-d8c0a692173f,2025-05-12 02:36:46,Manufacturing,Medium,Nigeria,Ransomware,External,WannaCry,Phishing Link,Zero-Day,Payload 33,Workstations,Intellectual Property,38491.28605938582,43.138757353224754,7,SIEM,Mitigation 1,52.50217392285167,2.815832956666612,True,299848.1850543783,True,True,True,ISO 27001
45fed381-2b5f-4f09-b85d-f2d70744e791,2024-08-13 08:59:23,IT,Medium,UK,Ransomware,Internal,Ryuk,Web,SQL Injection,Payload 29,Cloud Storage,None,42832.36742215432,52.67344597334669,2,IDS,Mitigation 18,117.24331354352785,-0.3397115893998912,True,440230.15441418445,True,True,True,NIST
2473ae63-ec60-4e45-9040-244eed960f5c,2025-05-19 02:09:37,Education,Medium,USA,Phishing,External,Ryuk,Phishing Link,SQL Injection,Payload 30,Database,Customer Data,12469.320118604108,39.5482538120834,6,Antivirus,Mitigation 6,105.25580351910774,5.916062836677731,True,100117.74076731535,True,True,True,NIST
4f2378eb-9821-4f76-a3ee-140871170abd,2024-08-20 23:04:19,IT,Small,Nigeria,Phishing,Internal,Ryuk,Phishing Link,None,Payload 20,Workstations,Intellectual Property,7777.848779326248,34.39304996724711,7,Antivirus,Mitigation 9,99.17216157427578,4.689316219864141,True,90881.45059420742,True,True,True,None
222b6842-8353-41e2-86f4-7e9f88fe103f,2024-08-19 21:11:17,Finance,Medium,Brazil,Phishing,Internal,None,USB,SQL Injection,Payload 25,Workstations,Financial Records,40111.52273559975,46.676140150285114,9,IDS,Mitigation 9,81.07513508204403,5.264711663937724,True,390238.4689506426,True,True,True,ISO 27001
3391e6b5-bf2c-42b4-9c5b-222439adedad,2024-06-20 13:30:11,Education,Small,USA,SQL Injection,External,WannaCry,Phishing Link,SQL Injection,Payload 46,Cloud Storage,Customer Data,39181.40923985979,39.813232044982826,6,IDS,Mitigation 10,102.80196403769509,6.083257145211976,True,244019.13528439467,True,True,True,ISO 27001
00cf140c-e2f7-4336-9749-09ef6d91e4e4,2025-04-09 23:13:37,IT,Medium,Germany,Phishing,External,Emotet,USB,Social Engineering,Payload 45,Cloud Storage,Intellectual Property,35544.58124923341,32.91366584927999,8,Antivirus,Mitigation 19,127.49272741190399,7.09522845071564,True,224645.54517416848,True,True,True,NIST
43eb5f7e-fd9a-4a46-b38e-078d9a8af62b,2024-07-06 12:40:46,Finance,Small,USA,Zero-Day Exploit,External,None,Phishing Link,Social Engineering,Payload 10,Cloud Storage,Intellectual Property,14897.062401936248,39.7332975892722,9,Antivirus,Mitigation 15,91.71023055299403,0.6416960905093115,True,314658.5668732516,True,True,True,ISO 27001
01a17e3a-62e9-4155-905a-eabd685bcc45,2024-08-20 17:33:10,Healthcare,Medium,UK,SQL Injection,External,Ryuk,Network,Zero-Day,Payload 23,Workstations,Intellectual Property,6863.633721910546,33.5200033426711,0,User Report,Mitigation 6,154.54317096577853,2.9069619760838363,True,302389.58659405337,True,True,True,None
376a9180-ab7d-41cc-a9a6-b7c829b7bd41,2024-07-31 02:02:10,Manufacturing,Medium,Brazil,Phishing,Internal,WannaCry,Network,Brute Force,Payload 41,Workstations,Intellectual Property,49606.58494713366,2.80015809817478,9,User Report,Mitigation 2,141.924215580081,6.9043132102268014,True,285702.14853255695,True,True,True,ISO 27001
b97c3d6e-2872-4559-970b-47a58d9b51c2,2024-08-09 20:13:48,Education,Medium,Nigeria,Phishing,Internal,Ryuk,Phishing Link,Zero-Day,Payload 2,Workstations,Customer Data,29877.610601274435,10.076077967835287,7,Antivirus,Mitigation 4,138.02477048170704,2.643259034884328,True,-18603.72140670911,True,True,True,None
5262e72a-20ea-4688-9503-6baeba09ce0b,2025-01-10 14:01:24,Education,Small,UK,DDoS,External,Emotet,Web,Brute Force,Payload 11,Cloud Storage,Financial Records,14376.967885030863,25.371300763451867,6,Antivirus,Mitigation 16,52.09303225889215,6.535782891261252,True,386473.13906523155,True,True,True,None
e8befb99-d7d7-4069-8e08-e85bb9327968,2025-05-08 21:30:26,Healthcare,Medium,India,Ransomware,External,Emotet,Web,Social Engineering,Payload 39,Cloud Storage,Customer Data,33326.732191316296,34.18001527760124,3,Antivirus,Mitigation 17,172.5708671386205,5.1536041590999275,True,45812.29588412531,True,True,True,GDPR
fdc4b6ad-5ff3-4343-a888-28b614d93a47,2024-09-14 02:15:14,Manufacturing,Medium,Germany,SQL Injection,External,Emotet,Network,SQL Injection,Payload 2,Workstations,Financial Records,7915.50443338578,32.96781143570454,0,User Report,Mitigation 19,131.8370426148803,3.3627152920639016,True,279154.93202235247,True,True,True,None
ca5e8e9b-1183-4549-ae7d-275270037419,2024-08-19 08:54:41,Education,Small,Nigeria,Phishing,Internal,Emotet,Email,Brute Force,Payload 37,Cloud Storage,Customer Data,31777.096663425895,18.745414461140374,2,IDS,Mitigation 18,170.34730911575417,1.4414136724978326,True,144668.60394555493,True,True,True,ISO 27001
b12cf33c-f716-48e8-9a1a-364658dd5c2b,2025-05-13 04:51:53,Education,Medium,USA,Phishing,Internal,WannaCry,USB,None,Payload 30,Workstations,None,8632.89297212679,44.8805994757832,9,Antivirus,Mitigation 11,178.78903135308101,3.5733354134253332,True,40127.429487045425,True,True,True,ISO 27001
8844dc02-88cf-4da3-a60c-a76c5aec80d8,2024-05-15 10:26:44,Education,Medium,Germany,SQL Injection,Internal,None,USB,SQL Injection,Payload 32,Cloud Storage,Customer Data,11330.368441347182,34.16159517204566,4,IDS,Mitigation 9,54.22127573980899,4.033077471103566,True,311059.7052710939,True,True,True,NIST
bcc755b0-b003-40ea-8299-9c166a007e34,2024-06-16 19:15:56,Finance,Medium,Nigeria,Zero-Day Exploit,External,WannaCry,Network,Zero-Day,Payload 12,Cloud Storage,None,43984.64817773425,6.157723758569415,9,User Report,Mitigation 18,50.930970099184535,3.136381934537354,True,251307.32677733764,True,True,True,None
a1ab7510-aaaf-4466-a671-1c594cce50e6,2024-04-08 10:50:52,Healthcare,Medium,USA,DDoS,Internal,None,Email,Brute Force,Payload 19,Database,Intellectual Property,6364.59105191711,40.47109604986051,10,User Report,Mitigation 2,95.3972374851916,4.697430071888821,True,221719.68336033582,True,True,True,ISO 27001
809a100c-02ba-43fd-bf90-e79721ca393e,2024-09-25 23:59:54,Education,Small,Germany,Phishing,External,None,USB,Brute Force,Payload 11,ERP,Customer Data,16078.67123050948,40.45129930656893,9,SIEM,Mitigation 17,116.34020552215212,1.4871389117782459,True,361676.3427179554,True,True,True,ISO 27001
625b58d7-54c0-427c-8bd0-3b9dfcf943ca,2024-10-05 06:08:37,Education,Medium,UK,DDoS,Internal,Emotet,USB,Brute Force,Payload 34,Workstations,Financial Records,17665.518541602112,40.46397476345888,6,SIEM,Mitigation 1,110.61052369107662,1.6283947706687067,True,338076.889293683,True,True,True,NIST
c7f28f7c-ec04-4354-b2c3-94b8c52aafe4,2024-10-21 14:30:21,Finance,Medium,USA,Zero-Day Exploit,Internal,Ryuk,Network,Zero-Day,Payload 47,Cloud Storage,Customer Data,40349.21517472951,52.716862140049486,8,Antivirus,Mitigation 7,47.49116297053557,2.804926580131035,True,383916.3597372384,True,True,True,ISO 27001
85993586-97e9-4a7b-8ce0-bf56e8cbdcff,2025-03-13 04:48:14,Education,Medium,Nigeria,Phishing,External,WannaCry,Web,Zero-Day,Payload 11,Workstations,Intellectual Property,50061.257351886336,13.054593167285255,7,User Report,Mitigation 6,63.364709283858076,4.223855434227863,True,181723.8482927555,True,True,True,None
6756acb0-92ba-4904-aaf5-57741af85851,2024-06-15 20:55:35,Healthcare,Medium,India,SQL Injection,External,WannaCry,Email,Brute Force,Payload 14,Workstations,Financial Records,19567.626922434614,26.465421550961548,1,User Report,Mitigation 8,41.9806713636045,1.0053810571398663,True,282974.3642953072,True,True,True,GDPR
95ed5bd7-9608-4275-b6df-20d61545c9cb,2025-03-11 07:15:54,Healthcare,Small,Nigeria,DDoS,Internal,Emotet,USB,Social Engineering,Payload 31,ERP,Financial Records,5289.518680931626,10.828950433804676,5,SIEM,Mitigation 18,131.38268926435651,1.7930183127420876,True,77595.75242428869,True,True,True,NIST
f6934ae3-6f98-4f1f-a81b-c27f4412d438,2024-11-20 11:35:35,Education,Small,UK,Ransomware,External,None,Phishing Link,Brute Force,Payload 29,Cloud Storage,Financial Records,32369.688841576724,17.04180989569835,9,Antivirus,Mitigation 19,54.33309859174877,5.149934571028482,True,345180.4786657283,True,True,True,None
b97c3d6e-2872-4559-970b-47a58d9b51c2,2024-08-31 06:30:48,Education,Medium,Germany,Phishing,External,Emotet,Web,SQL Injection,Payload 42,Cloud Storage,Financial Records,35284.498324358494,18.40264824490949,8,User Report,Mitigation 14,99.98601811784346,6.294374020251948,True,62488.22507844758,True,True,True,None
76f8ada8-3788-47a7-ba3b-4939c6df3be7,2024-08-27 08:20:04,Education,Medium,USA,Ransomware,External,None,USB,Social Engineering,Payload 1,Database,None,30995.52708756816,33.60338920377972,9,Antivirus,Mitigation 1,121.64743494010327,6.494199852131426,True,50626.381432383336,True,True,True,GDPR
49e8bf31-04b6-4095-b5cc-591a2e0d412b,2025-03-12 17:44:04,Manufacturing,Small,USA,SQL Injection,External,Emotet,Web,None,Payload 7,Workstations,Customer Data,20803.965079142246,24.823543410735333,7,User Report,Mitigation 20,49.397010250996274,5.4669996508619665,True,-12562.346851396258,True,True,True,NIST
e8c1e549-3c48-4b66-9e6a-8e1345dc74bd,2024-10-18 02:18:39,Finance,Medium,India,DDoS,Internal,WannaCry,Web,Brute Force,Payload 50,ERP,Intellectual Property,12992.063914987797,31.64688889102231,0,SIEM,Mitigation 18,156.84010286842482,4.937041041382747,True,71275.42311582647,True,True,True,ISO 27001
1519a394-a3de-404a-811e-f3eac0443e2e,2025-02-17 12:47:14,IT,Medium,USA,DDoS,External,Emotet,Email,None,Payload 2,Workstations,None,53346.45820962695,20.278635787934753,10,SIEM,Mitigation 9,164.28814218504033,2.3097354937244052,True,17272.887690296833,True,True,True,GDPR
3d3bb686-df2b-4313-8111-b92d7510453e,2025-03-19 03:21:25,Healthcare,Small,Nigeria,Ransomware,External,WannaCry,Phishing Link,Brute Force,Payload 42,Cloud Storage,Customer Data,6226.729457567048,37.48181595165286,10,SIEM,Mitigation 2,52.60354861012098,2.1543228272036803,True,274822.9971026168,True,True,True,None
8daa59ff-7680-452e-a9de-dc9692a6eda5,2024-12-25 06:34:31,Finance,Medium,Nigeria,DDoS,External,None,Network,SQL Injection,Payload 37,Workstations,Financial Records,39531.51956823859,18.605436905094876,7,IDS,Mitigation 12,101.79316274601517,7.021987570122107,True,-87591.99323154523,True,True,True,None
151c1d51-69d5-4c19-8dc1-c7f304bfcc1d,2025-01-29 20:53:14,Finance,Small,UK,Phishing,External,None,Web,None,Payload 50,Cloud Storage,Intellectual Property,9547.714476865212,49.01794429350772,3,SIEM,Mitigation 7,56.04110553764772,7.506092973231635,True,221556.45016561178,True,True,True,ISO 27001
321866ec-3579-4ae8-952c-e1820f66ab9f,2025-05-01 06:08:18,Finance,Medium,USA,Phishing,Internal,WannaCry,Email,SQL Injection,Payload 37,Database,Intellectual Property,38273.4185918361,33.85199959063657,4,SIEM,Mitigation 15,171.1580399424074,4.95497810626172,True,217898.58589038247,True,True,True,GDPR
ff9d5a45-16e0-40c9-aba6-c3ee9cbcc27c,2024-08-25 19:37:51,Finance,Medium,Brazil,SQL Injection,Internal,Ryuk,Web,Zero-Day,Payload 23,Database,Intellectual Property,52364.40658101802,-1.8294932314888284,9,User Report,Mitigation 3,31.544395856094972,3.177728829878297,True,250323.3132984243,True,True,True,NIST
3ded62ad-90ef-4131-bb16-ed34a63266f9,2024-08-23 02:39:39,Healthcare,Small,USA,Ransomware,Internal,Ryuk,Web,Social Engineering,Payload 2,Workstations,Financial Records,14564.686622395573,12.761504385897624,8,IDS,Mitigation 11,121.04698249867215,6.848680051438762,True,56144.14422346288,True,True,True,ISO 27001
ba4e6c56-7fef-4506-8c7c-958f18acd286,2024-07-06 15:28:29,Education,Medium,UK,Phishing,External,None,Phishing Link,Brute Force,Payload 8,Database,Financial Records,32097.67031906862,37.77862207786891,2,SIEM,Mitigation 4,50.54421990227008,4.185590238250224,True,287694.0070474778,True,True,True,ISO 27001
c7f28f7c-ec04-4354-b2c3-94b8c52aafe4,2024-08-24 18:29:01,Education,Medium,Germany,SQL Injection,External,WannaCry,Network,Social Engineering,Payload 12,ERP,Customer Data,21814.462906345365,51.93535577537661,6,User Report,Mitigation 12,63.97555807689318,4.7483013132475715,True,369175.09125146986,True,True,True,ISO 27001
321866ec-3579-4ae8-952c-e1820f66ab9f,2024-06-06 10:48:02,Manufacturing,Medium,USA,Zero-Day Exploit,External,WannaCry,Email,SQL Injection,Payload 29,Workstations,Intellectual Property,49399.32499910271,33.12762664177951,11,SIEM,Mitigation 5,71.72613043318073,5.222957052042318,True,-67026.93682027548,True,True,True,GDPR
797011df-2f4b-4050-8992-678a8b19b00e,2024-09-29 11:30:14,Manufacturing,Medium,UK,Phishing,External,Ryuk,Network,Social Engineering,Payload 23,Cloud Storage,Customer Data,56767.24419038939,53.351724032016016,3,User Report,Mitigation 5,68.03596840838624,4.680117857880825,True,191919.17638818137,True,True,True,None
d8d17cab-4f00-4b60-8589-fa9422561d0d,2025-05-14 15:09:42,Education,Small,UK,Ransomware,Internal,Emotet,Email,Zero-Day,Payload 40,Cloud Storage,Intellectual Property,29984.934962940166,17.394466939949147,5,User Report,Mitigation 16,144.85431966774905,1.546949601790289,True,142716.89454303376,True,True,True,NIST
30f1e39d-0683-4439-a71d-a1335cc44e47,2025-03-10 16:06:47,Manufacturing,Medium,USA,Zero-Day Exploit,Internal,None,USB,None,Payload 39,Cloud Storage,Financial Records,6843.62652423289,12.56568296649176,6,IDS,Mitigation 12,64.91073716653578,5.516205851137848,True,428436.2029996921,True,True,True,None
297132b7-3aca-42b3-9296-05428f6fca71,2025-03-24 08:34:20,Education,Small,USA,DDoS,External,Emotet,Network,Brute Force,Payload 42,Cloud Storage,Intellectual Property,7493.229423512814,49.01126670526123,9,User Report,Mitigation 20,157.2033949771253,6.653595948340283,True,-26589.57181853689,True,True,True,None
8ac6a5dd-5868-4b01-9ce9-690361b5f136,2024-08-22 09:35:38,Healthcare,Medium,India,DDoS,Internal,Ryuk,Phishing Link,None,Payload 27,Database,None,12993.047623837472,34.09435998299715,2,Antivirus,Mitigation 9,51.90726930993647,2.111291305213844,True,408369.37253583525,True,True,True,None
b2c1d9ff-3541-43ca-89e7-1e3b51fb456c,2024-12-25 16:09:17,Finance,Medium,Nigeria,Phishing,External,None,Web,Brute Force,Payload 50,Cloud Storage,Intellectual Property,14480.808553102084,31.83707669756064,8,Antivirus,Mitigation 11,-4.512175181926356,1.6564734286387537,True,80647.5750593392,True,True,True,None
9ba32263-3a79-4155-81b7-b34b9e6627e0,2025-02-09 08:48:56,Manufacturing,Medium,Nigeria,SQL Injection,External,Emotet,Email,SQL Injection,Payload 30,ERP,Intellectual Property,38637.918338971045,42.17485841013879,7,IDS,Mitigation 7,144.88483108331027,1.672116834568656,True,156402.85085742298,True,True,True,NIST
01b0d4a7-b66a-4901-9c91-265f6aa75bfc,2025-05-30 17:46:03,Finance,Medium,USA,Zero-Day Exploit,External,WannaCry,Network,Zero-Day,Payload 47,Workstations,None,31176.629195805366,34.68155369806057,5,IDS,Mitigation 12,79.12493802375214,6.50598935799816,True,-40783.79829098322,True,True,True,None
469bd5b1-d0c7-4490-a778-b2cb8386323a,2024-10-07 02:00:54,Manufacturing,Medium,Germany,SQL Injection,External,None,Email,Zero-Day,Payload 6,Workstations,Financial Records,41362.133444288,22.8417334104329,9,Antivirus,Mitigation 20,159.7214413656373,2.4030713782677284,True,303237.5461548706,True,True,True,ISO 27001
0345aaf4-1bbb-408d-9d80-b96b5354cb27,2024-12-11 13:19:04,Retail,Medium,India,DDoS,Internal,Ryuk,USB,SQL Injection,Payload 32,Workstations,Intellectual Property,30663.515608673762,1.4733936960755347,10,SIEM,Mitigation 8,54.85750627529739,3.4968021105772595,True,158078.4536996849,True,True,True,ISO 27001
d844bb75-eac7-4543-b0eb-0604508e850e,2024-10-12 21:16:20,Healthcare,Medium,UK,Phishing,External,Emotet,USB,Brute Force,Payload 17,Workstations,Intellectual Property,26853.374971175257,35.7210385666502,10,SIEM,Mitigation 14,169.64756622052545,1.4081974304830864,True,416737.0626505201,True,True,True,NIST
79b35596-f86c-412c-903e-a7b6c3a0b4f8,2024-07-09 08:42:49,Retail,Medium,UK,SQL Injection,External,WannaCry,Web,SQL Injection,Payload 36,Database,Intellectual Property,15599.71034537558,4.374378870929166,5,User Report,Mitigation 2,184.1773908100892,7.521444231038004,True,287760.0361978741,True,True,True,None
0345aaf4-1bbb-408d-9d80-b96b5354cb27,2025-05-11 23:14:51,Finance,Medium,UK,Zero-Day Exploit,External,Ryuk,Network,Zero-Day,Payload 26,ERP,Intellectual Property,2835.6645635547184,42.89189474940052,7,Antivirus,Mitigation 7,120.83455310156069,5.256115129580323,True,111292.47322471632,True,True,True,ISO 27001
c8d9696d-314f-464d-9c63-a2e0a6679419,2024-05-07 15:42:45,Finance,Small,UK,Ransomware,External,Ryuk,USB,Social Engineering,Payload 2,ERP,Financial Records,-5160.463676965503,25.723430017486294,2,SIEM,Mitigation 11,120.17617887941455,4.427297139478591,True,14594.89617001207,True,True,True,NIST
d942ce36-aba9-4f29-b652-60c26ccec7c2,2025-06-09 21:06:14,Manufacturing,Medium,USA,Ransomware,Internal,Emotet,Phishing Link,Zero-Day,Payload 37,Workstations,Financial Records,20488.220985974873,13.34587667332949,10,SIEM,Mitigation 18,158.9974253079617,2.5414128453204023,True,17879.528985791258,True,True,True,ISO 27001
00dbe382-d995-4e9e-8bea-0b0105ae7832,2024-10-24 00:52:22,IT,Medium,Germany,Phishing,External,Emotet,Email,Zero-Day,Payload 40,Database,Customer Data,11457.965294158479,33.20440553415207,12,SIEM,Mitigation 20,128.62127800556036,3.748653884747014,True,449564.5952003837,True,True,True,GDPR
5413bee3-2c6f-4e7d-b638-e4f9d2e54ecb,2024-09-10 19:57:02,Retail,Medium,Germany,DDoS,External,WannaCry,Phishing Link,SQL Injection,Payload 38,Workstations,None,3411.630497918716,35.380853200076984,2,SIEM,Mitigation 13,132.62340443141306,4.790590755125763,True,28988.184566745273,True,True,True,None
13c59e42-93a7-4d57-841a-35dd7cfc6357,2024-08-18 16:59:20,IT,Medium,India,SQL Injection,External,Emotet,Network,Zero-Day,Payload 20,Cloud Storage,None,18622.554188070353,14.552690428757217,6,User Report,Mitigation 6,116.5393631164501,5.6828213919308865,True,149008.78523392905,True,True,True,None
e3bd1bdb-0a7f-4e78-a514-756e18317e86,2024-09-03 07:52:57,Manufacturing,Medium,UK,Zero-Day Exploit,External,WannaCry,Phishing Link,Social Engineering,Payload 30,Cloud Storage,Intellectual Property,11066.635198202173,42.538455276322956,9,User Report,Mitigation 14,44.7128130271581,2.7158830085264363,True,315429.46910001157,True,True,True,None
10d00cb6-f29b-4dc3-8622-00ee680fe0a8,2025-01-07 19:25:25,Finance,Medium,Germany,Ransomware,External,None,Email,Social Engineering,Payload 20,Cloud Storage,Intellectual Property,26207.404122533946,35.63669850076446,5,User Report,Mitigation 20,50.703359116076435,6.26209463729934,True,79931.5691588455,True,True,True,GDPR
658b1ea5-3cc1-4483-b7ad-8511f7ed5d90,2024-11-27 23:30:24,Education,Medium,USA,Phishing,External,Emotet,Network,Zero-Day,Payload 37,Cloud Storage,Intellectual Property,16999.58896757027,34.604555059408526,9,IDS,Mitigation 7,22.8241305332465,2.485544268240194,True,283009.0722844939,True,True,True,NIST
7fce6972-22da-4075-98a1-2b97ed1c54c2,2024-09-29 08:34:01,Finance,Medium,USA,DDoS,Internal,None,Phishing Link,None,Payload 15,Workstations,Financial Records,16915.390236651387,42.046909460333495,4,Antivirus,Mitigation 16,21.47576452489791,0.771371876105331,True,243037.4765860769,True,True,True,GDPR
43064347-d127-48cd-933e-dc96bf2c3c2d,2024-10-19 04:28:31,IT,Small,USA,Phishing,Internal,Ryuk,Web,Brute Force,Payload 47,Database,Intellectual Property,34915.88477658875,35.74120168826772,10,Antivirus,Mitigation 12,111.65693579030494,4.4737288554299495,True,39412.32356688523,True,True,True,ISO 27001
904ce09c-60a4-48b0-a12a-c501c1c680bf,2025-02-09 22:05:00,Finance,Medium,UK,Ransomware,Internal,WannaCry,Email,None,Payload 19,Cloud Storage,Intellectual Property,52132.27822144919,37.569831299734126,7,SIEM,Mitigation 18,46.90378505000529,2.128587568538748,True,257313.96580305466,True,True,True,ISO 27001
6e5b3d74-dc33-4831-b8cc-63fb888a282a,2024-12-27 07:54:01,Finance,Medium,USA,Zero-Day Exploit,External,None,Network,SQL Injection,Payload 10,Cloud Storage,Financial Records,17479.123148614428,33.33678425983993,2,User Report,Mitigation 8,137.94831510768373,8.240232584710519,True,-81576.28336605248,True,True,True,None
4a62452b-774e-4e28-a82e-f41e29434554,2024-09-16 01:52:01,Education,Small,Brazil,DDoS,Internal,Emotet,USB,Brute Force,Payload 42,Database,Intellectual Property,49626.778009601825,39.98692794045684,9,User Report,Mitigation 1,121.27404941116802,4.761943276644041,True,455986.6648221613,True,True,True,NIST
37db2a98-2586-438f-9182-d5785b786c64,2025-02-12 04:43:58,Education,Medium,USA,Zero-Day Exploit,Internal,Ryuk,Web,Brute Force,Payload 19,ERP,None,18578.890783187824,15.868354716882127,4,SIEM,Mitigation 8,55.20102602899173,3.3732850354904445,True,92225.93320338987,True,True,True,ISO 27001
a95e1ebd-8067-445f-9338-96f74a87a1bd,2024-12-14 06:52:05,Finance,Small,UK,SQL Injection,Internal,Emotet,Phishing Link,Zero-Day,Payload 5,Workstations,Financial Records,35570.35993248538,11.736744486942747,4,IDS,Mitigation 18,131.64195603978172,1.245570124123362,True,69248.24628964436,True,True,True,None
38f096b4-0766-4077-9e9d-c80b568df0b0,2024-12-14 10:41:01,IT,Medium,UK,Phishing,External,None,Network,None,Payload 45,Cloud Storage,Financial Records,46571.87665156593,38.49023482444138,7,User Report,Mitigation 3,173.1487864212218,2.2876854356428282,True,158523.94864276017,True,True,True,None
0065b444-dab7-46f0-ae73-33cb6786393b,2025-02-04 03:33:47,Finance,Medium,UK,Zero-Day Exploit,External,None,Network,None,Payload 28,ERP,Financial Records,11286.526365620577,34.41734394972782,9,User Report,Mitigation 5,177.3289026341563,4.3180563205728975,True,360854.0537737372,True,True,True,ISO 27001
99f40361-ff2d-4531-abe0-0b1f48d61ed8,2024-10-12 06:16:22,Finance,Medium,Germany,DDoS,External,None,Network,Brute Force,Payload 33,Database,Intellectual Property,20387.80605864025,41.026886839965,7,SIEM,Mitigation 7,38.64793525753945,4.804779290359998,True,226726.81788629203,True,True,True,GDPR
c4dfb0e3-add0-46dd-be1a-428bb885e40b,2024-09-02 05:38:47,Retail,Medium,UK,DDoS,Internal,Emotet,Email,Zero-Day,Payload 47,Database,Customer Data,39159.66582362609,8.123188862882811,9,Antivirus,Mitigation 18,75.22108205820922,2.294144315546645,True,284713.28813912265,True,True,True,None
be91d839-c7b9-44a7-9ebd-5d430dd91be4,2024-06-13 07:04:14,Finance,Small,UK,Phishing,External,None,USB,SQL Injection,Payload 40,Database,None,47995.10915773654,38.86481378285262,3,Antivirus,Mitigation 18,180.15852644031693,8.00040420917902,True,323878.1980429887,True,True,True,ISO 27001
a5ed85d6-9f21-459b-920f-8e6ef6622a7e,2024-09-16 00:31:03,Education,Medium,Germany,Ransomware,Internal,Emotet,Phishing Link,None,Payload 8,Workstations,None,35892.20071054739,31.635951583800136,11,SIEM,Mitigation 18,166.30502651071453,0.10554383187947991,True,290424.61611126957,True,True,True,None
0345aaf4-1bbb-408d-9d80-b96b5354cb27,2024-07-11 00:25:08,Manufacturing,Medium,USA,DDoS,Internal,None,Phishing Link,None,Payload 27,Database,Customer Data,13486.139292089283,40.43398888069781,3,SIEM,Mitigation 5,122.5860777143663,2.1949524091829096,True,53938.63790374939,True,True,True,NIST
a2191e63-364d-4981-9e75-14ee5e86c6dd,2024-08-28 02:08:11,Manufacturing,Medium,UK,Phishing,External,None,Network,Brute Force,Payload 2,Workstations,Intellectual Property,-905.9529307636367,28.30686031555893,9,User Report,Mitigation 14,78.74377833595626,5.301971771309048,True,173218.78589296457,True,True,True,None
222b6842-8353-41e2-86f4-7e9f88fe103f,2024-12-03 15:53:37,Retail,Medium,Germany,Zero-Day Exploit,Internal,None,Email,Zero-Day,Payload 6,ERP,None,49586.69656863625,27.24371078382718,4,Antivirus,Mitigation 10,52.544089198646866,5.34487054510714,True,342730.29056134523,True,True,True,ISO 27001
ba0dc311-928a-47db-864b-9577d9708f05,2025-05-10 13:59:40,Finance,Small,Germany,Phishing,External,WannaCry,USB,Social Engineering,Payload 29,Cloud Storage,Intellectual Property,44051.09385464495,34.65926125774129,12,User Report,Mitigation 17,89.9940906408731,4.107026925521703,True,278145.71326580795,True,True,True,GDPR
6fb700fd-05a8-45de-ba73-7897a247572c,2024-12-26 12:37:04,Healthcare,Medium,Nigeria,SQL Injection,Internal,Ryuk,USB,Zero-Day,Payload 46,Database,Intellectual Property,18296.684967380403,29.722640588855853,8,User Report,Mitigation 9,138.8546445928638,2.9331664004739384,True,-6036.402327717093,True,True,True,ISO 27001
da87b8e3-0f01-41d4-a6fb-6eb3ba9323e3,2024-11-12 09:03:49,Retail,Medium,USA,SQL Injection,Internal,WannaCry,Web,Brute Force,Payload 36,ERP,Intellectual Property,47698.05438289278,39.09372526148206,4,IDS,Mitigation 19,175.85475864924297,0.3525418047732899,True,274484.95525175927,True,True,True,ISO 27001
ff9d5a45-16e0-40c9-aba6-c3ee9cbcc27c,2025-03-27 23:32:56,IT,Medium,USA,Zero-Day Exploit,External,Emotet,Email,Brute Force,Payload 32,Cloud Storage,Intellectual Property,37130.37909765921,1.171029875851052,4,User Report,Mitigation 16,151.95033912146744,2.850093280565093,True,153471.99283747404,True,True,True,NIST
cd7b8ddb-4d42-4795-85a1-ec2c82ede8e4,2024-09-07 05:12:39,Finance,Medium,Germany,Zero-Day Exploit,Internal,Ryuk,Network,Social Engineering,Payload 29,Database,Intellectual Property,23208.097690044633,29.847064598233715,4,User Report,Mitigation 18,178.78326531271932,0.8879959734787868,True,175916.46497158456,True,True,True,None
da10a64d-8530-41f2-a912-1e86fb5c0896,2025-02-14 16:46:04,Finance,Medium,India,Phishing,External,Ryuk,Phishing Link,Brute Force,Payload 27,Cloud Storage,None,34432.233372831826,36.815211595866415,6,User Report,Mitigation 12,150.96141195774743,7.555679439378592,True,287518.3538328479,True,True,True,GDPR
f3ab3b17-9ebf-43b9-a9c7-946c744ac5a3,2024-08-11 09:52:10,Finance,Small,UK,Phishing,Internal,None,Network,None,Payload 10,Cloud Storage,Financial Records,41559.692553326044,35.47658147132273,8,Antivirus,Mitigation 19,158.59778636408893,3.2570808381551943,True,339058.14331992297,True,True,True,ISO 27001
cf7ed6e3-7cbd-429d-8f26-a886ebfa0338,2024-06-21 07:18:30,Finance,Medium,UK,Phishing,External,None,Phishing Link,Zero-Day,Payload 30,ERP,Customer Data,23929.950951327563,34.486591676719215,7,User Report,Mitigation 5,121.00325916662696,3.1049699382983866,True,19245.6645056664,True,True,True,None
bd27c52a-ccc7-4615-8f1e-a085bd9185b2,2024-06-21 11:14:14,Retail,Medium,Brazil,Phishing,External,Emotet,Network,None,Payload 10,Database,Financial Records,8395.314524646232,36.84186194599986,8,Antivirus,Mitigation 2,55.906066519691144,5.899360487563575,True,287890.7921662947,True,True,True,ISO 27001
c16c248f-a1cd-463a-8779-89a71cd88736,2025-04-03 00:08:48,IT,Small,Germany,SQL Injection,External,Ryuk,Web,Zero-Day,Payload 35,Cloud Storage,None,17056.450772146833,37.52492094031942,7,User Report,Mitigation 7,123.54807021154994,2.952098270992975,True,-19062.943889218543,True,True,True,None
9487272e-13d5-4bb4-8fbc-53037378e737,2025-05-06 15:33:33,Retail,Medium,Germany,Ransomware,Internal,Ryuk,Phishing Link,Brute Force,Payload 44,Database,Financial Records,44395.154637422194,42.15105441004126,4,IDS,Mitigation 3,141.57454942936522,4.571928617470663,True,146814.47340614063,True,True,True,ISO 27001
c0fdf83b-137e-47ce-a8e2-c0fd17f8efc1,2024-12-02 09:27:34,IT,Medium,USA,DDoS,Internal,Emotet,Phishing Link,Zero-Day,Payload 16,Database,Intellectual Property,8832.865641541297,14.693948565602755,5,Antivirus,Mitigation 19,144.2007743728812,0.6489886438801947,True,-13660.567302513446,True,True,True,ISO 27001
cd606f6d-f93f-4507-8ff5-718cf7615c36,2024-06-03 04:02:14,Healthcare,Medium,USA,DDoS,Internal,None,Email,Brute Force,Payload 8,ERP,Intellectual Property,6809.049095504305,33.57309841308748,3,User Report,Mitigation 10,66.89058217608756,4.81024523897012,True,345834.283414454,True,True,True,None
08bcb8fa-8f46-4f2b-b934-577fb6acc96c,2025-05-08 15:24:39,Finance,Medium,USA,Phishing,Internal,WannaCry,Phishing Link,Brute Force,Payload 5,Workstations,Financial Records,43500.33901949954,55.72390604841095,9,User Report,Mitigation 1,49.60383563954309,7.6669794613192686,True,282357.7838462306,True,True,True,ISO 27001
0dca251a-7a1b-4e55-9f5b-946613dd1c63,2024-12-09 15:13:13,Retail,Medium,UK,Ransomware,Internal,Ryuk,Email,Zero-Day,Payload 37,ERP,Customer Data,36547.97701064663,30.787897814955276,6,User Report,Mitigation 7,77.99849727067426,4.6163036388456815,True,393397.1058939851,True,True,True,ISO 27001
5635addd-b34d-489e-b210-db91700cb2d4,2025-03-20 03:31:03,Education,Small,India,DDoS,Internal,Emotet,Email,Social Engineering,Payload 35,Cloud Storage,Customer Data,32307.87579749667,39.988712951860855,4,SIEM,Mitigation 20,176.98665709887453,1.7699789794435343,True,84615.17625371246,True,True,True,GDPR
eaa8a532-9f0e-455c-a1d5-e8822c9f5572,2024-12-14 16:39:27,Education,Medium,UK,Phishing,External,Ryuk,Web,Zero-Day,Payload 50,Workstations,Intellectual Property,46964.18259122964,31.449175104555263,6,User Report,Mitigation 5,200.74031807459136,4.178598769422308,True,242475.51505470506,True,True,True,NIST
1ebd338c-4fc8-4be4-ad79-4e099a1f1eba,2024-09-05 09:29:40,Finance,Medium,USA,SQL Injection,Internal,None,USB,Social Engineering,Payload 33,Cloud Storage,None,38322.167499566276,32.24161338471759,2,User Report,Mitigation 15,101.6223063518966,2.8046847875053915,True,308912.7152440233,True,True,True,None
96207ee5-d8b1-4c29-b95c-0e174175ec9f,2025-05-10 19:10:40,Retail,Medium,Nigeria,Phishing,Internal,None,Network,Zero-Day,Payload 16,Workstations,Customer Data,19042.086273746667,51.721396399085286,5,SIEM,Mitigation 17,47.024704187284385,2.9745941476102447,True,329231.6118233255,True,True,True,ISO 27001
23b2a2f2-f822-4e95-9ea6-0e9f24441926,2025-03-01 00:22:01,Education,Medium,Nigeria,DDoS,Internal,WannaCry,Phishing Link,Zero-Day,Payload 17,ERP,None,41914.538146915205,30.029971267993773,9,IDS,Mitigation 6,108.58895466100927,0.5288205172497785,True,322091.6186413468,True,True,True,ISO 27001
066b7b4e-685f-42d1-9bc1-14573e916cac,2024-08-13 20:25:47,Manufacturing,Medium,Nigeria,Phishing,External,Emotet,Phishing Link,Zero-Day,Payload 42,Database,Customer Data,51578.514726597605,20.210874619373907,9,User Report,Mitigation 16,34.339102407286575,4.221409802917374,True,-81562.92159945918,True,True,True,None
13c59e42-93a7-4d57-841a-35dd7cfc6357,2025-01-12 02:06:07,Education,Medium,UK,SQL Injection,Internal,Ryuk,Network,Brute Force,Payload 48,Cloud Storage,None,10334.265094876579,28.62165206750004,8,User Report,Mitigation 9,91.22109414080757,4.003156338115206,True,220076.9393572341,True,True,True,ISO 27001
a93e69d2-82f9-445a-bde5-a7de3a0ee749,2024-12-29 12:18:03,Education,Medium,Nigeria,SQL Injection,Internal,None,Network,Zero-Day,Payload 18,ERP,Intellectual Property,29423.404672973254,25.568941387330035,6,Antivirus,Mitigation 7,48.695804495469204,3.1348348394670076,True,7657.598623427941,True,True,True,None
4835d67d-fd8e-4b2e-bcb9-b0c821cee871,2024-08-18 06:55:35,IT,Small,USA,SQL Injection,External,None,Phishing Link,None,Payload 47,Workstations,Financial Records,30714.228286151785,37.27076757421203,4,Antivirus,Mitigation 10,152.71199610280834,2.5559918295263184,True,48984.06661903774,True,True,True,GDPR
925bef56-f945-4fb6-975e-3e3792b1c2be,2025-02-20 00:27:59,Education,Medium,UK,SQL Injection,External,WannaCry,Web,Zero-Day,Payload 3,Database,None,3553.7862120850386,15.796373486414055,6,User Report,Mitigation 3,179.55706424656734,4.303087815354081,True,-30636.621164011172,True,True,True,ISO 27001
f51f12a9-3e5f-4cc3-9147-087a8c33a647,2024-11-04 17:41:07,Finance,Small,Brazil,Phishing,Internal,Emotet,Web,Brute Force,Payload 11,Database,Intellectual Property,20091.362051264783,41.11702197927707,8,Antivirus,Mitigation 20,52.31954889292774,7.283796700738901,True,102208.28285006723,True,True,True,ISO 27001
49e8bf31-04b6-4095-b5cc-591a2e0d412b,2024-11-28 08:32:17,Finance,Small,Germany,Ransomware,Internal,Emotet,Phishing Link,Brute Force,Payload 29,Database,Financial Records,48330.22599169509,50.753260693344856,7,IDS,Mitigation 5,56.580156266941046,7.526415408762613,True,300934.0482878506,True,True,True,ISO 27001
5a09dbeb-1476-4c48-8284-32a5a0fa31df,2024-09-22 11:37:33,Manufacturing,Medium,UK,SQL Injection,Internal,Emotet,Web,Zero-Day,Payload 46,Workstations,Intellectual Property,30989.526006112028,5.197306065706027,10,SIEM,Mitigation 1,70.32508356425865,0.3585763407528516,True,-58090.84146577759,True,True,True,None
74baed95-b81a-4910-bf84-09f9d012314e,2024-09-12 21:45:25,Finance,Small,UK,Ransomware,External,Emotet,Network,SQL Injection,Payload 44,Workstations,None,28137.666545987307,9.174239858411115,2,IDS,Mitigation 9,131.94537222970007,3.8903483743878082,True,102253.70780872332,True,True,True,ISO 27001
604b8b7e-ecd5-4ad3-81db-df637f857f5c,2024-12-13 05:56:56,Finance,Medium,UK,DDoS,Internal,None,Network,Zero-Day,Payload 37,Workstations,Intellectual Property,18259.737214159675,11.409266966356197,2,IDS,Mitigation 8,173.0472467661117,4.928038185147338,True,126027.51791869133,True,True,True,GDPR
cd606f6d-f93f-4507-8ff5-718cf7615c36,2024-10-30 23:32:29,Retail,Medium,Germany,SQL Injection,External,None,Network,None,Payload 23,Workstations,None,37287.022003475606,41.06233521084966,6,IDS,Mitigation 9,35.9888546054072,7.292791228960608,True,155865.5423836251,True,True,True,None
e8c1e549-3c48-4b66-9e6a-8e1345dc74bd,2024-06-07 13:24:15,Healthcare,Medium,Brazil,Zero-Day Exploit,External,Emotet,Phishing Link,SQL Injection,Payload 27,Cloud Storage,None,6645.221759273947,17.8359088815791,5,IDS,Mitigation 12,184.89316896279774,1.3582346796897615,True,437179.17871431616,True,True,True,ISO 27001
77150fd2-820d-4a2b-b19b-188047131e67,2024-08-17 03:02:34,Education,Medium,UK,Phishing,Internal,Emotet,Phishing Link,Social Engineering,Payload 20,Database,None,24103.661857800103,35.940997194307535,9,Antivirus,Mitigation 5,32.70544073874365,5.856850371593494,True,6894.771389607296,True,True,True,GDPR
01b0d4a7-b66a-4901-9c91-265f6aa75bfc,2025-03-24 19:32:26,Manufacturing,Medium,Nigeria,SQL Injection,External,None,Email,SQL Injection,Payload 4,Cloud Storage,Financial Records,9123.686869596924,27.805243877695496,4,User Report,Mitigation 4,37.70962292628727,1.7050974146957139,True,-19276.597381849686,True,True,True,None
f99c8540-a6e2-4b87-84f9-bd7b8b80a3a7,2024-09-11 09:19:38,Manufacturing,Medium,USA,SQL Injection,External,WannaCry,USB,Brute Force,Payload 26,Cloud Storage,Financial Records,30456.705828323786,17.273224647886774,7,Antivirus,Mitigation 10,154.6110745086145,2.645363916940015,True,134551.7377914017,True,True,True,None
868d5e48-8b8f-412c-a611-972bdee6985c,2024-12-13 05:15:13,Retail,Small,India,Ransomware,External,Emotet,Phishing Link,None,Payload 40,Cloud Storage,Financial Records,26567.141387031857,31.020682630408327,3,SIEM,Mitigation 10,160.67261900550233,2.7106185334764383,True,100380.12555668596,True,True,True,ISO 27001
abc699ca-4497-4ac2-8934-d177ae11e158,2024-09-13 00:51:16,Manufacturing,Small,UK,Zero-Day Exploit,External,Ryuk,Network,Zero-Day,Payload 40,Workstations,Customer Data,48930.852602990155,35.29031401614638,7,SIEM,Mitigation 4,39.31846480700613,5.8917626362130875,True,283073.7159143541,True,True,True,GDPR
71570a4b-9015-4338-bd83-7b54391571c1,2024-08-29 00:52:34,Manufacturing,Medium,USA,Ransomware,External,Ryuk,Email,Zero-Day,Payload 35,Workstations,Customer Data,54385.40030828733,20.199329405153474,11,SIEM,Mitigation 4,157.44672214343768,5.7755221044086,True,234542.8641745185,True,True,True,GDPR
26624619-eeab-412a-b219-6f7bee2e3445,2025-02-18 05:06:10,Education,Medium,UK,Phishing,External,Emotet,Network,Zero-Day,Payload 42,Database,Financial Records,15042.751449899777,49.76843389774241,4,Antivirus,Mitigation 1,84.02688056891677,4.8857327037164975,True,-17563.082380241292,True,True,True,None
26624619-eeab-412a-b219-6f7bee2e3445,2025-04-08 01:12:43,Healthcare,Medium,Nigeria,SQL Injection,Internal,Emotet,Phishing Link,Zero-Day,Payload 23,Cloud Storage,Customer Data,52507.28597438664,26.933767796196978,3,SIEM,Mitigation 12,52.49555259873341,6.834718558538019,True,291914.9030507298,True,True,True,GDPR
26624619-eeab-412a-b219-6f7bee2e3445,2024-08-01 06:32:06,Retail,Medium,UK,SQL Injection,External,Emotet,Phishing Link,Brute Force,Payload 20,ERP,None,16184.662958073597,34.478423152126474,7,SIEM,Mitigation 14,61.129369642949676,1.0651747021585984,True,146250.53692175346,True,True,True,None
3eb1fe75-26f8-4fd9-a3c0-08e37c36b25e,2024-08-10 20:42:06,IT,Medium,USA,Phishing,External,WannaCry,Web,Brute Force,Payload 42,Cloud Storage,Intellectual Property,39369.67558229502,41.05088997633881,8,User Report,Mitigation 5,184.70515174054694,5.676239736865069,True,440745.31963957124,True,True,True,GDPR
6c2c84a6-2c9b-4da4-a8b2-fb70b5221060,2024-06-30 17:13:01,Manufacturing,Medium,Brazil,DDoS,Internal,Emotet,USB,SQL Injection,Payload 32,Workstations,Intellectual Property,27106.90680814058,29.741780311005556,9,SIEM,Mitigation 6,31.35688184329294,1.004352003690419,True,317359.32426731143,True,True,True,NIST
96552291-a537-45bf-b217-ddd3d9a7ebc8,2024-09-05 15:35:50,Healthcare,Medium,USA,Ransomware,External,Emotet,Network,Zero-Day,Payload 30,Cloud Storage,Financial Records,23468.553791076247,29.43642575507456,2,SIEM,Mitigation 2,156.27573193932847,3.5914676578643174,True,137650.60783203458,True,True,True,None
c93fac7c-cae0-4856-aa15-955555ca7cee,2024-12-10 16:43:46,Education,Medium,UK,DDoS,Internal,Ryuk,Phishing Link,None,Payload 37,Cloud Storage,Customer Data,50559.96528486761,25.04455250347404,8,Antivirus,Mitigation 1,40.82538356559997,4.813826274507033,True,37734.0367392334,True,True,True,NIST
a32638b1-a0f7-4d03-abbe-7fdecc71555d,2024-06-12 04:00:02,Finance,Small,USA,Zero-Day Exploit,Internal,None,Phishing Link,Zero-Day,Payload 8,Database,Intellectual Property,38220.390350232694,41.321761179317065,8,SIEM,Mitigation 1,43.09527971161693,4.097407641060546,True,161895.37558452133,True,True,True,GDPR
2255413f-6f2f-4960-8adf-89c1814fefdf,2024-08-03 00:06:30,Manufacturing,Small,UK,Phishing,External,None,Email,Zero-Day,Payload 20,Workstations,Financial Records,34237.95651534093,27.483976998499745,3,Antivirus,Mitigation 12,192.61617146334436,4.618511798279559,True,-61594.4096190385,True,True,True,None
8cb01c67-1b8a-4ee8-9baa-afbf037a0cec,2024-08-17 01:28:20,Healthcare,Small,USA,Zero-Day Exploit,External,None,Email,None,Payload 23,ERP,Financial Records,37899.17916417227,29.073201908654287,10,Antivirus,Mitigation 8,200.96033249788115,3.650367853031583,True,301383.1878616303,True,True,True,GDPR
c8358e71-163c-4df6-9d3a-cea489221584,2025-04-24 13:27:40,Retail,Small,Germany,Zero-Day Exploit,External,Emotet,Network,None,Payload 24,ERP,Financial Records,48418.39306518528,33.6566276085085,9,Antivirus,Mitigation 8,163.99810930265048,6.400529845123849,True,142874.19971508867,True,True,True,None
9b2278b3-e764-4e0c-92f5-634cb65c6077,2024-10-10 05:14:25,Finance,Medium,Nigeria,Phishing,External,WannaCry,Phishing Link,Social Engineering,Payload 34,Database,None,43498.32568596579,52.59114346588606,8,SIEM,Mitigation 1,190.99451035859823,1.4811089271386033,True,119708.33247875783,True,True,True,None
7e5cf8fd-a553-479e-830e-b51c37fec567,2025-03-28 14:32:33,Finance,Small,India,Phishing,External,Ryuk,Phishing Link,Zero-Day,Payload 49,ERP,Customer Data,7788.775429512061,30.30645372911934,7,SIEM,Mitigation 2,50.734232918588404,3.2121023514587277,True,1614.5364992998366,True,True,True,GDPR
128e6157-9a52-426c-adf6-b9edb088c0dc,2024-05-20 22:53:51,Healthcare,Medium,Brazil,DDoS,External,Ryuk,USB,SQL Injection,Payload 8,ERP,Financial Records,37394.996181203016,37.907034672720926,7,User Report,Mitigation 2,52.61500483599586,7.561639926625606,True,346845.9443258828,True,True,True,NIST
416d3ce2-7ff0-4273-bd0b-d83b0ee766a8,2025-02-14 23:12:09,Healthcare,Medium,Brazil,Ransomware,External,Ryuk,Phishing Link,Social Engineering,Payload 31,Cloud Storage,Intellectual Property,11327.199515959033,51.012986931770016,7,SIEM,Mitigation 10,51.07343931866808,4.886286873225135,True,49518.03348276418,True,True,True,None
24cc00a6-26ad-4156-a7c0-bfcb9e0809e3,2024-11-13 13:00:31,Education,Small,Brazil,Phishing,External,None,Web,Zero-Day,Payload 35,ERP,Customer Data,9503.446789363052,54.119630676172314,6,IDS,Mitigation 2,145.02695200948327,1.8816267273686353,True,-33486.77197628659,True,True,True,NIST
0291de54-7735-45ad-8634-81c9192e27c4,2024-12-13 00:15:17,Finance,Medium,UK,Zero-Day Exploit,External,None,Web,Zero-Day,Payload 44,ERP,None,1104.295260796841,15.297920319795036,7,Antivirus,Mitigation 17,45.8251579028129,0.7511623947299859,True,-45265.57354687918,True,True,True,ISO 27001
604b8b7e-ecd5-4ad3-81db-df637f857f5c,2024-10-13 04:00:22,Education,Small,USA,Zero-Day Exploit,External,None,Web,Social Engineering,Payload 5,ERP,Intellectual Property,42423.95197907206,-1.1266541172483366,8,SIEM,Mitigation 15,32.691244223306185,1.2410415240052486,True,327366.18336095347,True,True,True,GDPR
9dd4dbdd-dff0-4c8b-98c5-424a74d27ea9,2025-02-23 02:51:50,IT,Medium,Germany,SQL Injection,External,None,Phishing Link,Social Engineering,Payload 50,Cloud Storage,None,40102.41518689308,9.242584671177603,2,Antivirus,Mitigation 3,167.76622193999685,1.4191995061391791,True,189616.8898811057,True,True,True,GDPR
e894cf2d-8a27-427b-936b-0b88d1521aab,2024-11-06 04:47:57,Finance,Small,Germany,SQL Injection,External,Emotet,Network,Brute Force,Payload 25,ERP,Intellectual Property,14672.752826280008,10.493639756216359,6,User Report,Mitigation 1,156.64354849575804,5.300902133082818,True,322279.51761829056,True,True,True,NIST
576a86f8-23f3-4d37-8b82-d059f6d8e2e3,2024-07-06 18:35:10,IT,Medium,Brazil,Ransomware,External,WannaCry,Network,Zero-Day,Payload 10,ERP,Intellectual Property,39244.94170706757,34.11137155247097,11,IDS,Mitigation 3,93.78595465827507,1.5967437614898259,True,119093.59149215749,True,True,True,GDPR
ee0f5b93-82ca-4e51-9bcd-e0f34a5dc043,2025-06-12 19:42:44,Education,Medium,UK,Phishing,External,Ryuk,Email,Brute Force,Payload 9,Cloud Storage,Intellectual Property,11610.941816418059,10.643658428425882,11,SIEM,Mitigation 12,71.45916528978913,5.807809984722388,True,179621.2133426565,True,True,True,ISO 27001
0d8f7817-40d0-41b1-a2f1-3e8f709afdf0,2025-01-03 01:08:13,Healthcare,Medium,Germany,Phishing,Internal,Ryuk,Network,Social Engineering,Payload 36,Cloud Storage,Customer Data,2340.6666202643837,49.7540794196242,2,User Report,Mitigation 14,121.8274755772166,7.146593470256008,True,70517.3637723513,True,True,True,ISO 27001
37e40357-b06f-42ee-bcd6-36b0694b9262,2024-08-16 03:03:10,Education,Medium,UK,Phishing,Internal,Emotet,USB,SQL Injection,Payload 40,Database,None,20805.077085155754,41.849980562541965,3,IDS,Mitigation 9,181.5309255916766,5.445866383987289,True,386121.45994099695,True,True,True,None
835be07f-826c-4acc-8220-6517e6601bb6,2024-06-13 01:37:32,Retail,Medium,USA,Phishing,External,WannaCry,USB,None,Payload 33,Database,None,30651.17825369202,33.007787905366456,10,SIEM,Mitigation 17,89.80254202568769,6.166745529985174,True,87910.15444362772,True,True,True,ISO 27001
5617fb17-85c6-4dbd-90d2-9332ff4ad627,2025-02-24 18:19:12,Retail,Medium,Nigeria,DDoS,Internal,WannaCry,Phishing Link,Zero-Day,Payload 18,ERP,Intellectual Property,10514.332259576979,36.19239560122372,8,SIEM,Mitigation 10,189.64337348107225,6.729014541388733,True,240702.65056026878,True,True,True,GDPR
99f40361-ff2d-4531-abe0-0b1f48d61ed8,2024-09-02 20:36:02,Healthcare,Medium,USA,Phishing,External,Emotet,USB,SQL Injection,Payload 47,ERP,Intellectual Property,13749.878494034248,41.48435914421565,8,Antivirus,Mitigation 11,29.15761493341868,7.971806271871094,True,324453.8961674734,True,True,True,ISO 27001
0065b444-dab7-46f0-ae73-33cb6786393b,2024-09-23 09:20:23,Healthcare,Medium,Nigeria,Ransomware,External,Ryuk,Phishing Link,Social Engineering,Payload 18,Database,None,18889.615449933677,32.90968745280394,6,User Report,Mitigation 9,194.77127731747285,2.099312007336586,True,30663.142883532943,True,True,True,ISO 27001
55d60d5c-7d98-4b78-a9fc-2ba88838d2df,2025-05-04 08:47:21,Manufacturing,Medium,USA,Phishing,External,None,Email,None,Payload 1,Workstations,Intellectual Property,34078.0836192168,11.572628079220618,6,IDS,Mitigation 6,25.39762493471848,5.0114971798665815,True,27315.923175756936,True,True,True,None
0345aaf4-1bbb-408d-9d80-b96b5354cb27,2025-05-28 21:10:21,Manufacturing,Medium,Nigeria,Ransomware,External,WannaCry,Network,Zero-Day,Payload 24,Cloud Storage,Financial Records,31382.149638372615,22.715735703684864,10,User Report,Mitigation 20,48.40248062810863,1.5694543547869635,True,-95666.54220218195,True,True,True,None
598747d4-b7b3-4a22-a093-ce646983f6db,2024-09-15 05:15:02,Manufacturing,Medium,USA,SQL Injection,External,Emotet,Email,SQL Injection,Payload 1,Workstations,Customer Data,34138.56414344961,23.13328972205679,4,User Report,Mitigation 15,16.63152133008495,7.842243453551452,True,142332.6291153478,True,True,True,None
4a62452b-774e-4e28-a82e-f41e29434554,2024-07-30 02:30:18,Education,Small,Nigeria,Zero-Day Exploit,Internal,Emotet,Network,Social Engineering,Payload 1,Workstations,Intellectual Property,30060.358988472704,25.943997942083627,3,SIEM,Mitigation 1,92.0837850570678,6.971219398704832,True,305322.73356893775,True,True,True,None
b0259226-c783-457d-8e2d-c7cbdeea8248,2024-09-14 16:53:39,Education,Medium,India,Phishing,Internal,Ryuk,Web,Social Engineering,Payload 11,Database,Intellectual Property,39165.15438782245,41.59285378239053,11,IDS,Mitigation 13,180.9821626919991,1.810438904253497,True,80876.16552626176,True,True,True,ISO 27001
63126f8e-7bb5-4416-94fd-1d24b236ed70,2025-01-13 21:11:17,Finance,Small,Brazil,Ransomware,Internal,None,Network,None,Payload 47,Database,Financial Records,33355.38836139869,55.467337116594145,11,User Report,Mitigation 19,159.75668287724793,1.7467251022899792,True,275136.4746226945,True,True,True,ISO 27001
b9c6b975-415d-4c1d-b3f4-c75c403cb23c,2024-10-12 09:17:38,Finance,Medium,India,DDoS,Internal,WannaCry,Email,None,Payload 19,ERP,Financial Records,33684.7837234433,19.128661298121116,7,IDS,Mitigation 2,23.822086002787536,2.8387167332780274,True,369225.09244839195,True,True,True,ISO 27001
e0acb0d4-0318-423c-bf4e-a6c9fe6e96a9,2024-07-02 19:31:31,Healthcare,Medium,UK,Ransomware,External,Emotet,Phishing Link,Zero-Day,Payload 6,Workstations,Financial Records,39860.63120304512,22.238820000876952,7,IDS,Mitigation 3,92.74136200539718,6.181922751867351,True,141238.36542187975,True,True,True,None
0291de54-7735-45ad-8634-81c9192e27c4,2024-09-16 07:43:41,Manufacturing,Small,Nigeria,Ransomware,External,None,Phishing Link,Social Engineering,Payload 21,Cloud Storage,None,8685.312010405449,35.60195796002121,10,User Report,Mitigation 7,160.84682093738957,2.5215696031600827,True,414766.73655081895,True,True,True,None
83fd6066-f7a4-4031-9462-2ef2d6bf70ec,2024-10-17 11:21:24,Healthcare,Medium,Nigeria,DDoS,External,WannaCry,Web,Brute Force,Payload 1,Database,Intellectual Property,12209.979927851675,46.24691929680195,9,User Report,Mitigation 20,179.91424540599775,7.672890904394721,True,397131.79901298485,True,True,True,GDPR
12d230d3-ef26-4b02-9f33-3ca9d4af463f,2024-06-13 06:28:59,Finance,Medium,USA,DDoS,External,None,Phishing Link,Zero-Day,Payload 42,Database,None,32963.58972432647,45.75425911439052,10,SIEM,Mitigation 6,168.26365340189247,5.735720981179583,True,173161.86680898222,True,True,True,None
79b35596-f86c-412c-903e-a7b6c3a0b4f8,2024-08-12 09:46:00,Retail,Medium,UK,Phishing,External,None,USB,Social Engineering,Payload 47,Database,Financial Records,47399.545743841205,34.344430412489224,8,Antivirus,Mitigation 3,163.06731203260412,1.240554744682062,True,-2379.866976208519,True,True,True,GDPR
5f5c3c56-8f36-4be5-9033-b46ae0d96ea0,2024-09-02 15:30:22,IT,Medium,UK,Phishing,External,Emotet,Phishing Link,Zero-Day,Payload 38,Workstations,Financial Records,51749.981490442326,32.30166740217993,9,User Report,Mitigation 11,163.34901282884178,4.284804193078815,True,32130.89672147385,True,True,True,None
0d675af0-4a53-4f74-a602-019da6a1dd45,2024-05-27 20:01:12,Retail,Small,UK,SQL Injection,External,None,Web,SQL Injection,Payload 45,Cloud Storage,Intellectual Property,37714.706524535155,29.727834880707668,11,IDS,Mitigation 10,150.21544135756739,5.27485674175798,True,433608.2042117364,True,True,True,ISO 27001
f17ae4a9-c7b8-4a9a-beeb-ab2f341c366a,2025-03-07 10:47:29,IT,Medium,Brazil,DDoS,External,WannaCry,USB,Brute Force,Payload 11,Database,Intellectual Property,8881.188300409904,12.754908725078499,8,IDS,Mitigation 20,169.42089310466503,1.3284964161746835,True,407687.12438004365,True,True,True,GDPR
f2541580-0c53-4d76-b39b-1e0702ff0741,2025-06-16 01:57:13,Retail,Medium,Germany,Phishing,External,WannaCry,Network,Social Engineering,Payload 8,Workstations,Customer Data,18021.84061990459,48.819400793217135,2,User Report,Mitigation 14,169.19956698056268,3.1693496778987904,True,-104316.16179433961,True,True,True,ISO 27001
f8df54cf-c9d9-4aec-b1dc-5a0aa7edac86,2025-02-03 07:37:36,Finance,Medium,UK,Ransomware,External,Emotet,Email,Zero-Day,Payload 6,Cloud Storage,Financial Records,31807.57262089684,46.8473990672516,10,Antivirus,Mitigation 14,111.44450631397505,5.433662682709831,True,272466.5905448225,True,True,True,GDPR
f41b796f-7332-4f26-a3ad-c418f9867399,2025-01-07 16:36:07,Retail,Medium,India,Phishing,External,None,Web,Brute Force,Payload 41,Workstations,Intellectual Property,34553.77127953486,33.68785213530836,10,Antivirus,Mitigation 6,133.899458063691,5.259074460246623,True,-6461.141260545672,True,True,True,None
d8d17cab-4f00-4b60-8589-fa9422561d0d,2024-10-04 12:58:19,Finance,Small,USA,Ransomware,Internal,WannaCry,Phishing Link,None,Payload 47,Cloud Storage,Customer Data,22065.601898722205,18.216373070259333,8,SIEM,Mitigation 1,199.5234520749038,5.478540052449193,True,287038.110022791,True,True,True,ISO 27001
6bedbccb-fa2b-45ac-8934-f4d0ec6c2118,2024-10-04 00:55:25,IT,Small,UK,Ransomware,External,None,Network,None,Payload 30,Workstations,Intellectual Property,47672.79509886637,0.23710037663706096,9,User Report,Mitigation 19,33.22691574726184,2.8653210725536633,True,-2662.8771506715275,True,True,True,GDPR
17bd0d2d-6111-4311-b3b5-814ef442a07f,2025-03-10 04:43:31,Manufacturing,Small,India,SQL Injection,External,None,Email,None,Payload 31,Cloud Storage,Financial Records,-1789.7752332875261,40.16916216453034,6,User Report,Mitigation 17,162.78442949963318,7.7794937045999575,True,142540.60845034913,True,True,True,None
4835d67d-fd8e-4b2e-bcb9-b0c821cee871,2025-01-20 16:01:19,Education,Small,Nigeria,Zero-Day Exploit,External,Emotet,Web,Zero-Day,Payload 15,Cloud Storage,None,52229.52155069324,18.80369923146908,10,User Report,Mitigation 13,147.09287205579133,0.7112333994935645,True,-92646.02565696412,True,True,True,ISO 27001
76f8ada8-3788-47a7-ba3b-4939c6df3be7,2025-04-16 20:34:30,Finance,Medium,USA,DDoS,External,None,Phishing Link,Brute Force,Payload 11,Database,Intellectual Property,39728.30305149533,34.02362631501364,8,Antivirus,Mitigation 18,61.40601362751056,2.575269480407127,True,182886.55810306204,True,True,True,GDPR
8ab2a5af-5418-4952-b1f2-7ad45821ec71,2024-09-04 13:58:23,Healthcare,Medium,UK,Ransomware,Internal,Emotet,Web,SQL Injection,Payload 19,ERP,Customer Data,30169.09397605643,32.79163788090902,1,IDS,Mitigation 14,102.76310703924645,1.2250375990049918,True,115473.02440500165,True,True,True,NIST
fdc4b6ad-5ff3-4343-a888-28b614d93a47,2024-08-30 01:40:52,Retail,Medium,Brazil,Ransomware,Internal,None,USB,Brute Force,Payload 30,Cloud Storage,Financial Records,36066.76799291328,31.842693639266486,5,Antivirus,Mitigation 2,72.231407869359,6.4929489556895525,True,-45774.694077065375,True,True,True,None
9229aede-4f37-4a39-bff6-97f5efd2e82a,2024-08-04 16:43:44,Education,Medium,USA,DDoS,External,WannaCry,Email,Zero-Day,Payload 27,ERP,Financial Records,39977.696686440286,21.652454353875164,6,SIEM,Mitigation 4,110.11366394971397,1.6565993790850317,True,305172.2788498833,True,True,True,None
0406be24-379a-4d7c-b403-b97b69c9b367,2025-05-19 22:10:34,Finance,Medium,USA,Phishing,External,None,Web,Brute Force,Payload 17,Database,Financial Records,35598.235869669974,50.61259218519426,8,SIEM,Mitigation 1,193.13359033011125,2.579422662182393,True,120579.02102346015,True,True,True,GDPR
d8d17cab-4f00-4b60-8589-fa9422561d0d,2025-04-18 08:53:38,Retail,Medium,India,Zero-Day Exploit,Internal,WannaCry,Phishing Link,SQL Injection,Payload 9,Database,Intellectual Property,52098.862781898184,46.66044708171312,9,User Report,Mitigation 13,42.38975159335098,1.6534267346591984,True,55283.12395179205,True,True,True,ISO 27001
f04fe6d6-36d9-4285-a147-f2ca580348a1,2025-03-29 17:59:04,Manufacturing,Small,Brazil,DDoS,Internal,None,USB,Brute Force,Payload 30,ERP,Intellectual Property,17498.988132696013,29.12241352433142,8,IDS,Mitigation 9,156.87116372818338,1.955784818002904,True,348558.44071090105,True,True,True,None
9d66b444-8f1b-4ab0-815e-1feded0f3b01,2024-09-11 08:08:55,IT,Medium,USA,Phishing,External,Emotet,Phishing Link,Social Engineering,Payload 30,Cloud Storage,None,20311.701078698712,27.210372954125848,9,Antivirus,Mitigation 4,99.33628103326856,2.780366753003409,True,61124.99418508762,True,True,True,ISO 27001
83fd6066-f7a4-4031-9462-2ef2d6bf70ec,2025-06-08 10:55:43,Education,Medium,USA,Phishing,Internal,Emotet,USB,SQL Injection,Payload 2,Cloud Storage,Financial Records,39036.22515418515,35.633925103878155,3,Antivirus,Mitigation 8,105.63219564016288,3.7257462451544803,True,341000.3562107921,True,True,True,None
99f40361-ff2d-4531-abe0-0b1f48d61ed8,2024-09-03 16:36:02,Manufacturing,Small,Brazil,SQL Injection,External,Emotet,Network,Brute Force,Payload 49,Workstations,None,14415.46067085947,28.668487361466752,7,IDS,Mitigation 13,28.890761900633695,5.730170130533959,True,-5661.397317567491,True,True,True,ISO 27001
93813c0e-dbc8-414f-8ea7-4c6907df7ec2,2024-07-13 12:42:55,Retail,Medium,UK,DDoS,External,WannaCry,Web,SQL Injection,Payload 3,Workstations,Intellectual Property,46820.24776653803,17.653538510398377,2,SIEM,Mitigation 18,178.51687003922092,2.287186406806114,True,140715.74770068738,True,True,True,GDPR
cb0f0ac7-bda3-4922-8424-f49ced5cc087,2025-05-13 06:14:12,Finance,Medium,USA,DDoS,Internal,WannaCry,Phishing Link,SQL Injection,Payload 2,Cloud Storage,Intellectual Property,21217.475600890255,32.93436014883131,7,Antivirus,Mitigation 15,185.29375356885572,-0.5936976265177147,True,61020.93004820944,True,True,True,NIST
79b35596-f86c-412c-903e-a7b6c3a0b4f8,2025-06-01 12:54:55,Healthcare,Medium,Germany,SQL Injection,External,None,Phishing Link,Brute Force,Payload 14,Database,Customer Data,21217.591143920043,36.76892179123932,4,User Report,Mitigation 14,126.58961105146693,2.0267890156243658,True,39351.62555195116,True,True,True,None
da87b8e3-0f01-41d4-a6fb-6eb3ba9323e3,2024-08-16 08:11:41,Finance,Small,Brazil,Phishing,Internal,None,Network,None,Payload 12,Database,Financial Records,14237.164106969181,20.521942832905374,5,Antivirus,Mitigation 15,28.47207303585335,6.0928555432994,True,316150.6675269343,True,True,True,None
7710e7bd-8eae-4e6b-a456-64722dcfc120,2025-01-04 14:08:32,Education,Small,Germany,Ransomware,External,None,Network,Zero-Day,Payload 11,Database,Intellectual Property,37851.338677497566,35.2609919209729,6,IDS,Mitigation 10,167.4522713637092,3.52333690414447,True,342736.7027880002,True,True,True,None
a05b0e46-87e5-4b5c-985c-962722666834,2024-07-03 15:46:29,Manufacturing,Medium,USA,SQL Injection,External,None,Email,Zero-Day,Payload 27,Cloud Storage,Financial Records,31429.424279337843,21.363859194907207,3,IDS,Mitigation 3,76.36796342821202,7.531538040074297,True,37115.93774746364,True,True,True,GDPR
abc699ca-4497-4ac2-8934-d177ae11e158,2025-04-30 21:37:51,Education,Small,USA,Ransomware,Internal,Ryuk,Web,SQL Injection,Payload 10,Database,Customer Data,38069.089431429464,37.02657238637836,11,User Report,Mitigation 20,173.2871266715235,3.026666331226866,True,8312.787264883984,True,True,True,None
55d60d5c-7d98-4b78-a9fc-2ba88838d2df,2025-04-07 08:05:49,Healthcare,Medium,UK,Phishing,External,Emotet,Phishing Link,Brute Force,Payload 44,Database,None,40961.90751697901,20.53127668877761,4,IDS,Mitigation 8,130.3629518974475,2.6249152423736706,True,-28490.928100846388,True,True,True,ISO 27001
b2c1d9ff-3541-43ca-89e7-1e3b51fb456c,2024-07-22 17:22:12,Education,Small,Nigeria,SQL Injection,External,Emotet,USB,Zero-Day,Payload 30,Cloud Storage,Financial Records,35665.806533549585,19.82259430589337,7,SIEM,Mitigation 5,156.53445282350089,4.555134560435688,True,123099.51207706316,True,True,True,None
d8d17cab-4f00-4b60-8589-fa9422561d0d,2024-08-26 11:24:33,Education,Small,USA,Zero-Day Exploit,External,None,Web,Brute Force,Payload 46,ERP,Intellectual Property,16659.609341312105,28.28655708335628,10,IDS,Mitigation 6,58.98647539468874,4.5119835887272846,True,66223.80210132926,True,True,True,NIST
c3da8894-87fd-46c4-98e6-defcaa2429c4,2025-02-25 02:41:38,IT,Small,USA,SQL Injection,Internal,WannaCry,Email,Social Engineering,Payload 5,Database,Intellectual Property,31702.15272305818,28.49359178640201,3,Antivirus,Mitigation 15,51.14942237500719,5.676735513120065,True,386314.351154456,True,True,True,None
f9a7cb7d-d92f-419d-bf60-9f8934a6833f,2024-06-21 22:29:37,Retail,Small,Brazil,Zero-Day Exploit,External,Ryuk,Web,Social Engineering,Payload 10,Database,Financial Records,2448.937008483611,19.966491056474688,9,Antivirus,Mitigation 9,131.59804523982493,4.781048425861224,True,109290.48940539772,True,True,True,None
0d8f7817-40d0-41b1-a2f1-3e8f709afdf0,2024-07-25 16:52:43,Healthcare,Medium,UK,SQL Injection,External,WannaCry,Web,Zero-Day,Payload 22,Cloud Storage,None,2299.4769127229247,7.8761841820576795,10,SIEM,Mitigation 17,132.2886640435192,1.1366777844229894,True,79882.20611697336,True,True,True,ISO 27001
93813c0e-dbc8-414f-8ea7-4c6907df7ec2,2025-03-17 20:33:08,Education,Small,India,Phishing,External,None,Email,Social Engineering,Payload 33,Workstations,Financial Records,46944.220876888154,17.278334741802354,2,SIEM,Mitigation 9,67.79611351320642,2.984237400455222,True,-25885.32585535207,True,True,True,ISO 27001
bb41f186-c1d2-418c-95bc-f24c939109c5,2025-03-25 14:20:55,Retail,Medium,UK,Phishing,Internal,Emotet,Web,Zero-Day,Payload 45,Cloud Storage,Financial Records,13586.233324634082,31.317430652855784,1,User Report,Mitigation 16,150.81329254223556,3.3291548831320004,True,378792.13974034815,True,True,True,None
2d147b8d-5cd9-45e3-b352-ba2d4c0cc21c,2024-12-31 13:13:42,Healthcare,Medium,Brazil,DDoS,External,None,Phishing Link,SQL Injection,Payload 5,ERP,Intellectual Property,42598.96910501759,49.37820245200082,9,Antivirus,Mitigation 20,71.65618609420798,2.3468195410091734,True,246009.89397130723,True,True,True,None
02be45b5-c9b6-4ea6-b808-14fa4c9440f5,2024-07-20 23:50:50,Retail,Medium,UK,DDoS,Internal,Emotet,USB,SQL Injection,Payload 10,Workstations,Financial Records,9297.89484573364,25.287144643421854,10,Antivirus,Mitigation 15,41.14628465108782,3.1447408983952387,True,175246.1719633898,True,True,True,NIST
37db2a98-2586-438f-9182-d5785b786c64,2024-06-21 00:28:35,Manufacturing,Medium,Brazil,Ransomware,Internal,None,Web,Zero-Day,Payload 29,Workstations,Intellectual Property,17869.300484108695,41.321660477448184,5,IDS,Mitigation 20,67.68099186537977,4.047205915668191,True,113037.54231254282,True,True,True,ISO 27001
007d7f74-ffab-4957-913f-0fb21c88595b,2024-06-19 16:10:16,IT,Medium,Nigeria,Zero-Day Exploit,External,WannaCry,Phishing Link,Brute Force,Payload 30,ERP,Intellectual Property,30977.94387390153,30.439684055317418,9,IDS,Mitigation 5,45.03434476366404,2.392517697563929,True,70331.55488452056,True,True,True,GDPR
be91d839-c7b9-44a7-9ebd-5d430dd91be4,2025-02-08 14:19:30,Finance,Small,Brazil,Ransomware,External,Ryuk,Web,Zero-Day,Payload 38,Cloud Storage,Intellectual Property,48669.91232917522,45.42019533379693,9,Antivirus,Mitigation 12,145.49301711947209,4.309165376469269,True,44814.582134273835,True,True,True,None
2dc7f22d-a299-49c0-9f24-165e0c1fb897,2024-08-18 11:43:40,Manufacturing,Small,USA,SQL Injection,External,None,Email,None,Payload 23,Workstations,Intellectual Property,30914.37253449858,41.78106578031276,4,Antivirus,Mitigation 5,64.8365517141485,3.6866317207215715,True,1789.334490073932,True,True,True,None
b97c3d6e-2872-4559-970b-47a58d9b51c2,2024-06-10 11:17:21,Education,Small,Germany,Ransomware,Internal,Ryuk,Web,SQL Injection,Payload 48,Cloud Storage,Intellectual Property,45385.395309279615,26.114874852712198,10,IDS,Mitigation 18,173.90635521408825,5.788044298604381,True,336851.51992917317,True,True,True,ISO 27001
cafd1a77-99b0-4b0d-a4f9-73136b4ed09f,2025-02-03 12:07:27,Finance,Medium,USA,DDoS,External,None,Web,Brute Force,Payload 5,Cloud Storage,None,43134.55116984558,35.477980475814405,9,Antivirus,Mitigation 7,56.000511362363575,3.034398393645967,True,412723.4160860569,True,True,True,ISO 27001
4e140393-552b-40d7-b6e4-68614f8612d3,2025-05-09 09:04:20,Healthcare,Medium,USA,Zero-Day Exploit,External,Emotet,Web,Brute Force,Payload 14,Cloud Storage,Intellectual Property,32948.163240378955,39.138474646001,7,SIEM,Mitigation 6,157.7603084589473,7.076045049865183,True,173161.1042299631,True,True,True,ISO 27001
fe81e0d6-e6bd-4934-bf02-28d682b623ed,2025-04-25 07:25:22,IT,Small,USA,Zero-Day Exploit,Internal,Emotet,Web,Zero-Day,Payload 3,Workstations,Customer Data,24021.873992037905,18.54004517338205,10,User Report,Mitigation 14,61.44078608317937,5.595162228217687,True,326260.60794894514,True,True,True,None
598747d4-b7b3-4a22-a093-ce646983f6db,2024-08-12 07:09:59,Finance,Medium,USA,Ransomware,External,None,Web,Brute Force,Payload 18,Database,Customer Data,10675.54170596861,34.53321304541594,8,User Report,Mitigation 1,51.680680795337665,5.358000713320794,True,61645.35205867414,True,True,True,None
7710e7bd-8eae-4e6b-a456-64722dcfc120,2025-05-19 12:35:27,Retail,Small,USA,Phishing,External,WannaCry,Phishing Link,Zero-Day,Payload 25,Cloud Storage,Financial Records,43597.312064576,43.78722732072157,7,Antivirus,Mitigation 7,37.9688653680915,0.4693915539749164,True,247779.25967651096,True,True,True,NIST
50ee4cbb-1cd4-4591-a274-f8848d8fdc5a,2024-08-17 00:46:08,Manufacturing,Small,Brazil,Phishing,Internal,None,Network,Zero-Day,Payload 44,Database,Financial Records,32889.54017884062,33.615133483579775,6,Antivirus,Mitigation 10,181.55812751840114,4.657188662775102,True,50442.79351902599,True,True,True,GDPR
54fc9c6c-8263-4718-8c3a-8a3596c11649,2025-01-10 06:05:45,Education,Small,USA,Zero-Day Exploit,External,Emotet,Phishing Link,Social Engineering,Payload 2,Cloud Storage,None,-1484.4996985274556,20.09617645328807,7,User Report,Mitigation 15,69.87144009082425,7.734853137904162,True,84872.82080994057,True,True,True,ISO 27001
9067c7a7-1e9c-46c6-9000-76a692b822a3,2024-07-26 02:41:20,Education,Medium,Nigeria,Zero-Day Exploit,External,None,Network,Zero-Day,Payload 19,Cloud Storage,Financial Records,43870.26278394745,29.182925267330674,2,User Report,Mitigation 17,108.55730095618118,3.2728003040698144,True,276708.0467750049,True,True,True,NIST
1f96d7a6-ab19-4313-aa55-e691e233c3bd,2025-02-17 22:58:48,Finance,Medium,Nigeria,Phishing,Internal,WannaCry,USB,Brute Force,Payload 34,ERP,Intellectual Property,18631.761284136053,14.417379800647838,1,IDS,Mitigation 2,63.1867819639814,3.5880519148374206,True,-26899.697009261552,True,True,True,ISO 27001
cf7ed6e3-7cbd-429d-8f26-a886ebfa0338,2024-07-30 20:13:24,Healthcare,Medium,UK,DDoS,External,WannaCry,Web,Zero-Day,Payload 24,Workstations,Intellectual Property,45239.92912631816,26.053281079357895,9,User Report,Mitigation 12,141.54440736775467,8.170278527826166,True,314531.4348676984,True,True,True,ISO 27001
c0fdf83b-137e-47ce-a8e2-c0fd17f8efc1,2025-01-31 11:46:33,Retail,Small,Germany,Zero-Day Exploit,Internal,Emotet,USB,SQL Injection,Payload 6,Workstations,None,39432.833904391075,32.43827921675516,8,SIEM,Mitigation 9,64.43847723351207,6.332647270735739,True,188857.51927370738,True,True,True,GDPR
30f1e39d-0683-4439-a71d-a1335cc44e47,2025-01-05 22:50:40,Finance,Medium,India,Phishing,External,Ryuk,USB,Zero-Day,Payload 34,Workstations,Customer Data,44884.05371224847,44.527885879981156,10,IDS,Mitigation 2,115.19942522835348,1.9570891148605325,True,106379.6229922116,True,True,True,None
7fce6972-22da-4075-98a1-2b97ed1c54c2,2024-09-19 02:32:09,Education,Medium,Germany,SQL Injection,External,Emotet,USB,Brute Force,Payload 2,Cloud Storage,Financial Records,43579.31076099418,35.62345300905383,5,User Report,Mitigation 12,184.89661753894472,1.724833202341543,True,13635.5387612321,True,True,True,None
52a797a2-b346-4b96-af6f-1502d44ef303,2024-12-31 14:33:12,Healthcare,Medium,Germany,Phishing,External,None,Email,Brute Force,Payload 31,Workstations,Financial Records,33288.9287122768,40.20197203057165,10,IDS,Mitigation 3,40.78589812238077,3.967458862794817,True,321126.1154611751,True,True,True,NIST
8c8347a9-ad0d-4fa1-a1dd-ec23fc4c0e3e,2024-10-28 14:56:18,Education,Small,UK,Zero-Day Exploit,External,Emotet,Email,Zero-Day,Payload 39,Workstations,Intellectual Property,30455.546572097766,40.99763811262725,5,IDS,Mitigation 15,155.17467207280833,3.1391775914733495,True,122898.61900424438,True,True,True,None
066b7b4e-685f-42d1-9bc1-14573e916cac,2025-02-14 20:13:14,Education,Medium,UK,Zero-Day Exploit,External,Emotet,Email,SQL Injection,Payload 30,Database,Customer Data,14389.617575953955,10.188910442945144,9,SIEM,Mitigation 6,68.43123803659005,5.3702026925533195,True,250362.14985890535,True,True,True,ISO 27001
c7f28f7c-ec04-4354-b2c3-94b8c52aafe4,2024-05-27 17:33:27,Education,Medium,Germany,SQL Injection,External,Ryuk,Email,Zero-Day,Payload 34,Database,Financial Records,47357.881155891155,44.72083966315711,4,IDS,Mitigation 14,188.0708579088867,4.2496060257958845,True,-38571.1872930113,True,True,True,NIST
70390f47-3227-4831-a869-9d1c3e3069e0,2024-08-28 01:17:36,IT,Medium,USA,SQL Injection,Internal,WannaCry,Web,SQL Injection,Payload 32,Cloud Storage,Intellectual Property,51669.13439264636,47.95021131239686,9,Antivirus,Mitigation 15,5.180691802957021,3.1513624424689133,True,-24228.620823908917,True,True,True,GDPR
04bd2bf9-2c00-480a-822b-5d9f9dfb9cf0,2024-08-20 08:19:51,Manufacturing,Small,Nigeria,DDoS,External,Emotet,Email,SQL Injection,Payload 35,Workstations,Financial Records,13469.70590920086,9.029650697383573,3,User Report,Mitigation 3,136.75715800495624,2.6239684785942976,True,109753.14357953402,True,True,True,NIST
e958a382-90a4-4fcc-a4b5-e0fdcc31d632,2024-10-14 19:29:24,Healthcare,Medium,Germany,Phishing,External,Ryuk,Phishing Link,Social Engineering,Payload 15,Cloud Storage,Financial Records,44572.25881076535,28.75872532395168,9,User Report,Mitigation 16,17.19299893575799,5.108893219265092,True,241919.01388076536,True,True,True,NIST
c3a7258c-d3fc-4b1c-a7ae-3f7fcefcbdf8,2025-02-13 02:48:24,Finance,Medium,UK,Ransomware,External,WannaCry,USB,None,Payload 11,Workstations,Customer Data,50521.21522968984,40.765819181766375,3,SIEM,Mitigation 1,102.20827280186664,3.3008561836488317,True,365978.2790188113,True,True,True,ISO 27001
18336a25-be93-4f16-82c7-324f6a14687e,2024-05-07 22:14:23,Healthcare,Medium,UK,Phishing,Internal,None,Network,Zero-Day,Payload 10,Cloud Storage,None,38249.17844923046,31.026950281959692,10,IDS,Mitigation 6,62.27415267815873,6.2515667765420355,True,78056.85233802357,True,True,True,ISO 27001
235c1350-fe34-43b1-8a58-8f709e2edbae,2024-09-03 08:05:35,Finance,Medium,India,Zero-Day Exploit,External,WannaCry,Email,Social Engineering,Payload 8,Database,Intellectual Property,11353.52352473759,18.149453470697686,10,Antivirus,Mitigation 3,76.80555226245738,5.072825694248628,True,237668.05269279797,True,True,True,None
1ff44065-92de-4cbf-b476-c8ef623a3f46,2025-03-11 13:08:04,Healthcare,Medium,USA,Phishing,External,None,Network,Social Engineering,Payload 34,Workstations,Customer Data,44677.04514739437,37.23722465579138,1,Antivirus,Mitigation 16,74.67146864709574,1.417923013011552,True,33876.55505064353,True,True,True,GDPR
da10a64d-8530-41f2-a912-1e86fb5c0896,2024-09-09 23:51:49,Finance,Small,UK,DDoS,Internal,Emotet,Network,None,Payload 45,Cloud Storage,None,35271.96961363585,29.119320715826753,6,Antivirus,Mitigation 12,136.32532058201957,4.899130850947762,True,507780.46640751796,True,True,True,None
be91d839-c7b9-44a7-9ebd-5d430dd91be4,2025-03-01 12:52:58,Retail,Medium,UK,Zero-Day Exploit,Internal,WannaCry,Web,Zero-Day,Payload 45,Cloud Storage,Intellectual Property,27507.427142597015,14.30775821133754,6,User Report,Mitigation 12,103.83931406653225,7.088113805034757,True,318890.1845081121,True,True,True,None
ca5e8e9b-1183-4549-ae7d-275270037419,2024-07-21 23:00:26,Education,Small,Germany,SQL Injection,External,WannaCry,Web,Brute Force,Payload 48,ERP,Customer Data,41639.476375887876,48.84611114620309,7,User Report,Mitigation 4,130.12060294693177,4.750832488809666,True,181844.2381304638,True,True,True,None
6c2c84a6-2c9b-4da4-a8b2-fb70b5221060,2024-04-22 14:23:23,Retail,Medium,Nigeria,DDoS,External,None,Email,Brute Force,Payload 12,Database,Financial Records,35076.12662005214,35.03845280318431,7,IDS,Mitigation 20,132.8753001218543,7.764804219029257,True,393645.96602512174,True,True,True,GDPR
c60aa402-116b-4cc4-9faa-6f0f06e3e932,2024-08-01 13:40:11,IT,Medium,India,Zero-Day Exploit,External,Emotet,USB,Zero-Day,Payload 46,Workstations,None,46530.841088587746,34.71881238395522,7,User Report,Mitigation 18,16.704410282008595,2.4961207043366542,True,138179.11229126484,True,True,True,ISO 27001
5fcd352a-2408-468f-aa1e-a618e64275d5,2025-05-13 02:18:28,Finance,Medium,India,Phishing,External,None,Email,SQL Injection,Payload 20,Cloud Storage,Intellectual Property,52013.499859394346,37.8417205079307,6,User Report,Mitigation 10,100.37769957557028,3.4180630102516414,True,252961.8762150867,True,True,True,ISO 27001
40ba2aed-a6b3-4ada-bd2c-051a003e9268,2025-02-05 23:14:18,IT,Medium,UK,Ransomware,External,Ryuk,Web,Zero-Day,Payload 2,Cloud Storage,Intellectual Property,34140.077588986496,20.251541349475055,8,User Report,Mitigation 13,89.74637380760593,6.848053279889408,True,265666.53972467635,True,True,True,ISO 27001
068c4a99-ada3-4577-bbdf-4ad33e30cc46,2024-06-06 15:42:22,IT,Small,Brazil,Ransomware,External,WannaCry,Web,SQL Injection,Payload 36,Cloud Storage,Financial Records,32483.68298485518,43.188955712198194,3,SIEM,Mitigation 20,205.5155412105118,0.8555194368578344,True,25015.11744387861,True,True,True,None
e55c1bc4-f535-481a-88cf-09514ce97c2e,2025-01-04 17:57:17,Education,Medium,UK,Phishing,External,None,Email,None,Payload 23,Workstations,Financial Records,34069.86568615695,-0.8853848910725164,10,Antivirus,Mitigation 16,16.860825220434755,2.977298454652118,True,88652.7018138846,True,True,True,GDPR
809a100c-02ba-43fd-bf90-e79721ca393e,2024-09-05 07:30:19,Education,Medium,USA,Phishing,Internal,None,Phishing Link,Brute Force,Payload 7,ERP,Customer Data,42500.33220572619,10.05784707021224,8,User Report,Mitigation 15,22.47638839992478,4.780739223680044,True,242634.2420901557,True,True,True,ISO 27001
04bd2bf9-2c00-480a-822b-5d9f9dfb9cf0,2025-03-31 06:57:52,Education,Small,India,Ransomware,External,None,Web,Social Engineering,Payload 20,Database,Customer Data,44851.70126441675,31.732473874872127,10,User Report,Mitigation 2,165.5207280100935,4.688394714480542,True,33626.79205765826,True,True,True,GDPR
a83c7ecd-7167-4d08-ac93-695d34b74695,2024-06-06 16:49:12,IT,Medium,Germany,DDoS,Internal,None,Web,Social Engineering,Payload 1,Workstations,None,44685.04480271563,46.217686043300276,7,IDS,Mitigation 15,122.72323555304729,4.243169071825281,True,-66905.70542212577,True,True,True,ISO 27001
c8ffd128-fad8-4b53-9e32-829ef004ffba,2024-09-08 20:44:12,Finance,Medium,USA,DDoS,External,Emotet,Phishing Link,Social Engineering,Payload 27,Cloud Storage,Intellectual Property,12218.489346788394,42.495964306516015,4,User Report,Mitigation 15,100.61700915881816,4.132787173956451,True,18559.246898631303,True,True,True,None
96cc0502-8ad8-412c-9656-e7b5027a6ffe,2024-06-02 17:21:02,IT,Medium,UK,DDoS,External,Ryuk,USB,Brute Force,Payload 2,ERP,Intellectual Property,41628.152792334884,20.968932502011153,7,SIEM,Mitigation 20,148.7378297254338,6.948662644670699,True,273748.3789777379,True,True,True,None
cb0f0ac7-bda3-4922-8424-f49ced5cc087,2024-08-17 21:05:09,Retail,Medium,USA,Phishing,External,Emotet,Email,Social Engineering,Payload 32,Database,Intellectual Property,8835.803809279661,32.32269359552505,6,SIEM,Mitigation 10,15.320107570985927,1.1850232312918487,True,1636.7365379887779,True,True,True,None
da87b8e3-0f01-41d4-a6fb-6eb3ba9323e3,2025-02-15 01:16:50,IT,Medium,Brazil,DDoS,Internal,None,Phishing Link,None,Payload 24,Workstations,Customer Data,35652.04383454916,50.84755994164904,8,User Report,Mitigation 1,36.88998655916254,8.132501552505719,True,45746.937282339815,True,True,True,ISO 27001
13c59e42-93a7-4d57-841a-35dd7cfc6357,2024-07-20 07:36:42,Finance,Medium,USA,Phishing,External,WannaCry,Phishing Link,Social Engineering,Payload 46,ERP,Financial Records,30315.597211400862,30.803222840087674,3,Antivirus,Mitigation 10,118.13975652247959,2.194919601058696,True,80522.25170736687,True,True,True,GDPR
7710e7bd-8eae-4e6b-a456-64722dcfc120,2025-04-01 01:43:52,Healthcare,Medium,India,Ransomware,External,WannaCry,Email,None,Payload 18,Database,Financial Records,49168.96274810872,45.801656483404216,11,Antivirus,Mitigation 7,110.163246499412,5.396392793295156,True,79029.9403654038,True,True,True,ISO 27001
9d66b444-8f1b-4ab0-815e-1feded0f3b01,2025-02-03 06:36:05,Education,Medium,USA,DDoS,External,None,USB,Zero-Day,Payload 19,Database,Intellectual Property,39637.52029352272,24.161322487206025,9,SIEM,Mitigation 2,10.49282904710677,8.775810710089594,True,132146.28457275697,True,True,True,GDPR
9b383f41-0b3f-43a9-b02f-cf53a0ee9ecb,2024-12-14 10:00:00,Education,Medium,UK,Ransomware,External,Emotet,Network,Brute Force,Payload 37,Cloud Storage,Financial Records,799.4696502330289,45.17487126597626,9,IDS,Mitigation 13,181.02354034477708,8.451608643073445,True,268570.1009378105,True,True,True,None
33d88e29-addb-4f23-a699-3b3831d5e71f,2025-01-15 19:47:42,Finance,Medium,USA,DDoS,Internal,Emotet,Phishing Link,SQL Injection,Payload 44,ERP,Intellectual Property,42132.39361233581,14.293177439369185,4,SIEM,Mitigation 3,61.31819604204251,4.782517539128617,True,117185.36769321474,True,True,True,None
f99c8540-a6e2-4b87-84f9-bd7b8b80a3a7,2024-11-02 07:59:50,Finance,Small,USA,DDoS,External,None,USB,SQL Injection,Payload 8,Workstations,Financial Records,34236.96761550535,25.333713678568994,7,User Report,Mitigation 14,101.73811558856852,1.8590082683987499,True,29231.38695296923,True,True,True,ISO 27001
99f40361-ff2d-4531-abe0-0b1f48d61ed8,2025-06-01 13:42:19,Finance,Small,USA,DDoS,Internal,None,USB,Brute Force,Payload 38,Workstations,Intellectual Property,7741.313181836537,27.591578119396353,1,IDS,Mitigation 8,197.8993805186152,-0.037231340882711406,True,-63387.273747524756,True,True,True,ISO 27001
a5a0a06c-4d2e-4eaf-b2a1-699d58f5274d,2024-07-20 13:05:20,Finance,Medium,UK,Zero-Day Exploit,External,Emotet,Web,None,Payload 28,Cloud Storage,Customer Data,33200.12655097576,50.02496890067636,7,User Report,Mitigation 6,117.31505805665223,5.264966070795657,True,11291.589854044694,True,True,True,GDPR
cc1c1cdb-c13c-4320-a3ca-9715057c48cc,2025-06-09 15:17:58,Education,Medium,Brazil,Ransomware,External,None,Email,Brute Force,Payload 38,Cloud Storage,Financial Records,57293.739603918606,22.139592067807122,8,IDS,Mitigation 18,137.97958419897503,2.366168143198223,True,306732.31877736055,True,True,True,None
9a636323-9701-474d-b91c-120a7afe8558,2024-08-15 16:10:57,IT,Small,USA,Phishing,External,Ryuk,Network,Zero-Day,Payload 21,Cloud Storage,None,31531.217746068214,51.09991400998058,8,User Report,Mitigation 3,10.653999354064094,6.007570710036196,True,221071.573958611,True,True,True,GDPR
1b204f0b-030c-4dc5-8a2b-22165ccafb2a,2025-05-16 09:03:04,Manufacturing,Small,UK,SQL Injection,External,Ryuk,USB,Brute Force,Payload 33,ERP,Financial Records,29697.803208235477,41.166621956745644,10,User Report,Mitigation 10,191.11511845649204,1.0455204617220064,True,15844.517309688265,True,True,True,None
78dc90e6-18bc-4483-80e9-f724a7253e41,2024-08-13 06:45:25,Finance,Small,UK,Phishing,External,None,Phishing Link,None,Payload 21,Workstations,Intellectual Property,9948.15395749363,10.85875320033658,8,User Report,Mitigation 12,115.65923857699455,5.478648491933434,True,125506.19286193381,True,True,True,GDPR
a9bccef7-0bd4-4cc2-a155-2775d1b3987c,2024-07-30 04:38:22,Education,Medium,Nigeria,Ransomware,Internal,Ryuk,USB,Zero-Day,Payload 29,Cloud Storage,Intellectual Property,36179.61483893115,28.306280489168767,10,User Report,Mitigation 17,44.27100477982842,2.266831319126762,True,344110.45095232246,True,True,True,GDPR
c8358e71-163c-4df6-9d3a-cea489221584,2024-12-29 16:06:02,IT,Medium,Germany,Zero-Day Exploit,External,Emotet,Phishing Link,None,Payload 2,ERP,Financial Records,13878.022939097547,7.196566397604611,3,SIEM,Mitigation 8,175.78706817632911,1.4646164935313042,True,240200.76113189736,True,True,True,ISO 27001
416d3ce2-7ff0-4273-bd0b-d83b0ee766a8,2024-05-20 08:26:55,Finance,Small,UK,DDoS,External,None,Network,None,Payload 20,ERP,Customer Data,49134.34066930881,34.18491648312569,10,SIEM,Mitigation 4,52.85527582951464,1.6721910529532784,True,52154.64698670077,True,True,True,GDPR
3ded62ad-90ef-4131-bb16-ed34a63266f9,2024-07-04 20:35:18,Education,Medium,Nigeria,Phishing,Internal,None,Web,Social Engineering,Payload 44,Database,Customer Data,13754.193391323892,32.74049449030181,5,IDS,Mitigation 1,183.60216267536822,3.418525768433742,True,71987.04794021146,True,True,True,ISO 27001
86569b8b-75ef-434e-b982-5cd7f5ec8ead,2024-07-25 14:25:13,Manufacturing,Medium,Brazil,DDoS,External,WannaCry,Network,None,Payload 30,Database,Intellectual Property,14848.662247246462,17.081633687426745,2,User Report,Mitigation 5,62.35160713985746,4.503416063658662,True,342865.72169495793,True,True,True,GDPR
4f2378eb-9821-4f76-a3ee-140871170abd,2024-11-24 09:58:27,Healthcare,Medium,Brazil,Phishing,External,Emotet,Network,Social Engineering,Payload 22,Workstations,Intellectual Property,15657.501337546342,28.66184728151736,1,SIEM,Mitigation 20,191.83598924338867,-0.11282377953309108,True,109137.60161180726,True,True,True,ISO 27001
cbe93508-04ad-4dd4-ba24-db8df63b6096,2024-04-29 01:26:05,Finance,Small,USA,Phishing,External,Ryuk,Email,Brute Force,Payload 21,Cloud Storage,None,38725.305085058484,20.20428183776348,11,SIEM,Mitigation 15,39.74124975944039,0.48954065123648227,True,308223.95059328614,True,True,True,None
1a708657-9212-48c9-af74-6051d94270ce,2025-01-14 02:54:42,IT,Medium,UK,Phishing,External,Ryuk,Network,SQL Injection,Payload 26,Cloud Storage,Financial Records,40180.09800485693,7.378880754170535,2,Antivirus,Mitigation 20,69.09926446102526,5.569566885365282,True,83466.68089713863,True,True,True,None
af2d2ddd-7e8a-43bb-a091-b82589ef56e3,2025-05-20 22:39:31,IT,Small,UK,DDoS,External,Emotet,USB,SQL Injection,Payload 46,ERP,Financial Records,37634.4940370618,38.22461085685427,4,IDS,Mitigation 9,46.77096006202195,2.651546979814365,True,-83784.36342876272,True,True,True,ISO 27001
3e3cb026-2d0a-4d9d-9e6f-d598377063d8,2024-12-17 23:13:02,Education,Medium,USA,DDoS,Internal,Emotet,Web,SQL Injection,Payload 11,Cloud Storage,Financial Records,22141.515773553212,40.74679445229949,9,Antivirus,Mitigation 9,175.08563673171022,5.1061860309945,True,206128.73671483417,True,True,True,NIST
21a4e698-8ea4-41e5-b778-cf875fea975c,2025-02-02 18:12:40,Retail,Medium,USA,Zero-Day Exploit,External,WannaCry,Network,Zero-Day,Payload 33,Database,Financial Records,28696.587205537537,22.015160575095184,7,Antivirus,Mitigation 20,158.9644783848184,4.532166433470024,True,386222.96452909696,True,True,True,NIST
50ee4cbb-1cd4-4591-a274-f8848d8fdc5a,2024-08-16 17:23:55,Manufacturing,Medium,USA,Phishing,Internal,Ryuk,USB,None,Payload 23,Cloud Storage,None,41643.18399423165,46.186715552666996,8,SIEM,Mitigation 1,182.84610100123516,6.389498755882555,True,278646.16608247196,True,True,True,None
8c8347a9-ad0d-4fa1-a1dd-ec23fc4c0e3e,2024-07-04 18:50:50,Education,Small,UK,DDoS,Internal,Ryuk,USB,SQL Injection,Payload 1,ERP,Intellectual Property,13437.408435264177,26.74834143926001,9,SIEM,Mitigation 20,172.68714544525733,0.38253973124331087,True,235827.85749837093,True,True,True,None
c8d9696d-314f-464d-9c63-a2e0a6679419,2024-11-21 13:55:26,Healthcare,Small,UK,SQL Injection,Internal,WannaCry,USB,SQL Injection,Payload 12,ERP,Intellectual Property,45576.38679655989,32.818975106893966,6,User Report,Mitigation 5,186.81203722405604,2.1606553182282475,True,-54249.12178427378,True,True,True,None
f41b796f-7332-4f26-a3ad-c418f9867399,2025-04-03 11:30:26,Retail,Small,USA,Ransomware,External,None,Web,Brute Force,Payload 26,Cloud Storage,Intellectual Property,43205.918853755174,51.00474285340377,6,Antivirus,Mitigation 10,82.61874258546266,5.939147928037032,True,118727.61866118637,True,True,True,GDPR
766381f0-cbf0-4b05-8095-f1f3cf7d18d1,2024-12-07 18:39:35,Education,Medium,UK,Phishing,External,Emotet,USB,Brute Force,Payload 24,ERP,Intellectual Property,41255.271589865704,17.48098505195477,11,IDS,Mitigation 9,45.62360206743358,6.4779061684380235,True,202362.52865970563,True,True,True,NIST
5c296947-98dd-4f73-8d12-51dca56d68ae,2024-12-27 04:31:00,Finance,Small,UK,DDoS,Internal,None,Phishing Link,None,Payload 22,Database,None,6130.244492618406,41.45983940793673,7,Antivirus,Mitigation 20,60.61635744015655,1.9453507327268649,True,141341.70757748792,True,True,True,None
5977a655-d02c-456e-aa9b-8494fa809cf5,2025-03-01 07:39:45,Education,Medium,Germany,Zero-Day Exploit,External,Emotet,USB,Social Engineering,Payload 40,Cloud Storage,None,29988.084724702356,41.447918399640066,8,IDS,Mitigation 13,135.0751171567719,2.6949576041623877,True,408228.8117003173,True,True,True,ISO 27001
afc2013f-7188-4b1d-a239-b08e806eaa55,2024-08-16 18:24:32,Healthcare,Small,USA,Phishing,External,None,USB,SQL Injection,Payload 50,ERP,Financial Records,44012.40012441958,4.3292961956560845,3,User Report,Mitigation 14,152.63373104857425,5.384027558546609,True,84219.56028313027,True,True,True,NIST
809a100c-02ba-43fd-bf90-e79721ca393e,2024-06-04 19:11:10,Finance,Medium,USA,SQL Injection,Internal,Ryuk,USB,None,Payload 47,Database,Intellectual Property,35475.58167045377,38.99950494247333,4,User Report,Mitigation 9,49.239868493358124,2.634399423635334,True,126306.9008320152,True,True,True,NIST
e894cf2d-8a27-427b-936b-0b88d1521aab,2024-09-11 04:13:21,Healthcare,Small,Nigeria,Ransomware,External,None,Email,None,Payload 33,Database,Financial Records,37896.810113992775,31.13190772595179,11,User Report,Mitigation 19,122.62152417311559,1.8826835394853123,True,-331.8999482963991,True,True,True,GDPR
e645b287-8e26-4a47-b51c-9af03d71d2d0,2024-12-21 22:09:20,Retail,Medium,India,DDoS,External,None,Phishing Link,None,Payload 16,Database,Intellectual Property,37344.53469414225,44.024385638618554,5,SIEM,Mitigation 5,139.181224812171,6.428439313485114,True,175005.20629309036,True,True,True,NIST
0334f047-c897-45a3-a5b8-15af6e8e6fe3,2024-09-18 02:32:51,Education,Medium,Brazil,SQL Injection,Internal,Emotet,Email,Social Engineering,Payload 5,Database,None,22908.933257213816,11.839036929246975,10,Antivirus,Mitigation 14,180.15041926130473,1.2009742381642226,True,120131.3592400013,True,True,True,NIST
5262e72a-20ea-4688-9503-6baeba09ce0b,2024-12-02 08:55:32,Healthcare,Medium,India,Phishing,External,None,USB,Social Engineering,Payload 32,Cloud Storage,Customer Data,1726.6715974577191,18.40630338778077,6,SIEM,Mitigation 5,124.25061931032376,6.699096840547808,True,53920.798594482854,True,True,True,None
55027e15-1cca-4ecc-8824-a6feb5b0993a,2024-12-16 08:58:26,IT,Medium,USA,Zero-Day Exploit,Internal,WannaCry,Phishing Link,SQL Injection,Payload 28,ERP,Customer Data,46397.08860562818,3.721552871863321,6,IDS,Mitigation 15,87.36458547946354,0.6348200523351897,True,397510.861565364,True,True,True,None
5fcd352a-2408-468f-aa1e-a618e64275d5,2025-05-28 05:18:18,Finance,Medium,USA,SQL Injection,Internal,WannaCry,USB,SQL Injection,Payload 35,Workstations,Financial Records,35589.22501134407,14.075023890445202,8,SIEM,Mitigation 1,168.38938306939585,8.467765132718643,True,149079.2865942216,True,True,True,ISO 27001
c60aa402-116b-4cc4-9faa-6f0f06e3e932,2025-05-11 10:01:14,Education,Medium,Germany,SQL Injection,External,WannaCry,USB,None,Payload 22,Workstations,Intellectual Property,-9226.418144696798,25.877652072316728,5,SIEM,Mitigation 1,66.24982865127465,6.172926649091903,True,17171.427481776627,True,True,True,None
96fe72d7-0bf9-40ed-ba0a-79f35a81e40d,2024-07-29 14:45:48,Education,Medium,USA,Phishing,External,None,Email,None,Payload 33,ERP,Customer Data,37026.713778791054,43.50566017019841,8,User Report,Mitigation 2,74.99221128314672,2.2599771904434025,True,61087.9659973228,True,True,True,NIST
c3a7258c-d3fc-4b1c-a7ae-3f7fcefcbdf8,2025-04-17 20:18:12,Finance,Small,UK,Phishing,Internal,Ryuk,Phishing Link,Brute Force,Payload 30,Workstations,Customer Data,42281.57875423548,52.21712298430572,5,User Report,Mitigation 4,123.91088896759872,2.4300920278023668,True,139656.66493928462,True,True,True,ISO 27001
585ab564-b11a-4711-8ee9-6446e122f9fc,2024-06-22 07:23:10,Manufacturing,Small,USA,Phishing,Internal,Emotet,Web,Social Engineering,Payload 48,Workstations,Customer Data,23385.30322755529,13.515915557923815,10,IDS,Mitigation 1,180.92789299368619,6.704322961543097,True,-1552.7466695099574,True,True,True,NIST
df7c62c2-f439-4875-ad1d-56ad20e10d19,2025-03-16 04:35:37,Education,Small,UK,Ransomware,Internal,Emotet,Email,Brute Force,Payload 7,Workstations,Intellectual Property,28186.42328560506,24.78181621779006,3,Antivirus,Mitigation 3,92.91007931116354,1.924310635139299,True,305192.6905707432,True,True,True,None
38f096b4-0766-4077-9e9d-c80b568df0b0,2024-06-07 12:11:46,Education,Medium,USA,DDoS,Internal,None,Network,Zero-Day,Payload 8,ERP,Intellectual Property,48057.96251234698,18.637349514391012,4,User Report,Mitigation 1,182.31290272784418,1.7368325621931917,True,127766.43987564417,True,True,True,GDPR
d942ce36-aba9-4f29-b652-60c26ccec7c2,2024-07-27 15:21:28,Education,Medium,Nigeria,SQL Injection,External,WannaCry,USB,Zero-Day,Payload 35,Database,Customer Data,4598.12159508893,15.022315921281622,5,SIEM,Mitigation 2,163.51772343452478,5.299527300003953,True,519380.80707164446,True,True,True,None
066e8036-5cd0-4dc4-b601-983286917606,2024-09-09 13:11:52,IT,Medium,Nigeria,DDoS,External,Emotet,USB,SQL Injection,Payload 20,Database,None,7724.257381947749,45.99955661525575,8,Antivirus,Mitigation 1,132.9497785816082,6.736770650265077,True,289759.3843169104,True,True,True,None
8800cdab-aad9-4c32-ba74-ec3fe06f259c,2024-08-28 05:16:18,Healthcare,Small,USA,SQL Injection,External,Ryuk,Email,Zero-Day,Payload 2,Workstations,Financial Records,28791.28901110353,19.61088558994531,9,User Report,Mitigation 1,89.67506776436912,7.583512330820862,True,-54601.59774240924,True,True,True,None
835becf7-e9ca-4605-ad82-fceb2195ed40,2024-07-17 06:06:19,IT,Medium,USA,DDoS,Internal,None,Web,Brute Force,Payload 44,Database,Intellectual Property,35472.78621392316,27.610264030054985,10,IDS,Mitigation 1,37.11550711825839,2.054598283046432,True,184159.07929212265,True,True,True,ISO 27001
f5b58898-29ff-4ac8-8c71-edca58399aef,2024-06-24 16:16:24,Healthcare,Medium,Germany,Ransomware,Internal,None,Phishing Link,Zero-Day,Payload 37,Workstations,Customer Data,33783.0402878077,5.49523487764133,4,User Report,Mitigation 20,123.54194053474362,1.4810506609750835,True,16500.860131129855,True,True,True,NIST
0d675af0-4a53-4f74-a602-019da6a1dd45,2024-05-11 09:40:34,Healthcare,Small,UK,Ransomware,External,Emotet,USB,Zero-Day,Payload 18,Workstations,Financial Records,23534.140228947857,51.262352697739885,4,User Report,Mitigation 10,135.06679076115307,5.196758654989329,True,71291.69558202755,True,True,True,NIST
5ad9380c-82f8-4600-99a8-b93ce6ec97c9,2025-04-17 23:54:41,Healthcare,Medium,USA,Phishing,External,None,USB,Social Engineering,Payload 23,Database,Customer Data,30442.894628002527,45.029632281238,5,User Report,Mitigation 18,58.966854678865204,5.321773058503768,True,159128.19021823132,True,True,True,NIST
5cc7999e-49fe-4440-954a-f586a853f5f6,2025-03-10 17:29:02,Education,Small,USA,Zero-Day Exploit,External,None,Phishing Link,Zero-Day,Payload 30,Workstations,Financial Records,6169.909803201914,42.42340645722889,9,SIEM,Mitigation 7,42.55195734949394,1.1244126161809378,True,24938.36429903099,True,True,True,GDPR
20b43217-53bf-4a3a-9b8c-3acdd00e5af6,2024-08-26 10:27:57,Retail,Medium,UK,DDoS,Internal,Emotet,Email,SQL Injection,Payload 35,ERP,Financial Records,10100.260617316959,10.29828232169109,2,SIEM,Mitigation 2,121.52417923001016,1.4175202769049338,True,13216.24630087518,True,True,True,GDPR
6fb700fd-05a8-45de-ba73-7897a247572c,2025-04-08 01:13:30,IT,Small,India,Ransomware,Internal,Emotet,Phishing Link,None,Payload 20,Cloud Storage,Customer Data,24309.512099737112,31.982951235015726,9,User Report,Mitigation 15,162.67795831583638,5.160900657767643,True,99568.13699696801,True,True,True,GDPR
86569b8b-75ef-434e-b982-5cd7f5ec8ead,2025-04-10 02:56:43,Manufacturing,Small,UK,Ransomware,External,Ryuk,Phishing Link,None,Payload 18,Cloud Storage,Intellectual Property,26894.805938361013,17.18644956423157,11,User Report,Mitigation 4,157.59594605797133,4.649959018477021,True,394604.36224397185,True,True,True,GDPR
ba89f6d8-4e4e-4e6e-b947-4db3b0f0bc0d,2024-08-30 03:09:02,Finance,Medium,Brazil,Phishing,Internal,WannaCry,Network,Zero-Day,Payload 50,Database,Customer Data,6600.550878040518,26.056206784705658,10,User Report,Mitigation 3,145.89294051155014,4.987241270264173,True,212595.8369101816,True,True,True,None
d2e6866c-85a1-47b0-b8a7-0256345441ed,2024-08-31 02:02:34,Manufacturing,Small,Germany,Phishing,Internal,Emotet,Email,None,Payload 26,Cloud Storage,Financial Records,34655.75157507846,17.417109169183508,6,SIEM,Mitigation 12,69.83357654965553,2.009372621432466,True,238070.0853280925,True,True,True,None
54d58fb4-10e8-4c64-a31f-ef2f321996c1,2025-04-28 07:37:21,Retail,Medium,USA,Zero-Day Exploit,Internal,None,Web,Social Engineering,Payload 38,Database,None,25425.655280633222,20.08466321575952,9,User Report,Mitigation 7,132.61193703938127,6.179631670009658,True,-5842.2116070255,True,True,True,NIST
9b383f41-0b3f-43a9-b02f-cf53a0ee9ecb,2024-07-10 14:08:31,IT,Medium,UK,Phishing,Internal,None,Network,Zero-Day,Payload 28,ERP,Customer Data,41156.165614175625,28.751477071617174,9,SIEM,Mitigation 10,162.0570554645626,1.2947212268082304,True,419719.82158202445,True,True,True,None
3391e6b5-bf2c-42b4-9c5b-222439adedad,2024-05-31 01:28:01,IT,Medium,UK,Ransomware,Internal,Emotet,Web,Brute Force,Payload 47,Database,Intellectual Property,26309.451327584764,38.03439819458126,5,User Report,Mitigation 14,31.798231079886484,2.5696404696638546,True,-37551.70118810523,True,True,True,None
f6934ae3-6f98-4f1f-a81b-c27f4412d438,2024-11-12 19:29:49,Finance,Medium,Nigeria,SQL Injection,External,WannaCry,Email,Zero-Day,Payload 14,Cloud Storage,Customer Data,-1730.841066373212,32.07811410926435,5,Antivirus,Mitigation 12,56.21260930294372,5.73878580198269,True,96256.00522381588,True,True,True,None
3fda321f-f7e6-4c55-b8ed-e2ea37cc4cd7,2024-06-02 18:05:01,Healthcare,Medium,UK,Phishing,External,Emotet,Phishing Link,Zero-Day,Payload 48,ERP,Financial Records,27805.819695173508,15.074009689566282,4,IDS,Mitigation 1,185.31452394052354,2.896660968358267,True,253509.2687880943,True,True,True,GDPR
1dad336e-c4f9-4e6e-a282-1998bf493bfa,2025-05-16 02:03:36,Education,Small,India,Phishing,External,Emotet,Network,Brute Force,Payload 10,Cloud Storage,Financial Records,35945.75817989155,43.02471153680779,3,IDS,Mitigation 17,62.90554379306249,5.278147889804897,True,351661.1285156261,True,True,True,None
8cb01c67-1b8a-4ee8-9baa-afbf037a0cec,2024-12-28 09:21:33,Finance,Medium,UK,Ransomware,External,Emotet,Network,SQL Injection,Payload 28,Workstations,Financial Records,38020.035501149185,37.151702118704804,5,SIEM,Mitigation 9,72.26614482882464,0.7673575492338516,True,236542.9400417152,True,True,True,NIST
91656647-4ee6-4d01-9cb5-3b4464506c8e,2025-06-18 04:55:54,Manufacturing,Medium,Nigeria,Phishing,Internal,Emotet,USB,None,Payload 32,Database,Financial Records,6637.935905899036,44.949626169809946,3,User Report,Mitigation 14,176.07558326433542,1.898279854819021,True,-12486.498138225725,True,True,True,None
9b383f41-0b3f-43a9-b02f-cf53a0ee9ecb,2025-01-18 10:47:01,Manufacturing,Medium,Nigeria,Zero-Day Exploit,Internal,Emotet,Phishing Link,SQL Injection,Payload 28,Workstations,Customer Data,1886.3336915752634,29.55913699175579,11,SIEM,Mitigation 19,148.65412415433016,2.3168144044957164,True,164317.06615642694,True,True,True,ISO 27001
86569b8b-75ef-434e-b982-5cd7f5ec8ead,2024-07-17 13:28:41,IT,Medium,India,Phishing,External,Emotet,Phishing Link,SQL Injection,Payload 49,Database,None,-3875.4290148889104,26.045599582392285,8,SIEM,Mitigation 14,109.70773031306226,4.45521747570291,True,392339.9729682957,True,True,True,GDPR
d1984fab-ba2a-45b8-8517-0ecbce74ec91,2025-05-10 07:48:51,IT,Medium,UK,DDoS,External,None,Web,SQL Injection,Payload 4,Cloud Storage,Financial Records,52177.94830735709,32.21473792401097,9,SIEM,Mitigation 7,153.44915818964566,1.5848324542936432,True,-72687.39701974885,True,True,True,ISO 27001
cafd1a77-99b0-4b0d-a4f9-73136b4ed09f,2024-09-07 19:45:42,IT,Small,USA,Phishing,External,Emotet,Phishing Link,Brute Force,Payload 32,Workstations,Customer Data,34467.936210282314,48.479847575444595,3,User Report,Mitigation 13,159.1216555945316,6.995770219617547,True,46414.70543166888,True,True,True,ISO 27001
7134ae94-fe75-487b-9b6d-595aec3f9646,2024-06-22 18:09:35,Education,Medium,UK,SQL Injection,External,Emotet,Web,Zero-Day,Payload 21,Workstations,None,19112.416844717656,24.745769124025585,10,SIEM,Mitigation 3,99.29348662275592,2.4941422991085234,True,647.1058308695065,True,True,True,None
356e1248-3f76-4d03-8256-1f14cedca9a0,2024-08-07 00:57:28,IT,Medium,UK,Phishing,External,WannaCry,Email,Zero-Day,Payload 38,Database,None,41774.7146657296,37.944592063029994,8,IDS,Mitigation 19,52.311951270823506,1.984195436678909,True,256236.8548979892,True,True,True,ISO 27001
835be07f-826c-4acc-8220-6517e6601bb6,2024-05-17 15:11:37,Education,Small,UK,SQL Injection,External,None,Phishing Link,Brute Force,Payload 43,ERP,Financial Records,12373.581971360441,37.556103162311246,9,User Report,Mitigation 10,155.24147702664447,4.866850189279062,True,299845.72484963114,True,True,True,None
079425b9-2a63-48b4-9c62-58beda0815e9,2025-02-19 01:15:05,Finance,Medium,UK,SQL Injection,Internal,Ryuk,Phishing Link,Zero-Day,Payload 30,Database,None,41930.00218149994,11.584225808608156,9,User Report,Mitigation 12,194.9625878026118,2.43086620621634,True,33009.449729474814,True,True,True,GDPR
2c60fe58-1b37-46b8-bcce-612f51f1cd0d,2024-09-01 06:46:07,Manufacturing,Medium,USA,Phishing,External,Ryuk,Network,Social Engineering,Payload 6,Database,Customer Data,54669.93431082457,30.9880386206703,8,User Report,Mitigation 14,114.57786926482085,2.5903581669651663,True,371406.07490612473,True,True,True,NIST
425ff93d-1307-4e29-9e9c-495c573f3ac8,2024-08-07 18:52:40,Manufacturing,Medium,Nigeria,Ransomware,Internal,None,Phishing Link,Brute Force,Payload 34,Workstations,Customer Data,42235.96631634934,54.44355548230057,8,IDS,Mitigation 4,111.79645530723381,5.426221800138308,True,46621.355024440534,True,True,True,GDPR
8f543353-f39c-410d-865d-8c4d20c3dad3,2025-05-02 13:28:16,Finance,Medium,India,Ransomware,Internal,Emotet,Email,SQL Injection,Payload 23,Cloud Storage,None,51.05944586098303,32.127575398678104,8,Antivirus,Mitigation 19,92.90543395153644,2.2561673945078327,True,282037.72442260233,True,True,True,NIST
13c59e42-93a7-4d57-841a-35dd7cfc6357,2024-07-16 06:36:52,Finance,Medium,USA,Phishing,External,Ryuk,Web,Brute Force,Payload 24,Database,Intellectual Property,20212.123647033644,38.69379901202586,8,User Report,Mitigation 13,83.38618456259239,4.432467746792444,True,14636.451882218345,True,True,True,None
1a708657-9212-48c9-af74-6051d94270ce,2024-07-20 03:10:41,Retail,Small,USA,Ransomware,Internal,Emotet,USB,Social Engineering,Payload 35,Cloud Storage,Financial Records,38117.95510784196,19.147082401576792,-1,User Report,Mitigation 15,156.67210118056911,5.129873151327658,True,219524.353379359,True,True,True,None
c60aa402-116b-4cc4-9faa-6f0f06e3e932,2024-11-21 12:33:09,Retail,Medium,Nigeria,Phishing,Internal,WannaCry,Phishing Link,None,Payload 33,Workstations,None,14414.81410747052,52.04219846765565,10,SIEM,Mitigation 20,160.1587207601261,6.284471634722283,True,230863.38347086488,True,True,True,ISO 27001
6af07114-b0fa-4e5d-afa7-2fae8351ce14,2024-10-13 00:09:41,Healthcare,Medium,UK,DDoS,Internal,Ryuk,Email,Brute Force,Payload 19,Database,Intellectual Property,10359.292054396803,36.07862382611721,5,User Report,Mitigation 7,146.61131789311855,7.747252671164761,True,130894.92030160503,True,True,True,None
2a4bc859-49bb-4c6c-b8e4-b5ca014712bb,2025-02-20 05:44:06,Education,Small,UK,Zero-Day Exploit,Internal,None,Web,None,Payload 47,Cloud Storage,Financial Records,36114.82943216974,9.265220057836068,7,IDS,Mitigation 14,127.8739852526348,5.35149793148954,True,24036.90713236588,True,True,True,GDPR
54239f3a-00e3-4ad4-8022-16a977056d29,2025-04-27 00:22:06,Education,Medium,USA,SQL Injection,External,None,USB,None,Payload 37,Cloud Storage,Intellectual Property,3134.1525392665653,27.36450047156765,8,Antivirus,Mitigation 11,42.35317523187921,3.0521019519062413,True,316893.9228017044,True,True,True,None
0345aaf4-1bbb-408d-9d80-b96b5354cb27,2024-08-14 03:05:19,Healthcare,Medium,India,SQL Injection,Internal,None,USB,SQL Injection,Payload 13,ERP,Customer Data,26404.693265937713,50.08653765987437,10,SIEM,Mitigation 4,64.24401771098124,5.964380023230062,True,300401.1826877364,True,True,True,None
22bf10a4-4ba4-4749-97bb-96133a7338c3,2024-09-15 14:46:27,Education,Small,India,Ransomware,External,None,Network,None,Payload 50,Database,Intellectual Property,-2601.1177647785426,48.777040903056054,7,Antivirus,Mitigation 7,27.51741994820172,5.770986051921421,True,382054.1764018795,True,True,True,GDPR
8ac6a5dd-5868-4b01-9ce9-690361b5f136,2024-09-15 08:37:28,Healthcare,Medium,India,Ransomware,External,WannaCry,Phishing Link,Brute Force,Payload 20,Cloud Storage,Intellectual Property,10792.946437193748,14.120376483499467,10,User Report,Mitigation 3,147.85338108205846,7.726044199741365,True,198964.19428973857,True,True,True,None
c7e3c11b-42d3-407f-ab95-8e825c29a2b8,2024-09-10 17:33:02,Finance,Medium,USA,SQL Injection,Internal,Emotet,Web,None,Payload 15,Cloud Storage,Intellectual Property,33128.52279369181,45.07236538911049,3,User Report,Mitigation 17,64.56914081387589,7.724576979613248,True,340210.17565536086,True,True,True,NIST
e9dc3345-42d5-4d4a-b5b7-a3bd4e55ad2e,2024-06-18 11:41:11,Finance,Medium,UK,SQL Injection,External,None,Network,Brute Force,Payload 35,Database,Customer Data,-5846.498384601413,41.8643962973246,11,IDS,Mitigation 1,97.91472378321967,4.668709149255351,True,257155.649283825,True,True,True,GDPR
142edd14-adfb-4cec-a260-6adc12cb0796,2025-02-25 02:13:45,Manufacturing,Medium,USA,DDoS,External,WannaCry,Email,Zero-Day,Payload 11,Database,Intellectual Property,28106.31842119033,3.3715044504837284,2,User Report,Mitigation 10,118.73570268465417,3.7231948379157878,True,287834.6023939978,True,True,True,GDPR
df7c62c2-f439-4875-ad1d-56ad20e10d19,2025-04-11 16:19:40,Retail,Small,India,SQL Injection,Internal,Ryuk,Email,None,Payload 2,Workstations,Financial Records,33968.563340446766,19.085449377302858,7,User Report,Mitigation 19,50.79411555687295,2.8840834080857984,True,327760.4269316748,True,True,True,None
4a62452b-774e-4e28-a82e-f41e29434554,2024-06-29 07:51:22,IT,Medium,USA,SQL Injection,External,None,Email,Zero-Day,Payload 1,Cloud Storage,Intellectual Property,9889.623378457058,33.87841761511435,5,IDS,Mitigation 6,64.5645790460653,2.1210332878901417,True,286457.40897628973,True,True,True,ISO 27001
8a804612-65ba-4e5f-917a-81f02fca3dc3,2024-10-02 14:29:31,Finance,Medium,UK,Ransomware,External,Emotet,Phishing Link,Zero-Day,Payload 38,Cloud Storage,Intellectual Property,48307.31269863948,18.967402764301855,11,Antivirus,Mitigation 4,57.615180975000555,6.033730872237666,True,176037.80338319475,True,True,True,ISO 27001
a32638b1-a0f7-4d03-abbe-7fdecc71555d,2024-09-11 05:02:18,Education,Small,UK,Ransomware,Internal,None,Phishing Link,Social Engineering,Payload 18,Database,Financial Records,20528.637899535337,14.069525371157354,3,Antivirus,Mitigation 16,179.93473199877906,3.7081654362137826,True,67821.98991253649,True,True,True,None
604b8b7e-ecd5-4ad3-81db-df637f857f5c,2024-10-04 09:43:06,Finance,Medium,USA,Phishing,External,WannaCry,Phishing Link,Social Engineering,Payload 20,ERP,Customer Data,8002.314716382509,41.13306687968228,7,Antivirus,Mitigation 20,89.21384939543543,5.670404983412571,True,177335.8198208033,True,True,True,ISO 27001
dbfffb37-2c86-46d9-a58b-8bd704366af0,2024-05-17 19:56:46,IT,Small,Brazil,DDoS,External,None,Network,Zero-Day,Payload 8,ERP,Intellectual Property,29532.314531105898,15.904166138573107,5,IDS,Mitigation 8,105.82531965666989,3.4103705372973,True,282.7249366002361,True,True,True,GDPR
e67b6a67-94e5-40b8-985d-467df7286345,2024-10-15 00:19:46,Retail,Small,Nigeria,Zero-Day Exploit,Internal,None,Phishing Link,Zero-Day,Payload 37,ERP,Financial Records,46456.76734983375,26.629274991678948,7,IDS,Mitigation 7,137.84039716499743,5.879826755769555,True,380314.8932864971,True,True,True,None
93813c0e-dbc8-414f-8ea7-4c6907df7ec2,2024-08-17 16:33:32,Healthcare,Medium,Nigeria,Ransomware,Internal,Emotet,Web,Brute Force,Payload 31,Workstations,Intellectual Property,21027.93821118435,43.894102030254786,10,SIEM,Mitigation 5,54.36067467520944,2.0762253490868985,True,-6143.572423942722,True,True,True,ISO 27001
91a982f4-87df-4797-a7f0-2ac5a7e652a6,2024-11-08 20:32:34,IT,Medium,Nigeria,SQL Injection,External,Emotet,Phishing Link,None,Payload 49,Cloud Storage,Intellectual Property,10516.724859384489,13.09776487125532,11,Antivirus,Mitigation 19,80.5698303991562,2.116019922076004,True,190832.83607671692,True,True,True,None
5305db2c-f8ed-4e71-bf31-906c77bd0ac3,2025-05-05 07:26:57,Healthcare,Small,Germany,Phishing,External,Ryuk,Web,Social Engineering,Payload 21,Database,Intellectual Property,39104.82996703696,18.72957928464438,9,Antivirus,Mitigation 10,34.00158520626978,-0.11429868404353094,True,265108.1189680078,True,True,True,ISO 27001
8589e33f-4a5d-4d1b-9438-2ea0e2a7fca1,2024-05-15 07:08:22,Finance,Small,India,Zero-Day Exploit,External,None,Email,Social Engineering,Payload 44,Cloud Storage,Intellectual Property,6697.634320874125,36.83901198842271,1,Antivirus,Mitigation 2,166.3332609513894,2.195973355498835,True,29606.552885067547,True,True,True,ISO 27001
6bedbccb-fa2b-45ac-8934-f4d0ec6c2118,2024-10-15 20:07:46,Education,Medium,UK,Ransomware,External,Ryuk,Web,SQL Injection,Payload 1,Database,Financial Records,46762.58840418324,42.41741216670967,10,Antivirus,Mitigation 15,166.0683492758673,0.8665787197023169,True,113735.8693994346,True,True,True,ISO 27001
09471e88-d83f-403f-ae29-c8c848d7e059,2024-12-28 21:08:13,Education,Medium,USA,Phishing,Internal,Ryuk,USB,Social Engineering,Payload 7,Cloud Storage,Financial Records,20280.286382752125,15.739101661070162,9,User Report,Mitigation 14,205.52404822443958,0.5744213382181439,True,122540.68115220648,True,True,True,ISO 27001
585ab564-b11a-4711-8ee9-6446e122f9fc,2025-03-20 16:15:55,Finance,Medium,Brazil,DDoS,Internal,Ryuk,Network,Zero-Day,Payload 2,Cloud Storage,Customer Data,14192.81003611064,38.48214658355455,12,SIEM,Mitigation 1,58.64633350961114,6.429793836134998,True,383963.4849294113,True,True,True,ISO 27001
2d147b8d-5cd9-45e3-b352-ba2d4c0cc21c,2024-06-17 14:47:46,Finance,Medium,USA,DDoS,Internal,Emotet,Phishing Link,SQL Injection,Payload 20,Cloud Storage,Intellectual Property,33970.318861916996,17.452850871167783,9,IDS,Mitigation 17,46.05069329462407,1.750368136576957,True,132483.72578871984,True,True,True,None
b97c3d6e-2872-4559-970b-47a58d9b51c2,2025-06-02 05:05:44,Education,Small,India,Phishing,External,None,Web,SQL Injection,Payload 4,ERP,Financial Records,24667.275787762243,28.55281823390461,4,Antivirus,Mitigation 20,46.371677209510906,4.671053491183769,True,64443.775275296764,True,True,True,None
a2191e63-364d-4981-9e75-14ee5e86c6dd,2024-07-29 12:46:10,Education,Medium,USA,DDoS,External,Emotet,Network,Zero-Day,Payload 28,Workstations,Customer Data,31418.455400851675,4.589740066539736,11,IDS,Mitigation 15,182.5442703583425,5.799165907363935,True,-35995.7677508255,True,True,True,ISO 27001
06336a59-c494-4024-85b9-611179168e92,2024-10-21 04:20:31,Finance,Medium,USA,DDoS,External,None,Phishing Link,Brute Force,Payload 20,Workstations,None,41960.6263227383,32.01320932311289,3,SIEM,Mitigation 18,54.231383137348104,0.8075454976865651,True,300156.54554800567,True,True,True,ISO 27001
84baa252-8eda-4d8f-b221-763afe25052a,2024-12-29 20:37:24,Education,Small,USA,Phishing,External,WannaCry,Email,Social Engineering,Payload 8,ERP,Customer Data,36264.3612182396,35.23353564612714,8,Antivirus,Mitigation 19,71.05635931283254,8.236379916572606,True,338790.00297375047,True,True,True,ISO 27001
4ae8bc35-a111-43ec-bc23-f51729dcb60e,2024-06-11 07:18:18,Education,Medium,Brazil,SQL Injection,External,Ryuk,Network,Zero-Day,Payload 15,ERP,Financial Records,50646.459242657394,1.5054449039302913,7,User Report,Mitigation 8,72.62711702632595,4.457846154707841,True,112337.32737759151,True,True,True,ISO 27001
0089f997-c12e-42ee-99b9-a92dbf8b2769,2025-02-22 20:55:06,IT,Medium,Germany,Phishing,External,Ryuk,USB,None,Payload 35,Database,None,17446.907303315602,26.48301886654953,7,User Report,Mitigation 17,53.31904913166313,5.763739404230871,True,168590.01494457223,True,True,True,ISO 27001
be91d839-c7b9-44a7-9ebd-5d430dd91be4,2025-06-23 18:27:18,IT,Small,Nigeria,Phishing,Internal,WannaCry,Phishing Link,None,Payload 15,Cloud Storage,None,47191.20465913986,27.242904317983673,10,SIEM,Mitigation 18,183.03024865430072,1.6528390710563678,True,141464.84209081577,True,True,True,ISO 27001
934eab9f-9944-43e8-9bca-29611fa3085c,2024-08-26 21:32:10,Education,Small,USA,SQL Injection,External,None,Phishing Link,Zero-Day,Payload 4,Database,Intellectual Property,8903.167383485075,50.63497756586756,11,Antivirus,Mitigation 3,117.31643607804051,5.605117939847311,True,413903.3853754867,True,True,True,GDPR
5f5c3c56-8f36-4be5-9033-b46ae0d96ea0,2024-09-09 08:26:51,IT,Medium,Germany,SQL Injection,External,None,Email,Social Engineering,Payload 38,Workstations,None,33832.7884514779,19.64231469479956,7,User Report,Mitigation 20,87.01687237263674,4.476771607497317,True,20508.268675097235,True,True,True,None
87a9e748-ddd3-4497-bf31-2d5a8438c28f,2024-07-19 13:45:05,Healthcare,Medium,Brazil,DDoS,Internal,None,Phishing Link,SQL Injection,Payload 42,Cloud Storage,Intellectual Property,40171.251927730926,24.266722751064528,5,SIEM,Mitigation 15,5.616856696531787,2.323956222896009,True,-37594.26374144187,True,True,True,ISO 27001
d52322fe-9711-4584-a4ee-dea10055ff7d,2024-08-14 04:39:02,Finance,Medium,India,Phishing,Internal,WannaCry,USB,Zero-Day,Payload 25,Database,None,23870.916784499736,21.983109401973454,6,Antivirus,Mitigation 1,84.66206976002778,3.7794536912933383,True,140161.12955992416,True,True,True,None
c41388ae-b778-45ba-a6e6-7fefae7a8a52,2025-03-07 21:19:15,Manufacturing,Medium,UK,Phishing,External,None,Web,None,Payload 1,Database,Intellectual Property,28382.564158802837,48.61720513676259,7,User Report,Mitigation 7,53.835405617336775,5.81753062901993,True,145828.54243210907,True,True,True,GDPR
7134ae94-fe75-487b-9b6d-595aec3f9646,2024-09-05 10:46:21,Education,Small,UK,SQL Injection,Internal,Emotet,USB,Zero-Day,Payload 48,Database,Customer Data,22788.76831847821,28.50385115093895,5,Antivirus,Mitigation 13,60.19140607936269,5.2852378078401205,True,129858.83580744977,True,True,True,ISO 27001
2d147b8d-5cd9-45e3-b352-ba2d4c0cc21c,2024-08-28 18:03:27,IT,Medium,Germany,Ransomware,Internal,Ryuk,USB,None,Payload 49,Database,Intellectual Property,31465.591703140744,9.061530404080706,4,User Report,Mitigation 4,131.3270213419524,2.1409860493573682,True,113826.86739580215,True,True,True,None
2950c976-38c1-4c07-b4fb-bdcfcfc0cc77,2025-03-14 00:57:03,Education,Medium,USA,DDoS,External,Ryuk,Phishing Link,None,Payload 37,Workstations,Customer Data,30381.21261429162,31.745226533144553,1,SIEM,Mitigation 9,196.14808780536836,2.351451996560694,True,-56289.15934147038,True,True,True,NIST
5977a655-d02c-456e-aa9b-8494fa809cf5,2024-09-30 07:30:57,IT,Medium,Nigeria,DDoS,External,None,Phishing Link,SQL Injection,Payload 47,Cloud Storage,Financial Records,43725.30201347842,-0.17546967983280393,5,Antivirus,Mitigation 16,84.19342450029814,4.463958365806848,True,87772.32293579291,True,True,True,GDPR
ba4e6c56-7fef-4506-8c7c-958f18acd286,2025-01-15 13:32:35,Retail,Small,UK,Ransomware,External,None,Phishing Link,None,Payload 46,Cloud Storage,Financial Records,36642.395280656085,36.099949445384986,8,IDS,Mitigation 9,175.94252559280682,2.686957832316989,True,423602.04487594083,True,True,True,None
38d71cc7-2d46-4c21-9c31-09db51e991b5,2024-07-29 03:02:20,Education,Medium,USA,Phishing,External,None,Web,Brute Force,Payload 2,Cloud Storage,Financial Records,19910.31262766526,42.81929135614679,7,User Report,Mitigation 20,167.32607209074538,5.391814251090799,True,336709.7000064219,True,True,True,None
13c59e42-93a7-4d57-841a-35dd7cfc6357,2024-11-13 21:36:22,Finance,Medium,Germany,Zero-Day Exploit,External,None,USB,Zero-Day,Payload 36,ERP,Intellectual Property,13760.459583040432,38.771346718454154,7,User Report,Mitigation 16,67.59181324888546,5.392769485528413,True,73155.12453478621,True,True,True,NIST
2ec5bd51-3267-4f26-acbd-fe403fd4cc41,2024-08-20 04:34:45,Finance,Medium,Brazil,SQL Injection,Internal,Ryuk,Web,Brute Force,Payload 45,Cloud Storage,Intellectual Property,-2539.6066996614572,42.009178471293154,0,User Report,Mitigation 2,118.12014301749915,6.91902559748114,True,174968.26770938348,True,True,True,ISO 27001
4cacbb5c-7648-408a-a9a7-677816dc92e1,2025-02-16 02:42:17,Retail,Medium,USA,SQL Injection,External,Emotet,USB,Zero-Day,Payload 36,Database,None,49182.61833589936,39.82369102853683,7,SIEM,Mitigation 2,110.71425985930611,3.0510478259490914,True,31934.975486814532,True,True,True,None
d2e6866c-85a1-47b0-b8a7-0256345441ed,2025-04-04 06:05:47,IT,Small,Germany,DDoS,External,WannaCry,Email,None,Payload 44,Workstations,Intellectual Property,3322.350058939248,17.278339400577433,8,User Report,Mitigation 16,87.72345662667274,4.2281373677987695,True,97263.4837050098,True,True,True,ISO 27001
5f5c3c56-8f36-4be5-9033-b46ae0d96ea0,2024-08-14 21:09:44,IT,Medium,Nigeria,Phishing,External,WannaCry,Web,None,Payload 37,Cloud Storage,None,24654.40651328221,31.90954354291089,10,SIEM,Mitigation 5,117.95721705783805,7.693032935153652,True,172673.3884485119,True,True,True,NIST
d34cbc57-c632-4df3-9dc1-8b8a059c745a,2024-08-02 03:21:51,Finance,Medium,Germany,DDoS,External,WannaCry,USB,Social Engineering,Payload 48,ERP,Customer Data,11643.35844014394,31.144784483642766,10,IDS,Mitigation 1,101.89673363031224,2.0402555238896687,True,146707.71234346312,True,True,True,None
7d4106d6-cf5e-46f4-9f4f-cc782a49d85b,2024-10-12 16:37:42,Healthcare,Medium,UK,DDoS,External,WannaCry,Web,SQL Injection,Payload 33,ERP,None,50932.98162942059,29.030606587007895,1,IDS,Mitigation 2,91.62820040665332,3.578555099650463,True,228838.34024370488,True,True,True,None
0d694f14-c46f-47ad-a13b-5bb2c1f218ee,2025-04-15 04:13:26,Retail,Medium,UK,Ransomware,External,Emotet,Web,Zero-Day,Payload 1,Workstations,Customer Data,54651.5035767331,13.388360625628412,5,User Report,Mitigation 15,130.39823732874842,0.7423542451660191,True,314645.467406365,True,True,True,None
e96d486c-da85-44b1-92c3-3f51d17116bf,2024-06-14 22:20:12,Healthcare,Small,UK,Zero-Day Exploit,Internal,None,Phishing Link,Zero-Day,Payload 43,Workstations,None,42372.2307409784,11.621481450573853,6,User Report,Mitigation 15,44.16485000283574,1.1180965283676043,True,130335.43839465885,True,True,True,None
6bedbccb-fa2b-45ac-8934-f4d0ec6c2118,2024-09-10 23:06:07,Education,Medium,USA,DDoS,External,Ryuk,Web,Zero-Day,Payload 45,Database,Intellectual Property,44934.39234286942,49.269624265355354,3,User Report,Mitigation 2,35.40152407135755,5.49290816899491,True,111522.7441892597,True,True,True,ISO 27001
f1ed55b6-2087-4a4d-acad-f61c7c479310,2025-01-31 20:04:26,Education,Medium,USA,DDoS,External,WannaCry,Email,Zero-Day,Payload 10,Database,Financial Records,35330.4976655251,53.470371414858306,7,SIEM,Mitigation 3,17.520589342047764,3.5648265112944495,True,283813.6538564062,True,True,True,ISO 27001
1ebd338c-4fc8-4be4-ad79-4e099a1f1eba,2024-05-30 10:24:06,Retail,Medium,Germany,SQL Injection,Internal,Ryuk,Network,Brute Force,Payload 13,Database,Customer Data,29585.91425395736,29.540676481738352,8,User Report,Mitigation 14,114.18148555586944,2.554249967156579,True,165755.02514378907,True,True,True,ISO 27001
15bda87b-49ad-40ce-a9b3-0a3f5ff9dd0d,2024-07-16 20:31:35,Finance,Small,UK,Phishing,External,None,Email,Brute Force,Payload 23,Cloud Storage,Intellectual Property,37084.16825440621,28.95793771934838,3,User Report,Mitigation 16,143.78893780786308,6.789836443895937,True,393296.86033428926,True,True,True,ISO 27001
96fe72d7-0bf9-40ed-ba0a-79f35a81e40d,2025-04-09 20:18:34,IT,Medium,India,Zero-Day Exploit,External,Ryuk,Email,Zero-Day,Payload 7,Cloud Storage,None,19166.666086147183,18.338135026120426,5,User Report,Mitigation 19,42.588143241785374,6.333833351091847,True,77902.04879714118,True,True,True,None
68592a62-d110-4e25-ba32-0ff8ffeb9e31,2024-09-20 09:27:18,Retail,Small,USA,Ransomware,External,Ryuk,USB,Zero-Day,Payload 42,Workstations,Financial Records,36166.3236693646,50.62969170198574,7,IDS,Mitigation 17,145.03328238138823,2.5717106194718307,True,-17594.099391742493,True,True,True,NIST
660b5f83-2abb-4588-833e-eced61d379ba,2025-01-21 05:07:46,Retail,Medium,UK,Phishing,External,None,USB,Brute Force,Payload 16,Workstations,None,23421.02936192134,41.25487045898831,2,User Report,Mitigation 19,149.38852816939774,3.3520195531283097,True,226728.72898371192,True,True,True,ISO 27001
c4dfb0e3-add0-46dd-be1a-428bb885e40b,2024-12-17 11:46:19,IT,Medium,USA,Ransomware,External,WannaCry,USB,Zero-Day,Payload 9,Database,Financial Records,7709.25468913748,34.81989208187178,2,User Report,Mitigation 5,142.4612328110917,3.241142964411493,True,75832.38412712014,True,True,True,GDPR
248ff6c0-209c-4321-b048-5d844f2310c7,2024-08-05 09:11:52,Education,Small,Nigeria,Phishing,External,Emotet,USB,Zero-Day,Payload 19,Cloud Storage,Financial Records,18590.129447095158,34.119665441757476,7,Antivirus,Mitigation 14,67.5228751200827,4.916944856581879,True,362691.3497747951,True,True,True,None
84b81cd7-17ce-441d-b3d8-5f32d2cca69d,2024-07-08 18:58:56,Education,Medium,UK,DDoS,Internal,WannaCry,Web,Brute Force,Payload 31,Database,Intellectual Property,36177.40532023611,33.241052381052945,10,User Report,Mitigation 2,54.02511802395797,0.3494966429279648,True,377971.4952270693,True,True,True,GDPR
9a636323-9701-474d-b91c-120a7afe8558,2024-08-14 01:41:39,IT,Small,USA,DDoS,Internal,None,Phishing Link,Zero-Day,Payload 2,Workstations,Intellectual Property,39761.058444823415,17.220978232408285,5,IDS,Mitigation 6,93.94490636638072,7.562678280319572,True,98830.55083440404,True,True,True,ISO 27001
a1ab7510-aaaf-4466-a671-1c594cce50e6,2024-07-14 15:59:01,Education,Medium,India,Phishing,Internal,Emotet,Email,SQL Injection,Payload 28,ERP,None,37012.06135274874,26.755236262260496,5,IDS,Mitigation 20,84.76526404439932,6.074423441903075,True,66651.01374743378,True,True,True,NIST
5f5c3c56-8f36-4be5-9033-b46ae0d96ea0,2025-02-09 03:43:41,Manufacturing,Medium,USA,SQL Injection,External,None,Web,None,Payload 6,Cloud Storage,Financial Records,2557.957051741212,36.14245859683813,3,User Report,Mitigation 13,84.28199242097936,5.982713663505223,True,309513.3244012577,True,True,True,ISO 27001
8844dc02-88cf-4da3-a60c-a76c5aec80d8,2025-03-09 00:12:36,Healthcare,Small,UK,Phishing,External,Emotet,Network,Social Engineering,Payload 36,Cloud Storage,Financial Records,41805.59567143213,15.966575089541141,11,Antivirus,Mitigation 10,66.97169124235967,3.6061994697343707,True,303872.88429402706,True,True,True,None
be91d839-c7b9-44a7-9ebd-5d430dd91be4,2025-01-27 01:59:06,IT,Small,USA,Zero-Day Exploit,Internal,Ryuk,Email,Zero-Day,Payload 1,Cloud Storage,Financial Records,-3822.4533921772345,30.47482655752251,9,SIEM,Mitigation 5,64.65430865373706,2.953779111777768,True,3288.6998144263925,True,True,True,ISO 27001
22bf10a4-4ba4-4749-97bb-96133a7338c3,2024-09-07 09:47:14,Healthcare,Small,UK,Ransomware,Internal,Emotet,Web,SQL Injection,Payload 21,Cloud Storage,Intellectual Property,25590.709072574205,7.1344926600622385,10,User Report,Mitigation 20,189.60352677514214,4.968897154412507,True,57685.24202316167,True,True,True,NIST
c4dfb0e3-add0-46dd-be1a-428bb885e40b,2024-12-13 18:37:13,Education,Medium,Nigeria,SQL Injection,Internal,None,Network,Social Engineering,Payload 30,Workstations,Intellectual Property,38298.67674180306,29.75815674445044,9,IDS,Mitigation 16,47.200703378711424,3.0279904675419473,True,278603.91470369993,True,True,True,ISO 27001
f6c9f143-3540-4388-aa94-b0710bb41132,2024-07-23 13:15:01,Education,Medium,USA,SQL Injection,Internal,None,Network,Social Engineering,Payload 13,Workstations,None,2834.1167193810006,36.31855634322536,8,User Report,Mitigation 17,53.19337177477915,3.13281386429181,True,59066.756213492336,True,True,True,GDPR
b2c1d9ff-3541-43ca-89e7-1e3b51fb456c,2025-03-05 22:46:15,IT,Small,USA,DDoS,External,WannaCry,Phishing Link,SQL Injection,Payload 24,Database,Financial Records,48169.175185827975,32.90245866167345,11,IDS,Mitigation 16,125.40177659035557,5.438356892145482,True,26177.355501226557,True,True,True,ISO 27001
9dd4dbdd-dff0-4c8b-98c5-424a74d27ea9,2025-03-27 20:01:11,Education,Medium,India,SQL Injection,External,Emotet,Network,Zero-Day,Payload 41,ERP,None,43239.134887853856,25.59369082214597,9,User Report,Mitigation 14,81.64296201447681,5.896649089745004,True,250250.19518643053,True,True,True,ISO 27001
52a797a2-b346-4b96-af6f-1502d44ef303,2024-12-06 18:20:34,Finance,Medium,UK,Phishing,Internal,Ryuk,Phishing Link,None,Payload 37,Workstations,None,46227.748203241834,19.9633803350791,5,SIEM,Mitigation 17,57.546460016081454,0.9144377037435485,True,309799.16848397686,True,True,True,NIST
c60aa402-116b-4cc4-9faa-6f0f06e3e932,2025-05-15 12:02:41,Finance,Medium,USA,DDoS,External,Ryuk,Email,Zero-Day,Payload 45,Database,Intellectual Property,35285.504615152364,26.34822349408134,7,User Report,Mitigation 14,90.31376246930992,4.088514912655425,True,390102.4640155958,True,True,True,None
d52322fe-9711-4584-a4ee-dea10055ff7d,2025-01-22 19:10:17,IT,Small,UK,SQL Injection,Internal,None,USB,Zero-Day,Payload 12,Database,None,22225.60996098571,39.95192458638738,3,Antivirus,Mitigation 8,167.4596301050172,5.741631048186946,True,10968.405145841825,True,True,True,NIST
42c9fd65-14f2-4e99-b7fc-be4fd1cfb1f6,2025-04-07 11:08:46,IT,Small,USA,Ransomware,External,None,Email,SQL Injection,Payload 44,Cloud Storage,Intellectual Property,10844.982885807749,42.08331055767835,4,User Report,Mitigation 7,165.0323296606988,7.699596644105526,True,104344.77387711752,True,True,True,ISO 27001
1a35e61d-70ba-4ffa-b9c0-2ea337aa313f,2024-07-20 02:52:21,Finance,Medium,Germany,Phishing,External,Emotet,USB,Zero-Day,Payload 13,Cloud Storage,Intellectual Property,50191.33397016657,19.170037644328687,8,Antivirus,Mitigation 11,67.3100790530349,3.1436721897068916,True,364767.07865866215,True,True,True,ISO 27001
e0acb0d4-0318-423c-bf4e-a6c9fe6e96a9,2024-06-10 10:40:23,IT,Medium,Brazil,SQL Injection,Internal,Emotet,Email,SQL Injection,Payload 2,Workstations,Financial Records,47800.323863594705,28.90502482976447,7,Antivirus,Mitigation 7,174.78789913571666,4.091072984874619,True,92134.34932314177,True,True,True,NIST
86569b8b-75ef-434e-b982-5cd7f5ec8ead,2024-05-24 19:11:36,IT,Medium,Nigeria,SQL Injection,External,Ryuk,Phishing Link,Zero-Day,Payload 38,Database,None,43401.92534090878,25.359137205566242,7,User Report,Mitigation 5,163.01739448473757,5.16865580763426,True,112653.7604715519,True,True,True,None
d8d17cab-4f00-4b60-8589-fa9422561d0d,2024-08-08 21:32:35,IT,Medium,UK,Zero-Day Exploit,Internal,WannaCry,Phishing Link,Zero-Day,Payload 26,Cloud Storage,Customer Data,50786.17536621559,16.785719941300147,3,Antivirus,Mitigation 18,155.57421105795217,5.914277297791473,True,70268.8906953974,True,True,True,ISO 27001
06336a59-c494-4024-85b9-611179168e92,2024-09-07 12:19:19,Finance,Small,India,Phishing,External,Emotet,Phishing Link,None,Payload 10,Database,Customer Data,47007.260217247494,17.84282610930802,10,Antivirus,Mitigation 12,10.472559647199962,3.6222135876398696,True,163111.5170747594,True,True,True,None
54d58fb4-10e8-4c64-a31f-ef2f321996c1,2025-05-21 12:23:43,Finance,Medium,Brazil,DDoS,Internal,Ryuk,USB,Brute Force,Payload 31,Cloud Storage,None,-2171.2624176179525,35.717190763166926,6,IDS,Mitigation 9,131.6803367031416,6.144378471028715,True,73537.80907068803,True,True,True,ISO 27001
0812abc8-64b0-45b0-bb59-929d5feb4de6,2024-08-28 05:19:40,IT,Small,UK,SQL Injection,Internal,WannaCry,Phishing Link,Social Engineering,Payload 1,Cloud Storage,None,17116.89867819375,18.88388257406004,7,Antivirus,Mitigation 12,32.32667931869387,2.848678489791803,True,104616.1251740007,True,True,True,NIST
660b5f83-2abb-4588-833e-eced61d379ba,2024-09-08 03:27:34,Retail,Small,UK,Phishing,External,Emotet,Web,Zero-Day,Payload 32,Workstations,Financial Records,11827.920055595443,10.666801475981313,1,Antivirus,Mitigation 8,105.16945139659468,4.232692689508585,True,-19268.851151168536,True,True,True,None
ad01fbc5-7438-4567-8fa7-99d235ebb0fa,2025-02-15 12:50:54,Healthcare,Medium,India,DDoS,External,Emotet,Phishing Link,Zero-Day,Payload 15,Workstations,Intellectual Property,12759.416942469112,22.67232975196213,4,User Report,Mitigation 3,137.4444974667333,5.0994676178530165,True,111267.7402974838,True,True,True,ISO 27001
e8befb99-d7d7-4069-8e08-e85bb9327968,2024-06-24 08:19:13,Manufacturing,Medium,USA,Phishing,Internal,Emotet,USB,Zero-Day,Payload 47,Workstations,Financial Records,24797.416933307657,26.716890534002637,10,SIEM,Mitigation 18,129.1678861073847,2.4520552621180505,True,195054.58977339536,True,True,True,GDPR
0dca251a-7a1b-4e55-9f5b-946613dd1c63,2024-07-11 18:29:14,Healthcare,Medium,Germany,Phishing,External,Ryuk,Web,Zero-Day,Payload 1,Database,Financial Records,39231.55801002875,18.79477301841632,9,SIEM,Mitigation 12,135.91680026400138,1.4412690210013916,True,31966.83322426372,True,True,True,ISO 27001
45fed381-2b5f-4f09-b85d-f2d70744e791,2024-05-15 05:09:01,Healthcare,Small,Brazil,Ransomware,External,Ryuk,Network,Zero-Day,Payload 22,Workstations,Intellectual Property,47290.942919161746,25.51170160180555,11,IDS,Mitigation 3,-0.6957649951208325,8.346393339210833,True,320710.56955790456,True,True,True,GDPR
9b383f41-0b3f-43a9-b02f-cf53a0ee9ecb,2024-06-12 22:20:02,IT,Small,India,Ransomware,External,Emotet,Email,Social Engineering,Payload 2,Workstations,Intellectual Property,31382.837873398814,38.77318648860771,9,Antivirus,Mitigation 9,184.27043660373585,2.6248787601459282,True,329621.38394140766,True,True,True,ISO 27001
ad01fbc5-7438-4567-8fa7-99d235ebb0fa,2024-09-18 16:42:12,Retail,Medium,Germany,SQL Injection,Internal,None,Phishing Link,SQL Injection,Payload 17,Workstations,Customer Data,20405.144017186245,44.05779291348869,9,SIEM,Mitigation 4,146.42070811013815,0.535444429217487,True,154756.32470158694,True,True,True,None
9cbf8c2d-f14c-4530-85e9-5ec3415a50ac,2024-07-23 07:18:28,Education,Medium,Nigeria,DDoS,External,Emotet,Email,Zero-Day,Payload 31,Workstations,Intellectual Property,34580.35930321037,25.918626737432398,7,User Report,Mitigation 2,160.6976022838416,5.581648734528663,True,220416.35211895374,True,True,True,None
b85e19b7-b184-43c6-a566-129f62a8fcf7,2024-06-08 14:43:51,IT,Small,USA,SQL Injection,External,WannaCry,Web,Social Engineering,Payload 4,Cloud Storage,Customer Data,34943.05154860074,29.033600485480395,3,Antivirus,Mitigation 20,160.5961082281259,3.2818384530465563,True,442043.0590525978,True,True,True,None
e3b24cc8-f06e-4278-b02d-f3451c1c3d43,2024-10-30 12:03:43,IT,Small,India,DDoS,Internal,WannaCry,Email,Brute Force,Payload 29,Database,Financial Records,29024.632996745575,26.878930585072673,6,IDS,Mitigation 14,171.35978559274471,2.8057122186950654,True,216608.2022177733,True,True,True,ISO 27001
26624619-eeab-412a-b219-6f7bee2e3445,2025-05-12 01:17:05,Finance,Small,Nigeria,Phishing,External,WannaCry,Phishing Link,Brute Force,Payload 35,ERP,Intellectual Property,18822.992650291013,13.165799293132123,11,IDS,Mitigation 2,141.19400076450398,3.296544766672704,True,253969.38756248573,True,True,True,ISO 27001
2950c976-38c1-4c07-b4fb-bdcfcfc0cc77,2024-10-16 19:46:55,Manufacturing,Medium,Nigeria,Ransomware,External,WannaCry,Web,None,Payload 22,ERP,Intellectual Property,44861.413727518964,43.48528189125944,9,User Report,Mitigation 16,212.80892464482594,1.4781409352894324,True,228058.04952254915,True,True,True,ISO 27001
5fcd352a-2408-468f-aa1e-a618e64275d5,2024-12-01 20:25:31,Education,Medium,UK,Zero-Day Exploit,External,WannaCry,Network,Zero-Day,Payload 21,Cloud Storage,Intellectual Property,34856.98815538004,36.18985781591964,11,User Report,Mitigation 3,77.65085708641193,2.5623172358745974,True,130225.19922767459,True,True,True,GDPR
c5d25b0f-6fcf-4047-850f-8a6de8f20593,2024-12-21 20:37:56,Education,Medium,UK,Ransomware,Internal,Ryuk,Network,None,Payload 31,Database,Intellectual Property,24890.83930743144,18.335172045169717,7,Antivirus,Mitigation 16,108.08877317934076,7.786788755052887,True,65764.02275126163,True,True,True,None
ad83206f-eaca-4042-b998-df5a5e14b5e9,2025-03-09 05:15:11,Manufacturing,Medium,Nigeria,Ransomware,Internal,None,Phishing Link,Social Engineering,Payload 19,Cloud Storage,Financial Records,33945.139720641135,32.48465415935545,7,Antivirus,Mitigation 10,113.30519935871276,2.2002075436323505,True,161894.91059731453,True,True,True,GDPR
be7bddb7-558b-4734-a580-34c1b0085bc8,2024-05-15 22:03:53,Manufacturing,Medium,USA,Ransomware,External,Emotet,Web,Zero-Day,Payload 10,Cloud Storage,None,19978.412618162263,51.6979188924846,1,User Report,Mitigation 6,46.607870401702385,3.094724466575392,True,24587.309873700724,True,True,True,ISO 27001
c93fac7c-cae0-4856-aa15-955555ca7cee,2024-05-26 22:39:11,Education,Medium,USA,DDoS,Internal,None,USB,SQL Injection,Payload 4,Workstations,Intellectual Property,43219.91447036924,41.21853241761731,9,User Report,Mitigation 12,110.24749225942246,7.580826352226731,True,183125.39413195438,True,True,True,ISO 27001
95ed5bd7-9608-4275-b6df-20d61545c9cb,2025-03-04 22:09:52,Finance,Medium,Nigeria,Phishing,Internal,None,USB,Zero-Day,Payload 34,Cloud Storage,Customer Data,22269.142997366915,13.468088572955331,1,IDS,Mitigation 9,185.59800163469203,4.412757271039198,True,138861.61737294722,True,True,True,GDPR
69936b34-a1bf-4028-a723-22ab88048605,2025-01-26 11:45:30,Education,Small,USA,DDoS,Internal,None,Phishing Link,SQL Injection,Payload 20,Database,Intellectual Property,44401.18556554786,38.98326610365676,10,Antivirus,Mitigation 16,43.1902120561995,4.912761303799385,True,61096.04434684217,True,True,True,NIST
eaa8a532-9f0e-455c-a1d5-e8822c9f5572,2024-08-21 19:54:29,Healthcare,Small,India,SQL Injection,External,Emotet,USB,Brute Force,Payload 35,Workstations,Customer Data,47910.96799527421,29.992863377322827,9,User Report,Mitigation 17,118.88280356511952,5.742536347651306,True,178085.9418326587,True,True,True,None
f1b60488-1496-4749-81e8-a4b7ff9cf626,2024-12-19 05:13:03,Manufacturing,Medium,USA,SQL Injection,External,Ryuk,Email,Zero-Day,Payload 45,Cloud Storage,Intellectual Property,13505.257081424686,13.797200750300071,3,IDS,Mitigation 12,39.38366068084245,3.4468763727377016,True,110493.18811548768,True,True,True,GDPR
6885c872-b1e8-42be-88c2-9cbbfa33302e,2025-01-17 11:16:09,Manufacturing,Medium,UK,DDoS,Internal,Ryuk,Web,Social Engineering,Payload 6,ERP,None,47841.83573153956,30.95518269563622,8,IDS,Mitigation 11,191.22243864862116,0.42535846682623346,True,135618.61373839018,True,True,True,ISO 27001
85993586-97e9-4a7b-8ce0-bf56e8cbdcff,2024-12-10 22:13:14,Finance,Medium,Brazil,Zero-Day Exploit,External,None,Phishing Link,Zero-Day,Payload 4,Database,Financial Records,40591.973876763426,3.871996657298869,4,User Report,Mitigation 1,133.63780437696008,6.79497290263925,True,371129.5743961775,True,True,True,None
d1984fab-ba2a-45b8-8517-0ecbce74ec91,2025-01-27 20:38:20,Healthcare,Medium,Brazil,SQL Injection,External,None,Email,Brute Force,Payload 46,Workstations,Financial Records,40081.6854632789,36.3569052541133,11,User Report,Mitigation 3,147.76196685161176,2.591963000605622,True,305071.9718096359,True,True,True,ISO 27001
8a804612-65ba-4e5f-917a-81f02fca3dc3,2024-04-17 12:42:55,IT,Medium,Brazil,SQL Injection,Internal,Emotet,Network,SQL Injection,Payload 6,Cloud Storage,Customer Data,40248.91000311658,33.514199530329186,3,IDS,Mitigation 17,193.36836707936357,4.450227878033117,True,64194.6633699654,True,True,True,ISO 27001
4e25cdc7-81f5-48f0-b77c-8b2a34115561,2025-02-11 02:37:24,Finance,Medium,India,Phishing,External,None,Phishing Link,Brute Force,Payload 41,ERP,Financial Records,11707.586591364614,40.42365543957885,8,User Report,Mitigation 5,17.41930463991805,1.3740088014540253,True,233483.41679975184,True,True,True,None
4835d67d-fd8e-4b2e-bcb9-b0c821cee871,2024-07-21 19:52:56,Retail,Medium,Brazil,DDoS,External,Emotet,USB,Zero-Day,Payload 46,Workstations,Customer Data,13408.436202836288,37.4160403737888,2,User Report,Mitigation 6,149.5531459211215,3.38601869320331,True,183001.2797467197,True,True,True,None
5ad9380c-82f8-4600-99a8-b93ce6ec97c9,2024-08-22 13:19:27,Education,Small,Nigeria,Phishing,External,Emotet,Phishing Link,Brute Force,Payload 19,Cloud Storage,Customer Data,21685.20531663906,50.1287407089732,9,User Report,Mitigation 15,94.0210631699756,6.729882104696707,True,124604.75006337483,True,True,True,NIST
2a4bc859-49bb-4c6c-b8e4-b5ca014712bb,2024-08-31 09:30:37,Manufacturing,Medium,UK,Phishing,External,None,Network,Zero-Day,Payload 15,ERP,None,26277.853407303424,43.20112284271128,3,IDS,Mitigation 6,63.31945961365925,4.630845696007841,True,118516.5628519103,True,True,True,None
1f96d7a6-ab19-4313-aa55-e691e233c3bd,2024-12-10 22:03:42,Finance,Medium,Brazil,DDoS,Internal,Ryuk,Email,Social Engineering,Payload 27,Database,Intellectual Property,38015.796575955676,41.464931400989485,5,SIEM,Mitigation 9,68.03086199892587,4.61520232191815,True,282211.6002523021,True,True,True,ISO 27001
8cb01c67-1b8a-4ee8-9baa-afbf037a0cec,2024-12-06 21:32:44,Education,Medium,UK,Phishing,External,WannaCry,USB,SQL Injection,Payload 28,ERP,Customer Data,32887.10525321397,45.56742748036103,10,IDS,Mitigation 6,64.32628257484163,4.015754033263604,True,157257.42578866705,True,True,True,ISO 27001
9928978e-1b1d-43ce-bc65-4bcdc00a1c9d,2025-04-08 15:30:59,Retail,Small,Nigeria,Ransomware,External,Ryuk,Network,Zero-Day,Payload 5,Database,Customer Data,44683.78939891061,46.42996049846565,8,IDS,Mitigation 1,138.10760908668465,1.5456946937301996,True,32765.219848983776,True,True,True,ISO 27001
416d3ce2-7ff0-4273-bd0b-d83b0ee766a8,2025-03-12 09:19:53,Education,Medium,Brazil,Zero-Day Exploit,Internal,Ryuk,USB,Zero-Day,Payload 23,Cloud Storage,Financial Records,21958.656016406676,27.126613242064682,9,SIEM,Mitigation 19,169.13999420863243,4.19962785611308,True,-83002.01338323367,True,True,True,ISO 27001
073036b6-1e21-4d8c-b97f-c216bff3d78e,2024-10-01 16:46:22,Retail,Medium,Brazil,Zero-Day Exploit,External,Emotet,USB,SQL Injection,Payload 28,Cloud Storage,Financial Records,32463.492190505905,18.32674315635672,7,IDS,Mitigation 5,68.60412073595269,5.198340137957341,True,121142.77151296461,True,True,True,GDPR
c319e82c-3056-402a-bba0-b4fe563f3d37,2025-03-08 07:01:51,Finance,Medium,Nigeria,Phishing,Internal,Ryuk,Phishing Link,None,Payload 47,ERP,None,12996.379751941105,32.055776112693195,9,Antivirus,Mitigation 12,150.5714581806245,6.852012570488405,True,226029.27546531172,True,True,True,GDPR
d1984fab-ba2a-45b8-8517-0ecbce74ec91,2024-09-15 15:20:28,Education,Medium,India,SQL Injection,External,None,Web,Zero-Day,Payload 9,Workstations,None,34875.11987579797,21.104698525384578,8,User Report,Mitigation 2,169.9924159437443,5.26879172831135,True,-85997.9242545232,True,True,True,GDPR
835be07f-826c-4acc-8220-6517e6601bb6,2024-07-30 01:18:11,Finance,Small,Brazil,Ransomware,Internal,Ryuk,Web,Brute Force,Payload 10,Cloud Storage,Financial Records,15250.206475083869,45.01963122902014,9,User Report,Mitigation 7,190.71612529861784,5.778960937730149,True,375635.8224942669,True,True,True,None
a0df1d5c-b0ce-48be-843c-7c7a99bbfc62,2025-05-08 08:35:18,Finance,Small,UK,Zero-Day Exploit,External,WannaCry,USB,Brute Force,Payload 32,Workstations,Customer Data,32175.143211997492,56.64395620496657,9,Antivirus,Mitigation 16,124.74378781891906,3.8445559457734646,True,267849.1124382417,True,True,True,NIST
5e954bf6-7739-4967-ae57-1eb36c3ed56a,2025-01-06 03:06:11,IT,Medium,India,DDoS,External,Emotet,Phishing Link,Social Engineering,Payload 6,Database,None,42507.067195756965,41.90261603220476,1,IDS,Mitigation 20,171.34355545176314,3.021661311162469,True,121004.05652943693,True,True,True,ISO 27001
cb0f0ac7-bda3-4922-8424-f49ced5cc087,2025-04-09 10:06:18,Education,Medium,USA,Phishing,External,Emotet,USB,Zero-Day,Payload 18,Database,Financial Records,25006.72762723368,36.67855865532108,8,SIEM,Mitigation 19,89.78363938925655,6.570980123115004,True,400430.5399510978,True,True,True,GDPR
30cb7e06-981a-4bcf-a029-4b9cccaf36c0,2025-05-01 12:19:00,Manufacturing,Medium,USA,Phishing,External,None,Phishing Link,Zero-Day,Payload 33,Database,None,41448.446425091446,17.869756920623615,8,SIEM,Mitigation 2,30.24942539798631,2.9019585477730954,True,180968.69511932269,True,True,True,NIST
5e0e430b-8e3f-4897-9a57-9f69cabad245,2024-09-16 07:53:28,Finance,Medium,UK,DDoS,External,Emotet,Phishing Link,SQL Injection,Payload 47,Cloud Storage,Intellectual Property,18401.420897954835,48.35330692608143,9,User Report,Mitigation 17,122.35568021100589,4.528756943684609,True,297854.3650223294,True,True,True,NIST
a297cb3d-b37f-4fb3-b257-5c53b8e4ee48,2024-07-14 01:54:36,Retail,Medium,Germany,SQL Injection,External,Emotet,Phishing Link,Zero-Day,Payload 25,ERP,None,-3309.463727965953,35.76834714092259,1,SIEM,Mitigation 20,39.090112345056724,3.128944594481715,True,64934.72736770718,True,True,True,None
e3b24cc8-f06e-4278-b02d-f3451c1c3d43,2024-09-09 00:09:26,Finance,Medium,India,Ransomware,External,None,Network,Zero-Day,Payload 39,ERP,Intellectual Property,1937.8368947233812,29.142230474320108,6,SIEM,Mitigation 3,78.59727714122597,8.364473138174318,True,358.2234102811926,True,True,True,GDPR
53cc4749-3a4c-4ac0-b834-a2a69b6e2c5b,2024-10-05 18:03:39,Manufacturing,Medium,UK,Zero-Day Exploit,Internal,Emotet,Email,None,Payload 31,ERP,Financial Records,47472.242734429616,28.83133087963055,9,User Report,Mitigation 19,51.344618930905554,2.8590723081585003,True,303881.96015329624,True,True,True,GDPR
37db2a98-2586-438f-9182-d5785b786c64,2024-08-25 09:49:11,Education,Small,UK,Phishing,Internal,Ryuk,Email,Social Engineering,Payload 6,ERP,Financial Records,482.42722042182504,35.52755891503305,2,Antivirus,Mitigation 6,57.64678454710621,6.205358902879021,True,33092.58944204773,True,True,True,None
86569b8b-75ef-434e-b982-5cd7f5ec8ead,2024-09-08 04:34:53,Education,Small,UK,Phishing,External,Ryuk,USB,None,Payload 47,Database,Financial Records,48810.02537353898,35.60602852956701,10,Antivirus,Mitigation 17,58.719263039375164,0.03939528837306372,True,185162.03344779456,True,True,True,GDPR
4286abad-98ca-47a5-8d01-52e687d878ca,2025-03-17 19:48:07,IT,Medium,UK,Phishing,External,None,Email,Zero-Day,Payload 10,ERP,None,31114.542846066703,33.78873413996514,4,User Report,Mitigation 10,144.22919454661417,8.486302749301256,True,62228.66921962096,True,True,True,NIST
f486c8d5-0e3f-424d-854f-4040a3c22e78,2024-11-30 13:20:47,Healthcare,Small,India,DDoS,Internal,None,Phishing Link,Zero-Day,Payload 37,Database,Intellectual Property,37948.66630516033,29.343934169826554,9,SIEM,Mitigation 20,94.06534339636143,2.2685633643405247,True,39394.784249445336,True,True,True,ISO 27001
cbe93508-04ad-4dd4-ba24-db8df63b6096,2024-04-08 16:46:16,IT,Small,UK,DDoS,Internal,Ryuk,USB,Social Engineering,Payload 46,ERP,Intellectual Property,50317.427771677845,31.51625516933058,4,Antivirus,Mitigation 1,163.03102701401423,7.631600681172154,True,152206.12096547044,True,True,True,ISO 27001
01b0d4a7-b66a-4901-9c91-265f6aa75bfc,2025-02-11 02:32:34,Education,Medium,UK,Ransomware,Internal,None,USB,Zero-Day,Payload 25,Workstations,Customer Data,37281.64920784754,16.01979460666441,8,IDS,Mitigation 15,31.913681643175337,0.7164362118999765,True,329372.6340221318,True,True,True,NIST
0345aaf4-1bbb-408d-9d80-b96b5354cb27,2025-04-30 15:42:30,Finance,Small,USA,SQL Injection,Internal,None,Network,Social Engineering,Payload 5,Cloud Storage,Financial Records,31762.082666997245,53.27534051419465,9,IDS,Mitigation 6,159.59953986394197,1.4844459605547844,True,82804.94830342074,True,True,True,NIST
c8358e71-163c-4df6-9d3a-cea489221584,2024-09-09 18:14:34,IT,Medium,India,Ransomware,External,Emotet,Network,Social Engineering,Payload 15,Workstations,None,11809.50431719216,4.463367275903408,4,Antivirus,Mitigation 1,38.86603253704216,2.185531642652297,True,122781.860716621,True,True,True,NIST
9928978e-1b1d-43ce-bc65-4bcdc00a1c9d,2024-09-23 23:33:08,Retail,Small,Brazil,Phishing,External,Emotet,Phishing Link,Brute Force,Payload 33,Cloud Storage,Financial Records,42491.16579224648,15.816022696411547,6,Antivirus,Mitigation 20,52.955639695574135,0.821442653627579,True,20616.88852684517,True,True,True,None
da10a64d-8530-41f2-a912-1e86fb5c0896,2024-09-26 18:34:40,Education,Small,UK,DDoS,Internal,Emotet,Phishing Link,Brute Force,Payload 45,Cloud Storage,Financial Records,36274.24114411979,47.934774310865286,8,User Report,Mitigation 9,147.9315381305685,3.1504073519265807,True,113207.52303585464,True,True,True,None
d115d80d-7feb-45a3-bd3b-ad889d3e488a,2025-01-11 04:33:37,Manufacturing,Medium,Nigeria,SQL Injection,Internal,None,Phishing Link,SQL Injection,Payload 30,ERP,None,47507.102209673234,17.636131312631875,10,User Report,Mitigation 7,40.609801159574424,2.167934758332631,True,-7936.250437524461,True,True,True,GDPR
d9ba4aeb-2716-45a3-9697-213c582fbc9f,2025-06-15 05:04:40,Healthcare,Small,UK,SQL Injection,External,Emotet,Phishing Link,Zero-Day,Payload 22,ERP,Financial Records,32140.64677853386,46.50559438002619,8,User Report,Mitigation 20,106.6392117182711,5.893277052303874,True,180584.74123306526,True,True,True,None
95ed5bd7-9608-4275-b6df-20d61545c9cb,2024-07-28 06:16:56,Retail,Small,UK,DDoS,Internal,Emotet,USB,Social Engineering,Payload 14,Workstations,None,43467.67470532058,14.724708710413541,7,User Report,Mitigation 17,160.81298490505293,6.090269489504158,True,62290.903107376886,True,True,True,NIST
925bef56-f945-4fb6-975e-3e3792b1c2be,2024-12-11 23:31:02,Education,Medium,Germany,SQL Injection,External,None,Phishing Link,Zero-Day,Payload 10,Workstations,Customer Data,44829.63057752837,16.79406031338663,4,SIEM,Mitigation 13,47.43795266023359,2.11484847026869,True,53092.28358433221,True,True,True,NIST
31abd040-ba6d-43b5-8b4a-54af27cd33de,2025-01-08 18:39:31,Finance,Small,India,Zero-Day Exploit,External,None,Email,None,Payload 13,Workstations,Intellectual Property,38826.66712919494,57.253617259150396,5,Antivirus,Mitigation 8,131.86730248956124,4.294966782323563,True,280977.7297157292,True,True,True,GDPR
f6c9f143-3540-4388-aa94-b0710bb41132,2024-09-11 23:46:24,Finance,Small,Brazil,Ransomware,External,WannaCry,Network,None,Payload 10,Workstations,Customer Data,40976.755473770536,47.90409683925566,9,Antivirus,Mitigation 4,138.3385514872113,2.1898643758207936,True,279846.6762344605,True,True,True,None
f8df54cf-c9d9-4aec-b1dc-5a0aa7edac86,2025-03-03 20:10:42,Healthcare,Medium,Brazil,Phishing,External,Ryuk,Email,Social Engineering,Payload 49,Cloud Storage,Financial Records,-1424.4426887210193,29.277814883408794,10,User Report,Mitigation 10,126.16076671672337,2.9914876398836885,True,88847.97784124545,True,True,True,ISO 27001
5635addd-b34d-489e-b210-db91700cb2d4,2024-08-15 22:34:11,Manufacturing,Medium,India,Phishing,Internal,Ryuk,Web,Brute Force,Payload 30,Workstations,Intellectual Property,31074.213424102607,13.593979740200385,7,User Report,Mitigation 9,53.06493318931658,6.327840185734926,True,406139.9680910438,True,True,True,None
8f543353-f39c-410d-865d-8c4d20c3dad3,2024-10-14 15:02:32,Education,Medium,UK,Ransomware,External,None,Network,Zero-Day,Payload 38,ERP,Customer Data,42642.04011568868,18.330324589699263,9,User Report,Mitigation 2,114.96758842493844,4.983678192858408,True,33751.084725099536,True,True,True,ISO 27001
579cb525-6e43-4efb-9062-2f01c818231c,2025-01-05 06:22:51,Manufacturing,Medium,Brazil,SQL Injection,External,WannaCry,Network,Brute Force,Payload 10,Workstations,Customer Data,42980.112686579334,31.072680318584297,7,IDS,Mitigation 8,79.68968871527217,2.5793581209395393,True,119409.19690888979,True,True,True,NIST
ff9d5a45-16e0-40c9-aba6-c3ee9cbcc27c,2024-08-13 06:23:16,Manufacturing,Medium,Germany,Phishing,Internal,Emotet,Network,Zero-Day,Payload 23,Workstations,Customer Data,9439.008101605952,43.3530496317458,4,IDS,Mitigation 19,83.19817714241343,2.767280343915422,True,8111.436609217009,True,True,True,ISO 27001
74baed95-b81a-4910-bf84-09f9d012314e,2024-10-23 15:48:45,Finance,Medium,USA,DDoS,Internal,None,USB,Social Engineering,Payload 49,Database,Customer Data,32343.431585239192,50.10218847738469,4,IDS,Mitigation 12,42.98751607943602,6.294135515741608,True,235398.9115374187,True,True,True,ISO 27001
d1984fab-ba2a-45b8-8517-0ecbce74ec91,2025-05-29 03:00:03,Finance,Medium,USA,Zero-Day Exploit,External,None,Network,Brute Force,Payload 20,Workstations,Intellectual Property,39832.69902207692,28.704289330457552,8,Antivirus,Mitigation 10,95.2004149525061,7.768738339381615,True,-57881.045044098704,True,True,True,ISO 27001
66ce86d7-dbf5-4859-a1db-a0d757676f48,2025-01-22 11:46:28,Education,Medium,USA,Zero-Day Exploit,Internal,None,USB,Zero-Day,Payload 14,Database,Financial Records,7521.393464846185,37.411322755783246,10,Antivirus,Mitigation 1,107.794526787347,5.675199546653177,True,165528.71122037544,True,True,True,GDPR
416d3ce2-7ff0-4273-bd0b-d83b0ee766a8,2025-04-25 19:06:46,Finance,Medium,USA,DDoS,External,WannaCry,Web,Zero-Day,Payload 25,Database,Intellectual Property,48621.10392276467,39.267726002502314,7,IDS,Mitigation 5,169.0540007663588,2.8287346083915432,True,191114.72527108536,True,True,True,GDPR
2d97d256-8b9c-4e93-adc4-d361b93de774,2024-06-21 21:01:56,Retail,Medium,UK,Ransomware,External,Emotet,USB,Zero-Day,Payload 14,ERP,Financial Records,10590.804943885105,45.20965477257898,8,Antivirus,Mitigation 3,125.7180460270699,0.45761007262335873,True,224244.5464561506,True,True,True,GDPR
6af07114-b0fa-4e5d-afa7-2fae8351ce14,2024-05-16 20:05:57,IT,Small,UK,Phishing,Internal,WannaCry,Web,Brute Force,Payload 45,Cloud Storage,Intellectual Property,26814.590133655794,45.79060752485593,7,User Report,Mitigation 2,50.9887979119736,1.1115905903732064,True,181841.73184941927,True,True,True,ISO 27001
10d00cb6-f29b-4dc3-8622-00ee680fe0a8,2024-09-02 15:27:59,Education,Medium,USA,SQL Injection,External,Ryuk,Email,SQL Injection,Payload 49,ERP,Financial Records,44939.52244977637,38.501350931926055,6,SIEM,Mitigation 12,88.59910181799215,5.282742893888999,True,-5775.021591417142,True,True,True,None
066b7b4e-685f-42d1-9bc1-14573e916cac,2024-12-09 18:07:30,IT,Medium,Nigeria,Zero-Day Exploit,External,Emotet,Phishing Link,Zero-Day,Payload 24,Cloud Storage,Financial Records,46147.07764069938,32.90314048696722,9,User Report,Mitigation 8,67.7481069356537,4.812002142800786,True,333114.47014748753,True,True,True,GDPR
d52322fe-9711-4584-a4ee-dea10055ff7d,2024-09-13 20:19:28,Manufacturing,Medium,India,Phishing,Internal,None,Phishing Link,Brute Force,Payload 37,Cloud Storage,Financial Records,26884.489905652183,14.079594148798416,8,Antivirus,Mitigation 11,159.9920948905273,4.547851962673965,True,344573.32677262905,True,True,True,GDPR
37e40357-b06f-42ee-bcd6-36b0694b9262,2025-04-13 17:23:23,Healthcare,Medium,India,DDoS,Internal,Emotet,USB,None,Payload 8,ERP,Customer Data,24569.283984508904,10.650617764874667,5,SIEM,Mitigation 12,195.16148989016125,6.2892917909670585,True,135299.5023181187,True,True,True,None
f1ed55b6-2087-4a4d-acad-f61c7c479310,2024-08-04 03:28:09,IT,Small,India,DDoS,Internal,None,Web,Zero-Day,Payload 37,Cloud Storage,Intellectual Property,31907.904372027995,8.681280745313172,8,Antivirus,Mitigation 16,137.83873798162236,1.7439251269842602,True,462986.40903775406,True,True,True,NIST
d942ce36-aba9-4f29-b652-60c26ccec7c2,2024-08-31 01:29:32,IT,Medium,India,Zero-Day Exploit,Internal,Ryuk,Phishing Link,Brute Force,Payload 32,ERP,None,9773.724977075799,42.961725203614854,4,IDS,Mitigation 5,122.60550940869405,2.8495170226788145,True,433251.95224389643,True,True,True,GDPR
416d3ce2-7ff0-4273-bd0b-d83b0ee766a8,2024-05-24 06:00:53,Healthcare,Medium,UK,Phishing,External,Emotet,Phishing Link,SQL Injection,Payload 22,Workstations,Financial Records,34508.53327027531,43.56763484261528,8,IDS,Mitigation 2,164.86049534473773,2.643049673248046,True,302624.2293951437,True,True,True,None
7283f668-10b1-4d70-a734-4fe9e57779d1,2024-07-22 16:02:55,Manufacturing,Small,USA,Phishing,Internal,None,USB,SQL Injection,Payload 19,Workstations,Customer Data,49742.219968771045,34.08521630897812,8,User Report,Mitigation 10,33.80812185315641,2.018093743002857,True,421919.9109838825,True,True,True,None
cf7ed6e3-7cbd-429d-8f26-a886ebfa0338,2024-11-08 18:45:20,Retail,Medium,USA,Zero-Day Exploit,External,Ryuk,USB,Social Engineering,Payload 49,ERP,None,40140.85516541118,15.658211931707736,0,User Report,Mitigation 10,66.80302169101837,3.437276309088788,True,303358.2473858144,True,True,True,ISO 27001
68deb0de-ddb3-47a0-aa66-bff496d7a227,2024-12-05 20:03:26,Retail,Medium,India,DDoS,External,Emotet,Web,Social Engineering,Payload 1,Cloud Storage,None,38723.85008679124,19.4905265572567,5,Antivirus,Mitigation 10,198.9030766374496,2.430907123212841,True,384381.71030681604,True,True,True,None
be91d839-c7b9-44a7-9ebd-5d430dd91be4,2025-01-26 20:08:02,Finance,Small,UK,DDoS,Internal,None,USB,Social Engineering,Payload 40,Database,Intellectual Property,19907.104586920985,2.0192326724760896,3,SIEM,Mitigation 10,96.23856324320454,5.308732914309463,True,60556.76517992993,True,True,True,GDPR
2167a68d-7a79-4e1e-a7ed-fd9072f0084f,2024-07-05 17:11:57,Healthcare,Medium,India,SQL Injection,External,WannaCry,Phishing Link,Brute Force,Payload 37,Workstations,Intellectual Property,31429.964091633406,10.701693371940934,7,User Report,Mitigation 8,99.38160570081232,3.0648952551217805,True,269937.67968270753,True,True,True,NIST
3ded62ad-90ef-4131-bb16-ed34a63266f9,2025-05-02 16:46:15,Retail,Medium,UK,Ransomware,Internal,WannaCry,Phishing Link,SQL Injection,Payload 47,Database,Financial Records,43820.09879848095,42.48074904669758,10,SIEM,Mitigation 9,120.78607834476446,6.792343962200593,True,97075.30338242449,True,True,True,GDPR
585ab564-b11a-4711-8ee9-6446e122f9fc,2024-11-25 00:27:23,Healthcare,Medium,USA,Zero-Day Exploit,External,Emotet,Phishing Link,None,Payload 17,Workstations,Financial Records,30859.788488501516,8.048525786596183,10,User Report,Mitigation 20,149.12127272473225,6.103830337974761,True,187952.33797800585,True,True,True,ISO 27001
01a17e3a-62e9-4155-905a-eabd685bcc45,2024-08-24 20:17:53,IT,Medium,UK,Phishing,External,Emotet,Email,Zero-Day,Payload 32,Workstations,Financial Records,37789.379339749175,52.42396625754383,11,User Report,Mitigation 3,146.3020124028394,4.8631879968033065,True,111790.51172215812,True,True,True,ISO 27001
ab3edbed-2503-4826-8b42-546dba83761c,2024-10-09 08:54:44,Finance,Medium,USA,DDoS,External,Emotet,Network,Zero-Day,Payload 11,Cloud Storage,Customer Data,36871.70939986201,48.90335621342365,5,SIEM,Mitigation 10,124.97916727351412,2.152469846040549,True,121915.10596368807,True,True,True,None
e8c1e549-3c48-4b66-9e6a-8e1345dc74bd,2024-09-23 13:03:26,Finance,Medium,Germany,Phishing,Internal,WannaCry,Network,Social Engineering,Payload 34,Cloud Storage,Intellectual Property,18171.83646585452,20.638187424000968,9,SIEM,Mitigation 17,189.48142981828633,5.360178930981181,True,429022.1819697507,True,True,True,None
4286abad-98ca-47a5-8d01-52e687d878ca,2024-09-06 14:52:14,Manufacturing,Small,Germany,SQL Injection,External,Emotet,Phishing Link,None,Payload 30,Cloud Storage,None,37073.421340080735,20.739563496980654,8,User Report,Mitigation 12,72.74982086767709,5.237183920979582,True,-17340.411941374026,True,True,True,ISO 27001
bd27c52a-ccc7-4615-8f1e-a085bd9185b2,2025-03-08 01:04:49,IT,Small,USA,SQL Injection,External,None,Email,Brute Force,Payload 14,Database,Financial Records,46094.86819001487,36.65366157022878,9,User Report,Mitigation 2,160.45726861841047,6.606935712412028,True,398715.311011689,True,True,True,None
576a86f8-23f3-4d37-8b82-d059f6d8e2e3,2024-11-05 17:08:16,IT,Medium,UK,Phishing,External,None,Web,None,Payload 37,Cloud Storage,Customer Data,14934.76501460658,17.305040005253122,10,Antivirus,Mitigation 17,13.922979505451046,2.1073018079294483,True,21903.491235143956,True,True,True,None
a2191e63-364d-4981-9e75-14ee5e86c6dd,2024-09-30 15:46:54,Retail,Medium,UK,DDoS,External,Ryuk,Phishing Link,Brute Force,Payload 44,Cloud Storage,Intellectual Property,23995.5328115719,27.815124031258044,0,SIEM,Mitigation 8,46.29362449496098,1.063017772601855,True,341683.6837430619,True,True,True,ISO 27001
836c8145-8326-46b8-bdd9-8f6fbc612329,2024-07-21 10:14:28,Healthcare,Medium,Brazil,DDoS,External,None,Network,None,Payload 4,ERP,Financial Records,2412.638095011397,15.504093246254612,8,User Report,Mitigation 3,96.21879169531537,3.8191628029812277,True,209059.8091470911,True,True,True,None
5cc7999e-49fe-4440-954a-f586a853f5f6,2025-02-14 16:06:47,Retail,Small,UK,Zero-Day Exploit,Internal,None,Phishing Link,Zero-Day,Payload 38,Database,None,41283.00435204544,43.77613768647126,8,Antivirus,Mitigation 19,119.36069075314765,3.7668269666669265,True,48844.4030616082,True,True,True,ISO 27001
142edd14-adfb-4cec-a260-6adc12cb0796,2025-01-08 12:00:00,Education,Medium,India,Zero-Day Exploit,Internal,Emotet,Email,Zero-Day,Payload 42,Cloud Storage,Customer Data,33225.63154788179,15.472595267940573,8,User Report,Mitigation 17,29.649222724568215,2.5191722045835063,True,385723.2709496964,True,True,True,GDPR
86569b8b-75ef-434e-b982-5cd7f5ec8ead,2025-04-29 19:32:55,Finance,Medium,Nigeria,Zero-Day Exploit,Internal,None,Network,Zero-Day,Payload 16,Cloud Storage,Customer Data,13738.341040674142,55.06214175317815,9,User Report,Mitigation 3,170.08252347685996,6.010940514994761,True,-15672.052266254876,True,True,True,GDPR
ab3edbed-2503-4826-8b42-546dba83761c,2024-04-27 03:35:33,Healthcare,Small,Brazil,Zero-Day Exploit,Internal,WannaCry,Web,None,Payload 5,ERP,None,16573.307115102583,31.67326671314874,10,IDS,Mitigation 19,197.06129496962157,1.6248762244090165,True,370568.4525742214,True,True,True,GDPR
4484b1ef-1173-40e0-9ed7-314629238572,2024-09-11 04:27:32,Finance,Small,Germany,SQL Injection,External,Emotet,Network,None,Payload 35,Cloud Storage,Intellectual Property,-3051.2820080574293,20.05950117155391,6,User Report,Mitigation 18,29.37767890736668,8.357877237233183,True,102841.47953733022,True,True,True,None
b0259226-c783-457d-8e2d-c7cbdeea8248,2024-10-12 01:13:51,IT,Medium,USA,SQL Injection,External,None,Network,None,Payload 25,Workstations,Customer Data,37269.59207684389,44.375058849075664,1,User Report,Mitigation 13,124.92209155043201,6.000073666108902,True,12341.437969520746,True,True,True,None
f6c9f143-3540-4388-aa94-b0710bb41132,2024-11-05 17:34:42,IT,Small,Nigeria,Phishing,External,None,Phishing Link,Zero-Day,Payload 10,Workstations,Intellectual Property,23139.02993102495,37.05954242725059,7,IDS,Mitigation 17,197.71619825643137,0.781660247586772,True,86971.34527313159,True,True,True,ISO 27001
9b46cdc9-fc3c-49f1-99ea-73c06fcb370f,2025-01-31 03:52:09,IT,Medium,Brazil,SQL Injection,External,Emotet,Phishing Link,Brute Force,Payload 38,Workstations,Intellectual Property,7698.524390576415,31.6386738344175,12,User Report,Mitigation 20,132.19170791286584,1.9786802208093603,True,-32235.490583204373,True,True,True,None
ad83206f-eaca-4042-b998-df5a5e14b5e9,2024-07-03 17:42:34,IT,Medium,USA,DDoS,Internal,WannaCry,USB,Social Engineering,Payload 40,Cloud Storage,Intellectual Property,25996.502331606993,37.23674340979038,3,SIEM,Mitigation 2,182.21798665376997,7.233310587321516,True,220415.57791525446,True,True,True,None
e958a382-90a4-4fcc-a4b5-e0fdcc31d632,2024-11-15 20:49:30,Education,Small,Nigeria,Phishing,Internal,Ryuk,Phishing Link,Zero-Day,Payload 32,Workstations,Intellectual Property,27185.932488140817,40.00959660538735,9,IDS,Mitigation 17,53.57121715825282,5.928221200085876,True,340747.2817880248,True,True,True,GDPR
d8d17cab-4f00-4b60-8589-fa9422561d0d,2025-06-02 13:44:20,Retail,Medium,Brazil,Phishing,Internal,None,Phishing Link,Social Engineering,Payload 16,Cloud Storage,None,32736.85117127737,28.676020998079366,11,User Report,Mitigation 9,22.70974162155658,4.255774701403405,True,98527.96991513719,True,True,True,None
0065b444-dab7-46f0-ae73-33cb6786393b,2024-07-12 12:38:26,Education,Medium,Germany,SQL Injection,External,Ryuk,Phishing Link,None,Payload 11,Cloud Storage,Financial Records,-1265.5059825933622,4.554642019782838,8,IDS,Mitigation 10,201.88989606677347,0.22866109158920378,True,322774.23242061323,True,True,True,None
55be73d6-26c3-482a-b6f9-326ea1d64cce,2024-09-25 13:22:44,IT,Small,USA,Phishing,Internal,None,Network,Brute Force,Payload 8,Workstations,Intellectual Property,14918.145365724371,22.078760625208226,8,User Report,Mitigation 3,103.94352011690162,1.8896579496895685,True,-74580.22410522717,True,True,True,NIST
12d230d3-ef26-4b02-9f33-3ca9d4af463f,2024-08-05 06:10:43,Retail,Medium,USA,DDoS,External,Ryuk,Email,Brute Force,Payload 19,ERP,Customer Data,26815.259984767657,45.0305490012427,5,Antivirus,Mitigation 7,109.71296210513611,5.461037321088312,True,73779.4084754593,True,True,True,ISO 27001
0812abc8-64b0-45b0-bb59-929d5feb4de6,2025-05-16 20:19:11,Manufacturing,Medium,Nigeria,Phishing,Internal,Emotet,Email,Social Engineering,Payload 27,ERP,Financial Records,-1577.2326170537253,47.57686858115602,6,User Report,Mitigation 17,175.84087753839052,2.617891037806933,True,227221.3248058983,True,True,True,ISO 27001
c3a7258c-d3fc-4b1c-a7ae-3f7fcefcbdf8,2025-03-18 07:34:16,IT,Medium,UK,SQL Injection,External,None,USB,None,Payload 29,Workstations,Customer Data,31014.150444798113,17.364908176762047,10,User Report,Mitigation 2,53.31131350810223,7.139435073717233,True,71221.80079114021,True,True,True,GDPR
3eb1fe75-26f8-4fd9-a3c0-08e37c36b25e,2025-04-25 10:33:39,Retail,Medium,UK,DDoS,Internal,Emotet,USB,Zero-Day,Payload 32,Cloud Storage,None,37384.733510260325,54.12812954124377,4,IDS,Mitigation 10,133.46309887803605,4.17575336447175,True,-47683.82226107734,True,True,True,NIST
014d172c-156e-4bd6-a332-447fde896716,2024-08-15 03:23:13,IT,Medium,USA,Zero-Day Exploit,External,Emotet,Email,Zero-Day,Payload 33,Workstations,Intellectual Property,46686.10289901068,32.51522085625566,10,User Report,Mitigation 20,33.088989046844645,1.8385311261177586,True,221277.3235935023,True,True,True,None
87a9e748-ddd3-4497-bf31-2d5a8438c28f,2025-05-08 07:13:49,Finance,Medium,Nigeria,SQL Injection,External,WannaCry,Phishing Link,Zero-Day,Payload 42,Cloud Storage,Intellectual Property,-3349.6315960062875,46.61606170126234,2,Antivirus,Mitigation 11,142.5363288582876,6.429575027832134,True,64964.98873512464,True,True,True,None
47ab60da-1cc5-47d2-bd7d-77fe0ddd86e6,2025-06-04 21:19:23,Education,Medium,Nigeria,Ransomware,External,WannaCry,USB,Brute Force,Payload 42,Workstations,Financial Records,5044.926491817909,14.508457688762743,6,Antivirus,Mitigation 6,51.98582732565491,1.687508159354916,True,366683.56145351526,True,True,True,None
d6bcec1d-50b3-4abc-8700-f57f8c66b29d,2024-12-25 00:10:58,Finance,Medium,Germany,Ransomware,Internal,WannaCry,Phishing Link,None,Payload 31,Database,None,37576.408404549904,12.081762896155539,3,Antivirus,Mitigation 8,151.2927597107279,2.7153646064033654,True,423605.73784797575,True,True,True,NIST
7283f668-10b1-4d70-a734-4fe9e57779d1,2024-07-20 14:30:50,Education,Small,USA,Phishing,External,Emotet,Web,Zero-Day,Payload 37,Cloud Storage,Financial Records,53075.49209428331,31.550361585692436,8,IDS,Mitigation 17,78.0799672964655,1.1417698466192272,True,156132.22184645967,True,True,True,None
83fd6066-f7a4-4031-9462-2ef2d6bf70ec,2025-01-28 04:25:47,Manufacturing,Medium,USA,SQL Injection,External,None,Email,Brute Force,Payload 6,Cloud Storage,Financial Records,49768.399353026725,11.522462680335552,10,IDS,Mitigation 19,52.65456128464497,1.3406681523929243,True,407164.0043293252,True,True,True,GDPR
9d7880a2-c518-407d-80eb-a506b9b9d23b,2024-10-16 16:40:50,Manufacturing,Medium,Nigeria,Ransomware,Internal,Emotet,Network,Brute Force,Payload 27,Cloud Storage,Customer Data,26872.351561360585,29.68398497511163,5,User Report,Mitigation 10,73.78199202702092,3.953105020661038,True,-13321.279831577427,True,True,True,ISO 27001
235c1350-fe34-43b1-8a58-8f709e2edbae,2025-05-22 18:33:25,Education,Small,Nigeria,SQL Injection,External,Ryuk,USB,SQL Injection,Payload 50,Database,Financial Records,14402.946078384377,35.57705943136098,4,User Report,Mitigation 15,171.72258579927933,1.372154445876364,True,78667.88272671381,True,True,True,GDPR
a5d819c0-b30c-4bff-be75-d6931ccb803e,2024-10-27 11:03:14,Healthcare,Medium,UK,DDoS,External,Emotet,Email,Zero-Day,Payload 35,Database,Customer Data,36013.53512435978,44.505869876013655,9,User Report,Mitigation 2,158.63666675318782,7.963111193965625,True,123145.46211283753,True,True,True,ISO 27001
37e40357-b06f-42ee-bcd6-36b0694b9262,2024-11-20 00:32:26,Retail,Medium,UK,Phishing,External,WannaCry,Network,Zero-Day,Payload 26,Workstations,Financial Records,5326.144527334731,31.78244265005261,8,Antivirus,Mitigation 2,28.18709133479992,2.245153602531156,True,272057.14823367505,True,True,True,GDPR
abec87d0-0163-4835-baf0-627252a5ea9e,2025-04-09 17:26:26,Healthcare,Medium,India,SQL Injection,External,Emotet,Email,Brute Force,Payload 35,Database,Financial Records,31114.846577850927,48.049259323965586,11,Antivirus,Mitigation 14,137.40179410635426,5.494963223849127,True,253341.90674901498,True,True,True,GDPR
5977a655-d02c-456e-aa9b-8494fa809cf5,2024-06-22 22:36:39,Manufacturing,Medium,India,Phishing,External,Ryuk,Email,None,Payload 18,Database,Financial Records,29527.608103047816,18.7231866629877,10,User Report,Mitigation 16,59.34619049581569,5.476780846294021,True,62277.36538342065,True,True,True,GDPR
d52322fe-9711-4584-a4ee-dea10055ff7d,2025-06-08 18:44:23,Education,Small,Brazil,SQL Injection,External,WannaCry,USB,SQL Injection,Payload 22,Database,None,52330.71065076442,44.47132035066911,3,User Report,Mitigation 6,76.9322612672502,0.019085857770582804,True,251282.31743190353,True,True,True,GDPR
9c5e2844-ac5c-44fd-a46c-a87c0273ab88,2024-07-16 07:25:45,Education,Medium,India,Ransomware,Internal,WannaCry,Email,Brute Force,Payload 34,Database,None,27514.321443763096,21.321835878994293,10,IDS,Mitigation 20,113.68200226415635,4.920176318024387,True,167323.96172755802,True,True,True,None
868d5e48-8b8f-412c-a611-972bdee6985c,2024-04-18 01:09:47,Education,Medium,Brazil,Ransomware,External,Ryuk,USB,Social Engineering,Payload 18,Workstations,Customer Data,6230.068472265522,30.155807868177284,7,SIEM,Mitigation 10,51.476491658565436,5.325596405271203,True,333330.2124891437,True,True,True,NIST
660b5f83-2abb-4588-833e-eced61d379ba,2024-11-01 08:57:43,Education,Small,USA,Phishing,Internal,None,Phishing Link,SQL Injection,Payload 1,ERP,Financial Records,35310.45127474509,42.645508098287486,6,IDS,Mitigation 4,132.6137627110557,1.3617207131598312,True,52470.3547006186,True,True,True,NIST
a297cb3d-b37f-4fb3-b257-5c53b8e4ee48,2024-08-27 10:01:47,Education,Small,UK,Ransomware,External,None,Email,Zero-Day,Payload 44,Workstations,Intellectual Property,32687.415251974213,15.24257523654164,7,Antivirus,Mitigation 2,86.5315038145235,5.248985998537406,True,10125.860904898756,True,True,True,NIST
d19ddc0c-9d0b-4326-9232-2d752c88e6f8,2024-08-22 04:54:55,Retail,Medium,UK,SQL Injection,External,WannaCry,Web,Social Engineering,Payload 35,Cloud Storage,Financial Records,52359.437888572,36.38067243125871,8,User Report,Mitigation 2,155.43272326688725,4.644099142143892,True,211822.43531381857,True,True,True,GDPR
bb41f186-c1d2-418c-95bc-f24c939109c5,2025-06-02 04:36:04,Healthcare,Small,USA,Phishing,External,None,Phishing Link,Brute Force,Payload 50,Database,None,19913.622891074756,36.40800965724365,2,User Report,Mitigation 15,169.1688822812839,6.766547484146271,True,17916.87637220387,True,True,True,None
d8d17cab-4f00-4b60-8589-fa9422561d0d,2024-08-31 23:07:41,IT,Medium,UK,Phishing,External,WannaCry,Phishing Link,None,Payload 30,Workstations,None,54516.30554600166,10.348976637134427,3,Antivirus,Mitigation 14,113.04441097467462,2.7392251636493143,True,175137.03016621352,True,True,True,None
13c59e42-93a7-4d57-841a-35dd7cfc6357,2024-09-11 14:44:21,Finance,Medium,India,Phishing,External,Ryuk,Network,Social Engineering,Payload 20,Workstations,None,9200.039899319694,24.477012246634043,5,User Report,Mitigation 14,78.64676688039489,5.2839632409935,True,89710.52910982905,True,True,True,GDPR
df7c62c2-f439-4875-ad1d-56ad20e10d19,2024-09-14 11:59:28,Retail,Small,Germany,DDoS,Internal,WannaCry,USB,None,Payload 23,ERP,Financial Records,5883.219876184527,44.528306470095046,8,Antivirus,Mitigation 11,185.30303920867175,2.2381184026481775,True,171539.55899361864,True,True,True,None
f1ed55b6-2087-4a4d-acad-f61c7c479310,2024-09-15 14:46:17,Finance,Small,Brazil,Phishing,Internal,WannaCry,Network,SQL Injection,Payload 35,Workstations,Intellectual Property,50646.5257741448,32.49468889606,11,Antivirus,Mitigation 12,55.59597179554359,2.4529816625740732,True,87935.48694665328,True,True,True,ISO 27001
f8df54cf-c9d9-4aec-b1dc-5a0aa7edac86,2025-01-03 14:57:23,Education,Medium,India,Ransomware,Internal,WannaCry,Web,Brute Force,Payload 42,ERP,None,16321.649805111156,39.88973034219045,4,IDS,Mitigation 20,132.8313228845018,3.495860640687016,True,85096.33086049731,True,True,True,ISO 27001
b610f6ee-d558-44ce-ab53-5537209158cc,2025-05-17 00:20:22,IT,Medium,India,Ransomware,External,Emotet,Phishing Link,None,Payload 15,Cloud Storage,Financial Records,41009.66219315574,48.847679556825646,4,Antivirus,Mitigation 16,152.34003388962242,7.324102475645495,True,334933.70759441174,True,True,True,ISO 27001
78dc90e6-18bc-4483-80e9-f724a7253e41,2024-04-30 14:46:26,IT,Medium,Nigeria,SQL Injection,Internal,Ryuk,Web,None,Payload 26,ERP,Customer Data,54135.21469820409,22.69579326397344,6,SIEM,Mitigation 13,157.23170565659274,5.059709121304469,True,246926.10091489417,True,True,True,ISO 27001
5c296947-98dd-4f73-8d12-51dca56d68ae,2024-07-24 22:37:57,Healthcare,Medium,Nigeria,Phishing,Internal,None,Phishing Link,Brute Force,Payload 8,Workstations,None,5684.063488588687,20.419165595871505,11,SIEM,Mitigation 13,147.23288431312082,6.845471979273788,True,150265.91534644514,True,True,True,GDPR
86339748-7797-4ce2-b7da-8737f0795e16,2024-11-06 13:20:36,Finance,Small,USA,DDoS,Internal,None,Network,None,Payload 2,Database,Intellectual Property,-790.8254616816012,51.9642311751893,9,User Report,Mitigation 17,27.997840967260892,8.106094831003913,True,132373.86791124515,True,True,True,NIST
44393b3a-cbf8-40f8-a9a9-d6cc94b0f85b,2025-05-20 06:01:08,Finance,Medium,Nigeria,DDoS,External,Emotet,Network,Zero-Day,Payload 11,Database,Intellectual Property,19215.073000755907,28.685248663294082,10,IDS,Mitigation 7,86.76705442928042,3.219672897066852,True,361384.01187999913,True,True,True,ISO 27001
6b302c07-35f0-47d3-9f76-2c25343a479e,2024-11-16 00:25:39,Healthcare,Medium,USA,Zero-Day Exploit,Internal,Ryuk,Phishing Link,Brute Force,Payload 38,ERP,Customer Data,35709.060316801144,16.126117726547022,7,IDS,Mitigation 4,79.13901200434023,2.8887266760587815,True,255062.01745433372,True,True,True,ISO 27001
6b0ab396-9c4f-4dab-8718-9ad9ebba388b,2025-04-22 23:15:48,Manufacturing,Small,USA,Phishing,External,Emotet,Phishing Link,None,Payload 21,Cloud Storage,Intellectual Property,22496.088446214286,13.389444373181334,10,User Report,Mitigation 13,147.29126448534805,6.140265917393584,True,84429.7159011082,True,True,True,None
e0acb0d4-0318-423c-bf4e-a6c9fe6e96a9,2025-01-07 02:55:03,Finance,Small,UK,Zero-Day Exploit,Internal,WannaCry,Web,Brute Force,Payload 34,ERP,Intellectual Property,52415.97831227492,18.531025784827698,9,Antivirus,Mitigation 4,149.555191594008,3.94362842276115,True,97698.72103030342,True,True,True,GDPR
18336a25-be93-4f16-82c7-324f6a14687e,2024-06-27 10:42:44,Manufacturing,Small,USA,SQL Injection,External,None,Email,Social Engineering,Payload 30,Cloud Storage,None,47460.36686392717,30.627346803213698,3,User Report,Mitigation 1,70.40462647227426,4.257749709957324,True,-43815.30203332295,True,True,True,NIST
835becf7-e9ca-4605-ad82-fceb2195ed40,2025-01-04 14:58:13,Manufacturing,Medium,USA,Ransomware,External,None,Phishing Link,SQL Injection,Payload 6,Workstations,Intellectual Property,16810.453444849674,32.968638001604255,8,User Report,Mitigation 5,29.857011575939342,3.841751118725524,True,199316.30447062477,True,True,True,GDPR
f486c8d5-0e3f-424d-854f-4040a3c22e78,2024-07-28 10:55:54,Education,Medium,USA,Ransomware,External,None,Email,Zero-Day,Payload 46,ERP,Financial Records,21797.876566894585,32.51660354224327,4,Antivirus,Mitigation 8,31.78238553732347,4.143568326479652,True,296843.522827581,True,True,True,GDPR
3fda321f-f7e6-4c55-b8ed-e2ea37cc4cd7,2024-09-12 18:19:00,IT,Small,USA,Phishing,External,Emotet,Phishing Link,SQL Injection,Payload 21,Workstations,Intellectual Property,28656.21194671283,25.063445347199792,5,IDS,Mitigation 20,84.39060744384005,5.422958422233898,True,131495.03279067995,True,True,True,GDPR
a2191e63-364d-4981-9e75-14ee5e86c6dd,2025-01-11 00:23:02,Retail,Medium,UK,Zero-Day Exploit,Internal,WannaCry,Web,Zero-Day,Payload 19,ERP,None,35440.52600292626,34.35644136028334,6,User Report,Mitigation 14,109.66103199417691,4.4816742924170025,True,320295.7041234467,True,True,True,ISO 27001
0d9ad466-bd00-4f40-bf87-788229bdb51c,2025-02-24 04:36:19,Manufacturing,Medium,India,Phishing,External,None,USB,Zero-Day,Payload 35,Cloud Storage,Intellectual Property,7960.927092617709,19.139406011686212,1,Antivirus,Mitigation 15,120.30854877657569,5.474506149681915,True,116174.69010003813,True,True,True,None
d942ce36-aba9-4f29-b652-60c26ccec7c2,2024-08-06 04:27:44,Education,Medium,UK,Zero-Day Exploit,Internal,None,Web,Brute Force,Payload 18,Cloud Storage,Intellectual Property,45868.39727499467,37.294031886140516,9,SIEM,Mitigation 19,77.23050803138308,5.543737216073708,True,-40277.84813192916,True,True,True,GDPR
81373b4a-1031-45e9-91ab-fa620cbb4630,2024-08-05 23:24:41,Finance,Small,Nigeria,Phishing,External,Emotet,USB,None,Payload 44,Cloud Storage,Financial Records,3265.4976112653485,47.17158874050427,2,User Report,Mitigation 13,173.8472006905237,1.0306428975933548,True,74528.52941294949,True,True,True,NIST
91a982f4-87df-4797-a7f0-2ac5a7e652a6,2024-07-22 17:52:21,Healthcare,Medium,UK,DDoS,Internal,WannaCry,Network,Zero-Day,Payload 4,Cloud Storage,Customer Data,49362.32366358831,29.62800266181425,7,User Report,Mitigation 20,55.099864932823,4.473117473157333,True,380820.2076707997,True,True,True,ISO 27001
e96d486c-da85-44b1-92c3-3f51d17116bf,2025-05-19 14:08:39,Finance,Small,USA,DDoS,Internal,Ryuk,Email,Zero-Day,Payload 33,Workstations,Intellectual Property,32826.5651018498,29.17650529498927,1,SIEM,Mitigation 7,186.684831850055,2.198400165993954,True,-75161.87810613269,True,True,True,NIST
5262e72a-20ea-4688-9503-6baeba09ce0b,2025-01-21 18:38:23,Retail,Medium,Brazil,Zero-Day Exploit,Internal,None,Email,None,Payload 35,ERP,Intellectual Property,12497.719566118863,18.316061925747405,8,IDS,Mitigation 13,157.75574718431812,8.416833084631191,True,224613.13716509592,True,True,True,None
69936b34-a1bf-4028-a723-22ab88048605,2024-09-17 03:31:48,Healthcare,Medium,USA,Ransomware,External,Emotet,Web,Social Engineering,Payload 7,Workstations,Financial Records,8503.779766606978,44.98290357319556,8,Antivirus,Mitigation 3,127.22032706043987,3.524653071117012,True,51671.80427117666,True,True,True,NIST
bf50ab93-886a-43f3-85c9-333a40dff4fd,2025-03-24 19:19:34,Manufacturing,Small,Nigeria,Zero-Day Exploit,External,WannaCry,Network,Zero-Day,Payload 36,Database,Customer Data,6807.139213201819,52.88021242647268,9,Antivirus,Mitigation 1,171.07885256101974,7.5841537940163235,True,542230.7277817581,True,True,True,None
6756acb0-92ba-4904-aaf5-57741af85851,2025-01-19 12:21:57,Education,Medium,UK,Ransomware,Internal,None,Email,Brute Force,Payload 3,Workstations,Intellectual Property,10728.106137470888,50.979294910927074,4,Antivirus,Mitigation 9,139.01162789479804,2.5546636433987366,True,18289.67567197756,True,True,True,ISO 27001
d1984fab-ba2a-45b8-8517-0ecbce74ec91,2024-08-31 05:08:57,Healthcare,Small,Germany,Phishing,Internal,Ryuk,Network,Zero-Day,Payload 28,Cloud Storage,Financial Records,11599.016529685588,35.59325296246516,6,IDS,Mitigation 14,165.10640697029066,1.4479883083249312,True,177226.59432592982,True,True,True,NIST
a32638b1-a0f7-4d03-abbe-7fdecc71555d,2024-10-05 10:09:16,IT,Medium,Germany,Phishing,External,Ryuk,Web,Social Engineering,Payload 11,Workstations,Intellectual Property,20260.57787913141,28.94041955644823,3,IDS,Mitigation 10,84.27839878592134,6.61885031332429,True,21267.469219975574,True,True,True,ISO 27001
e0acb0d4-0318-423c-bf4e-a6c9fe6e96a9,2024-08-23 06:00:10,Finance,Medium,Germany,Phishing,Internal,None,Network,Social Engineering,Payload 37,Database,Intellectual Property,28034.13875924366,16.07702789451592,3,User Report,Mitigation 10,83.05887498506031,1.5505101465529958,True,87449.64041377333,True,True,True,GDPR
21a4e698-8ea4-41e5-b778-cf875fea975c,2024-07-21 17:02:20,Retail,Small,India,DDoS,Internal,Ryuk,USB,Brute Force,Payload 37,Database,Customer Data,40501.80329825468,39.9604009682337,9,Antivirus,Mitigation 10,133.1001809569457,3.5275612189145216,True,322367.0361196627,True,True,True,None
0dca251a-7a1b-4e55-9f5b-946613dd1c63,2024-08-18 16:19:14,Manufacturing,Small,USA,Phishing,External,None,USB,None,Payload 38,Workstations,Financial Records,38765.64669816161,20.051195740280527,7,SIEM,Mitigation 13,84.87065810311906,0.9614252413785734,True,150577.62977492847,True,True,True,GDPR
658b1ea5-3cc1-4483-b7ad-8511f7ed5d90,2024-09-13 02:17:02,Finance,Medium,UK,Zero-Day Exploit,External,None,Email,SQL Injection,Payload 4,Database,Intellectual Property,1356.8168556124892,14.034080828003901,8,Antivirus,Mitigation 3,195.36889373065276,3.218832386253265,True,310521.1436421092,True,True,True,NIST
0bb50c88-52a7-4594-8507-dbba2236723a,2024-09-03 06:51:33,Education,Medium,UK,SQL Injection,Internal,Ryuk,Email,None,Payload 15,Cloud Storage,None,30182.25822959595,47.3619286552499,2,SIEM,Mitigation 20,40.91843140029618,0.7107715060859259,True,-30683.61196852426,True,True,True,None
e2321858-3d42-4db9-8728-88a6cf514bc9,2024-04-15 13:26:49,Finance,Medium,Germany,SQL Injection,Internal,WannaCry,Web,Zero-Day,Payload 26,Workstations,None,30987.098001737257,48.14951405146228,8,User Report,Mitigation 4,155.68681456605557,3.9989300271671437,True,175245.2140897438,True,True,True,NIST
5617fb17-85c6-4dbd-90d2-9332ff4ad627,2024-09-28 16:48:21,Retail,Small,Germany,Phishing,External,WannaCry,USB,SQL Injection,Payload 33,Cloud Storage,Financial Records,20867.489733522616,15.73141931319897,7,SIEM,Mitigation 10,37.148774426598955,4.4864117855533685,True,159723.07625110203,True,True,True,ISO 27001
30cb7e06-981a-4bcf-a029-4b9cccaf36c0,2025-01-14 14:44:35,IT,Small,India,Ransomware,External,None,Phishing Link,Brute Force,Payload 5,Workstations,Intellectual Property,37744.83341307027,39.73348806744951,6,SIEM,Mitigation 18,167.17405853852762,7.832612431367526,True,298571.70078593935,True,True,True,None
38cfe9d6-1a11-47c6-b636-e087e046c8a3,2025-05-02 11:32:54,Education,Small,UK,SQL Injection,External,None,USB,None,Payload 36,Database,Financial Records,43951.193046102686,11.802128948371603,10,SIEM,Mitigation 6,181.97255903890434,1.4276843528491847,True,274023.1878792177,True,True,True,None
5a09dbeb-1476-4c48-8284-32a5a0fa31df,2025-01-13 20:14:37,IT,Medium,USA,Phishing,External,Ryuk,Phishing Link,Social Engineering,Payload 17,Cloud Storage,Financial Records,48694.53805199198,35.549539663789446,8,IDS,Mitigation 2,46.660390080102744,2.9484117761267186,True,228856.2884105625,True,True,True,NIST
d19ddc0c-9d0b-4326-9232-2d752c88e6f8,2025-05-12 17:31:58,Manufacturing,Medium,UK,Zero-Day Exploit,Internal,None,Network,Zero-Day,Payload 26,Cloud Storage,None,46378.49040875876,26.13849430428231,9,Antivirus,Mitigation 11,31.715671197575062,2.719092018608851,True,248127.468627564,True,True,True,None
22bf10a4-4ba4-4749-97bb-96133a7338c3,2024-07-24 20:26:38,Manufacturing,Medium,India,Ransomware,External,Emotet,Phishing Link,Zero-Day,Payload 9,Workstations,Intellectual Property,42001.16289956092,51.77570821835786,6,SIEM,Mitigation 8,73.36721560090034,1.2860914018966907,True,407194.67274766864,True,True,True,ISO 27001
55d60d5c-7d98-4b78-a9fc-2ba88838d2df,2024-07-29 11:43:29,IT,Small,UK,Ransomware,Internal,None,Phishing Link,Brute Force,Payload 12,Cloud Storage,Intellectual Property,26419.069573511566,43.65103398092982,9,SIEM,Mitigation 4,69.19761676559898,2.1595814723839526,True,2957.4977490219026,True,True,True,GDPR
da10a64d-8530-41f2-a912-1e86fb5c0896,2024-09-15 09:39:22,IT,Medium,USA,Phishing,Internal,WannaCry,Phishing Link,Zero-Day,Payload 36,Database,Financial Records,24419.957080280063,52.47162801577676,9,IDS,Mitigation 19,82.8755370933171,0.9019788388111496,True,292754.535099891,True,True,True,ISO 27001
128e6157-9a52-426c-adf6-b9edb088c0dc,2024-09-12 19:35:42,IT,Small,Germany,Phishing,External,Ryuk,Email,SQL Injection,Payload 12,Workstations,Intellectual Property,36985.81977261031,30.637737286457224,2,IDS,Mitigation 19,68.63832362391734,6.406636182972412,True,-64906.54167779742,True,True,True,NIST
4fafb257-5ab0-4ce6-aeef-22df9f901032,2025-02-17 20:23:29,Finance,Small,UK,DDoS,External,Emotet,Phishing Link,SQL Injection,Payload 33,Workstations,Customer Data,43958.454806745416,31.295615782757345,12,SIEM,Mitigation 18,185.96184088590857,2.7796688715778743,True,171110.7477915228,True,True,True,None
402b151b-a2aa-4c8b-ae86-607e080a2343,2024-08-07 21:13:57,Finance,Medium,USA,Phishing,External,Emotet,Network,Social Engineering,Payload 11,Database,Customer Data,33086.10401867606,20.453649157468487,8,SIEM,Mitigation 6,50.616322720281836,5.394528231218684,True,439800.23718844826,True,True,True,None
9d7880a2-c518-407d-80eb-a506b9b9d23b,2024-08-13 04:40:54,Finance,Medium,UK,Phishing,External,Emotet,Network,Zero-Day,Payload 32,ERP,Intellectual Property,42208.64398918355,10.205655099688734,6,SIEM,Mitigation 14,145.03689593013894,0.9350091743621678,True,195447.54581197613,True,True,True,None
3ded62ad-90ef-4131-bb16-ed34a63266f9,2024-08-07 11:28:09,Finance,Medium,UK,DDoS,Internal,Emotet,Email,None,Payload 27,ERP,Customer Data,6904.517631847769,32.99944663921428,6,Antivirus,Mitigation 10,97.28639441928621,2.810691370462059,True,411943.0067742548,True,True,True,None
904ce09c-60a4-48b0-a12a-c501c1c680bf,2024-06-04 17:47:08,Education,Small,USA,Ransomware,Internal,None,Phishing Link,Social Engineering,Payload 32,Database,Financial Records,57129.47789774439,27.700406204072465,4,User Report,Mitigation 7,99.05891164660925,1.6643801151065685,True,23616.70815244573,True,True,True,NIST
2dc7f22d-a299-49c0-9f24-165e0c1fb897,2024-12-17 10:16:22,Education,Medium,Nigeria,SQL Injection,External,Ryuk,Phishing Link,None,Payload 14,ERP,Intellectual Property,31839.197758604845,41.02461408898576,5,User Report,Mitigation 3,159.73419610898523,4.502927280166,True,295707.7178766036,True,True,True,ISO 27001
f17ae4a9-c7b8-4a9a-beeb-ab2f341c366a,2024-09-29 07:16:49,Education,Medium,Nigeria,Phishing,External,Emotet,Phishing Link,SQL Injection,Payload 4,Database,Customer Data,34526.88802238398,14.870369972056306,11,User Report,Mitigation 7,167.27313342182254,2.4329183648293995,True,31079.838469230708,True,True,True,GDPR
b7ab945d-ac39-4699-a198-76d007109f38,2024-07-14 03:41:23,Finance,Medium,USA,SQL Injection,External,Emotet,Phishing Link,SQL Injection,Payload 23,Workstations,Customer Data,34389.5594719762,15.306562929914815,7,IDS,Mitigation 16,82.28302088463519,6.346878398553267,True,258383.1941502625,True,True,True,GDPR
e3bd1bdb-0a7f-4e78-a514-756e18317e86,2025-06-25 23:04:39,Retail,Medium,Germany,Phishing,External,Ryuk,Phishing Link,Social Engineering,Payload 18,Cloud Storage,None,43907.14844539852,17.632743109902187,10,SIEM,Mitigation 3,100.34745011241058,3.6057258405608037,True,124486.68981157246,True,True,True,ISO 27001
9dd4dbdd-dff0-4c8b-98c5-424a74d27ea9,2024-06-02 15:38:47,Education,Medium,Germany,SQL Injection,External,Ryuk,Phishing Link,Zero-Day,Payload 15,Workstations,None,21037.68438254937,6.740725201434072,0,User Report,Mitigation 2,185.56522043259926,4.362845396167447,True,281341.9123459542,True,True,True,ISO 27001
d1984fab-ba2a-45b8-8517-0ecbce74ec91,2024-10-01 17:10:50,Finance,Medium,Nigeria,SQL Injection,External,None,Phishing Link,None,Payload 6,Workstations,Intellectual Property,21773.39673277977,43.380723463603175,1,Antivirus,Mitigation 3,150.5704286955771,4.235748321751393,True,122806.12374907098,True,True,True,ISO 27001
5617fb17-85c6-4dbd-90d2-9332ff4ad627,2024-09-22 21:42:53,Healthcare,Medium,India,SQL Injection,Internal,None,USB,Brute Force,Payload 48,ERP,None,42211.26083135165,22.688031269064137,9,Antivirus,Mitigation 17,69.47259006172862,6.972136870398845,True,22792.33430371149,True,True,True,GDPR
e4a4df75-9e6f-4e0d-8770-f4a7104f851e,2024-07-07 20:11:27,IT,Medium,UK,Ransomware,External,Emotet,Phishing Link,Zero-Day,Payload 39,Cloud Storage,None,26533.309683471663,51.94517850704703,7,IDS,Mitigation 20,59.02072710090262,1.6637613856069462,True,130579.29628538445,True,True,True,NIST
c13025e3-70ea-40da-bacc-1d639f83d9bf,2025-01-18 16:36:01,Healthcare,Small,UK,Ransomware,Internal,None,USB,Brute Force,Payload 33,Workstations,Customer Data,44796.695979181815,30.0173162132743,10,SIEM,Mitigation 5,112.36317752828145,2.028892044806331,True,98455.01342239283,True,True,True,None
da87b8e3-0f01-41d4-a6fb-6eb3ba9323e3,2024-06-18 04:48:18,Manufacturing,Medium,USA,Phishing,Internal,None,Phishing Link,Social Engineering,Payload 30,Workstations,Intellectual Property,13967.509545066487,20.48604496609551,10,User Report,Mitigation 15,127.37494227420072,3.7114818564291534,True,3647.040634749821,True,True,True,GDPR
e3bd1bdb-0a7f-4e78-a514-756e18317e86,2024-12-10 01:37:25,Retail,Medium,USA,Zero-Day Exploit,Internal,WannaCry,Network,Brute Force,Payload 12,Cloud Storage,Intellectual Property,19541.934347403374,26.35705384273214,7,User Report,Mitigation 17,28.581763437754155,1.8317142553625858,True,94593.94987643367,True,True,True,None
30f1e39d-0683-4439-a71d-a1335cc44e47,2024-08-30 21:04:08,IT,Small,Nigeria,DDoS,Internal,Emotet,Web,SQL Injection,Payload 14,Cloud Storage,Customer Data,28750.082097957995,39.31120804947301,1,Antivirus,Mitigation 19,114.55041502821064,1.9595085350611288,True,-55578.62397806393,True,True,True,GDPR
cbe93508-04ad-4dd4-ba24-db8df63b6096,2025-04-01 08:08:27,IT,Small,Germany,SQL Injection,External,Emotet,Web,Zero-Day,Payload 30,Workstations,None,52607.51112393002,21.617590230435635,8,SIEM,Mitigation 6,58.52979784467594,2.3859172188370823,True,72667.03498881053,True,True,True,NIST
a05b0e46-87e5-4b5c-985c-962722666834,2024-09-04 13:12:52,Retail,Medium,Nigeria,SQL Injection,External,Emotet,Network,None,Payload 38,Cloud Storage,Financial Records,47019.0967736892,18.43985122712989,11,SIEM,Mitigation 6,160.31289401747478,5.463754984935406,True,51170.437013698596,True,True,True,None
7d4106d6-cf5e-46f4-9f4f-cc782a49d85b,2024-07-01 10:33:49,Education,Small,UK,Ransomware,Internal,WannaCry,Network,Zero-Day,Payload 20,Workstations,Customer Data,31989.51190445775,39.55619869215484,3,Antivirus,Mitigation 15,27.546862393685444,6.54453283754619,True,239395.502902996,True,True,True,NIST
c0fdf83b-137e-47ce-a8e2-c0fd17f8efc1,2024-08-29 10:32:55,Healthcare,Medium,UK,Phishing,External,None,Phishing Link,Social Engineering,Payload 37,Workstations,Financial Records,31915.40957743147,17.25129893626883,2,Antivirus,Mitigation 10,193.57117281832575,7.696213892589414,True,196664.33363443165,True,True,True,None
3c65ab0e-6e22-48e7-ab62-fa2d82e35014,2025-05-24 14:08:48,Education,Small,India,Ransomware,External,Emotet,Email,SQL Injection,Payload 19,ERP,Customer Data,31127.475201451038,24.42238274412469,3,SIEM,Mitigation 6,70.92184523313176,6.870320846154216,True,-10416.282882267202,True,True,True,None
93469a3f-240f-4ae1-9a02-b9ee611cbe7c,2024-08-25 01:43:03,Finance,Small,UK,SQL Injection,External,Ryuk,Phishing Link,None,Payload 43,Database,Financial Records,57873.34226519252,40.20154508904936,9,User Report,Mitigation 2,93.3300699313215,1.7966141416548607,True,171123.6697859993,True,True,True,GDPR
5262e72a-20ea-4688-9503-6baeba09ce0b,2025-02-05 15:42:21,Finance,Medium,USA,Phishing,External,Ryuk,USB,Zero-Day,Payload 30,Workstations,Financial Records,15070.652615735522,45.84173033506197,8,IDS,Mitigation 14,190.43406807059685,2.379662493851143,True,153742.34569924217,True,True,True,None
c1cc52cf-d5d3-440f-9758-93ff48731968,2024-08-13 21:12:49,Education,Small,Germany,Zero-Day Exploit,External,Emotet,Web,Social Engineering,Payload 50,Database,Financial Records,26556.017019921273,16.516444897545142,9,Antivirus,Mitigation 11,176.4284217943875,5.472411494846193,True,278796.37610180286,True,True,True,None
0d9ad466-bd00-4f40-bf87-788229bdb51c,2025-06-05 11:14:22,Retail,Small,UK,SQL Injection,External,None,Web,SQL Injection,Payload 35,ERP,Intellectual Property,10769.943426852831,3.996363822745968,12,User Report,Mitigation 2,168.4846095416282,7.177487517402183,True,6635.393960196263,True,True,True,GDPR
cd606f6d-f93f-4507-8ff5-718cf7615c36,2025-01-07 22:40:47,Healthcare,Small,Brazil,DDoS,External,Emotet,Phishing Link,Brute Force,Payload 37,Cloud Storage,Intellectual Property,47932.51966095684,20.256143177323057,2,Antivirus,Mitigation 20,75.81232991237454,2.2895553031505202,True,258497.77250004938,True,True,True,None
b9c6b975-415d-4c1d-b3f4-c75c403cb23c,2025-04-22 18:57:15,Finance,Medium,Germany,Zero-Day Exploit,External,Ryuk,Email,Zero-Day,Payload 29,Cloud Storage,Intellectual Property,5123.140500821468,5.755373529429136,5,User Report,Mitigation 9,140.56055772087095,4.8261091757475025,True,-16119.294388919952,True,True,True,GDPR
1a708657-9212-48c9-af74-6051d94270ce,2024-12-28 00:20:34,Manufacturing,Medium,UK,SQL Injection,Internal,None,Web,None,Payload 16,Cloud Storage,Customer Data,33214.96760890567,46.15248881413955,9,User Report,Mitigation 6,92.77687737481335,5.862475043999486,True,6034.368603776689,True,True,True,GDPR
7fce6972-22da-4075-98a1-2b97ed1c54c2,2024-09-13 10:56:12,Education,Medium,UK,Phishing,Internal,Emotet,Email,Zero-Day,Payload 38,Cloud Storage,Financial Records,27927.258192840527,16.263382374956826,7,IDS,Mitigation 1,142.13209578756403,4.990218290966888,True,85828.05332858028,True,True,True,GDPR
a3c7b5aa-1449-4f94-8e31-815c569109c5,2025-02-27 06:17:13,Retail,Small,Nigeria,Phishing,Internal,WannaCry,USB,None,Payload 47,ERP,Customer Data,37402.91786717394,38.53601814547253,6,Antivirus,Mitigation 2,192.52345087041533,1.915910934535999,True,393943.412092936,True,True,True,ISO 27001
b7ab945d-ac39-4699-a198-76d007109f38,2024-06-08 16:34:37,Education,Medium,Brazil,Phishing,External,Emotet,Web,SQL Injection,Payload 26,Database,None,29372.136310688424,12.30940840813102,8,IDS,Mitigation 1,64.05417542347288,5.313970930206531,True,93907.98970261774,True,True,True,None
f1c14132-d609-49a2-9c3d-816f7addf1a1,2025-05-08 15:30:11,Finance,Small,Brazil,Phishing,Internal,Ryuk,USB,None,Payload 47,Cloud Storage,Intellectual Property,26524.077527576657,41.412638338393194,10,Antivirus,Mitigation 5,146.34898807324726,3.868495717442119,True,102274.19514505423,True,True,True,ISO 27001
6af07114-b0fa-4e5d-afa7-2fae8351ce14,2025-02-27 23:17:55,Education,Small,Brazil,Zero-Day Exploit,Internal,WannaCry,Phishing Link,Brute Force,Payload 46,Cloud Storage,None,31008.24780286578,31.829370267970383,1,Antivirus,Mitigation 10,95.33225863909044,3.523942372321011,True,-99664.00796999056,True,True,True,GDPR
4c464e90-1ac1-42bf-88dc-aecb9f584c49,2025-06-07 22:11:08,Education,Small,USA,SQL Injection,Internal,Emotet,Phishing Link,SQL Injection,Payload 4,Database,Financial Records,40542.515134513946,34.105551297422245,9,User Report,Mitigation 15,180.18166162507103,3.0259584970505093,True,255783.54062221953,True,True,True,ISO 27001
a5c20f6c-8be8-4e4f-90d0-69f5af50dd7a,2024-10-23 13:19:47,Retail,Small,Nigeria,DDoS,External,Ryuk,Email,Social Engineering,Payload 12,Database,Intellectual Property,43181.051954296556,33.13207361084408,8,IDS,Mitigation 20,73.82651016394759,3.96087243040565,True,290077.18991182366,True,True,True,None
df7c62c2-f439-4875-ad1d-56ad20e10d19,2025-06-07 04:23:49,Manufacturing,Medium,Brazil,SQL Injection,External,Emotet,USB,Brute Force,Payload 48,Cloud Storage,Customer Data,38278.649862545826,31.187994530315923,3,SIEM,Mitigation 7,158.63249177171298,1.7521811674720915,True,29089.086790617323,True,True,True,NIST
0bb50c88-52a7-4594-8507-dbba2236723a,2024-08-05 03:38:45,IT,Small,Germany,Phishing,Internal,None,USB,SQL Injection,Payload 45,Database,Financial Records,42913.22982975279,42.041357739126255,6,SIEM,Mitigation 8,168.27448577151355,2.7081364549844382,True,292889.22622486914,True,True,True,None
c3a7258c-d3fc-4b1c-a7ae-3f7fcefcbdf8,2024-08-24 01:15:33,IT,Medium,USA,DDoS,External,None,Email,Zero-Day,Payload 39,Database,Intellectual Property,46146.9147141592,38.36330205819846,7,User Report,Mitigation 6,103.97520217225137,6.015460545755739,True,5618.562236062542,True,True,True,None
93813c0e-dbc8-414f-8ea7-4c6907df7ec2,2024-07-15 10:22:00,Retail,Medium,USA,Phishing,Internal,WannaCry,Email,Zero-Day,Payload 31,Database,Intellectual Property,39150.59240302083,21.588147768264303,9,SIEM,Mitigation 3,31.22945769416905,1.4815583381585427,True,282523.27239713573,True,True,True,GDPR
40ba2aed-a6b3-4ada-bd2c-051a003e9268,2024-06-18 02:10:10,Finance,Small,Brazil,Ransomware,Internal,Emotet,Web,Zero-Day,Payload 20,Cloud Storage,None,16035.751968649922,17.74789850555695,3,SIEM,Mitigation 14,64.18920455295259,8.27098630503101,True,26896.858105515275,True,True,True,GDPR
96552291-a537-45bf-b217-ddd3d9a7ebc8,2024-09-14 00:38:57,Manufacturing,Small,Brazil,Zero-Day Exploit,External,Emotet,Phishing Link,SQL Injection,Payload 20,Workstations,Intellectual Property,31231.991906343123,11.391127476417502,1,User Report,Mitigation 13,32.40387358984472,2.669152103374972,True,72480.94894813368,True,True,True,None
38f096b4-0766-4077-9e9d-c80b568df0b0,2024-07-25 06:06:57,Retail,Medium,India,SQL Injection,External,Ryuk,Email,Social Engineering,Payload 9,Workstations,None,22697.63983775871,19.336077259623643,7,IDS,Mitigation 9,73.20929121410697,1.0776021696049707,True,61483.66671691224,True,True,True,None
68deb0de-ddb3-47a0-aa66-bff496d7a227,2024-09-10 11:20:05,Education,Medium,USA,Ransomware,External,Emotet,Phishing Link,Zero-Day,Payload 25,Workstations,Intellectual Property,39339.82459479887,14.868348063671704,8,Antivirus,Mitigation 16,58.31625816416682,6.172811302634144,True,-41723.383342053174,True,True,True,ISO 27001
5ad9380c-82f8-4600-99a8-b93ce6ec97c9,2025-05-27 07:52:56,Manufacturing,Small,Nigeria,Ransomware,External,Emotet,Phishing Link,None,Payload 28,Workstations,None,10472.152030144267,46.941538273655524,9,IDS,Mitigation 18,45.28163381576157,1.0613361088301863,True,64800.42046289978,True,True,True,ISO 27001
f50b7f14-16b7-4b34-b03b-0103fd1c5aaa,2025-06-01 06:43:47,Retail,Medium,UK,SQL Injection,External,Emotet,Email,Brute Force,Payload 26,Database,Customer Data,21889.21618587551,29.766865709750427,4,Antivirus,Mitigation 19,108.03138623108632,4.324580935549074,True,147777.55490883088,True,True,True,ISO 27001
a03e11f9-7c10-413a-be36-a97af34179d0,2025-03-25 08:48:06,Retail,Small,Brazil,Phishing,External,Emotet,Web,Zero-Day,Payload 47,Workstations,Intellectual Property,36633.13844858917,10.213194744808387,5,SIEM,Mitigation 1,71.57572941530566,6.485812974713773,True,292280.58384755685,True,True,True,NIST
9d7880a2-c518-407d-80eb-a506b9b9d23b,2024-05-16 15:02:30,Manufacturing,Small,Brazil,SQL Injection,Internal,WannaCry,USB,Brute Force,Payload 5,ERP,Intellectual Property,25722.291294172923,33.23241665980741,11,User Report,Mitigation 2,134.4472696360466,2.656765789504651,True,48144.67171335194,True,True,True,None
ccc941f3-90db-4b0d-8332-eb61ee14b9bc,2024-08-07 22:38:23,Finance,Medium,India,SQL Injection,External,None,Email,Social Engineering,Payload 48,Database,Customer Data,29555.526054530375,7.45133886496894,3,SIEM,Mitigation 12,28.285101715023035,5.044554389616821,True,301381.99127571273,True,True,True,GDPR
be7bddb7-558b-4734-a580-34c1b0085bc8,2024-10-01 20:46:09,Retail,Small,UK,DDoS,External,Ryuk,USB,Brute Force,Payload 16,Workstations,None,29468.878944617078,16.454493262416094,4,Antivirus,Mitigation 1,193.3688458290651,6.373968011532019,True,445789.79698166833,True,True,True,ISO 27001
869b3b87-24d9-4bb4-9cae-336e2a9f8161,2024-09-01 00:03:34,Education,Small,UK,DDoS,External,Emotet,Email,Social Engineering,Payload 32,Cloud Storage,Intellectual Property,648.7220891702209,27.140592193792056,9,Antivirus,Mitigation 15,179.84908052057796,4.806701155741532,True,336840.93259295553,True,True,True,None
8f543353-f39c-410d-865d-8c4d20c3dad3,2025-01-04 23:00:29,Retail,Medium,UK,Zero-Day Exploit,External,Emotet,USB,SQL Injection,Payload 10,Workstations,None,27242.036280959033,40.956284371925975,4,User Report,Mitigation 9,41.15075424263718,4.820707577107329,True,171806.8180817159,True,True,True,NIST
bd6e0840-f49a-4b73-8dfd-4c30a6dcda84,2025-01-23 02:24:19,IT,Medium,UK,Zero-Day Exploit,Internal,None,Phishing Link,Brute Force,Payload 38,Database,Intellectual Property,33474.33532029094,54.07721317092714,3,User Report,Mitigation 15,114.64924217732967,6.731511905173286,True,443331.4986838442,True,True,True,ISO 27001
13400ee1-c96f-458b-9496-c81d0a79d1db,2024-12-25 22:13:48,Manufacturing,Medium,Nigeria,Phishing,External,Emotet,USB,Brute Force,Payload 20,Workstations,Customer Data,42318.711829655345,41.98146576664637,4,IDS,Mitigation 16,101.3770578752026,6.098840609272438,True,349472.33145601605,True,True,True,None
869b3b87-24d9-4bb4-9cae-336e2a9f8161,2025-05-05 07:39:40,Education,Medium,India,DDoS,External,Emotet,Phishing Link,Social Engineering,Payload 38,Database,Customer Data,12727.498559181755,10.342111932054447,7,User Report,Mitigation 17,96.2781573679241,2.006795695063704,True,361859.7759539274,True,True,True,None
bb5958cc-4fe9-4690-b551-75d0c8461074,2024-07-30 03:39:40,IT,Medium,Nigeria,Phishing,External,None,Phishing Link,Zero-Day,Payload 1,ERP,Customer Data,53679.70838173992,23.32651269271483,10,Antivirus,Mitigation 10,126.75734476752973,1.763892891653403,True,295142.9783065811,True,True,True,ISO 27001
c2abdca3-76f0-494e-a285-942df73ce49a,2025-04-18 22:34:44,Healthcare,Small,UK,SQL Injection,Internal,Emotet,Network,SQL Injection,Payload 33,Workstations,Financial Records,16226.898399200203,36.64698617592403,2,User Report,Mitigation 10,155.1146639543088,4.685477784447437,True,157349.8280463991,True,True,True,GDPR
42f2065a-85a5-47cd-a43e-5d357afad658,2024-07-06 05:35:19,Finance,Medium,Germany,DDoS,External,Emotet,USB,SQL Injection,Payload 50,Workstations,Financial Records,29053.996905572567,31.978288127212913,10,Antivirus,Mitigation 1,75.42159268158241,2.9639614393821723,True,334857.14009084704,True,True,True,None
8423cb95-537b-479f-85eb-37ba837ed37c,2025-04-24 20:14:19,Finance,Medium,USA,Zero-Day Exploit,External,Emotet,Web,None,Payload 42,ERP,None,22960.144739325267,15.148031076266474,5,User Report,Mitigation 10,159.08786954416414,2.606451853267514,True,315395.44687351445,True,True,True,GDPR
9d66b444-8f1b-4ab0-815e-1feded0f3b01,2025-05-23 07:13:39,Retail,Medium,India,Phishing,Internal,Ryuk,Phishing Link,Zero-Day,Payload 14,Database,None,21141.743840238647,26.353162037657587,5,User Report,Mitigation 13,38.6138289119357,2.2597167975417536,True,108534.26211151725,True,True,True,NIST
30f1e39d-0683-4439-a71d-a1335cc44e47,2024-09-29 03:18:49,Education,Small,USA,DDoS,External,None,Email,Social Engineering,Payload 32,Database,Customer Data,11404.581230786132,30.665841897720735,4,SIEM,Mitigation 10,128.9109863723894,1.9136906016597877,True,151335.51611846534,True,True,True,None
6b413859-767c-403a-b316-96acc2ccb7ca,2025-06-13 16:51:00,IT,Small,Brazil,DDoS,External,WannaCry,Web,Brute Force,Payload 32,Database,None,31593.04108370797,34.63608926579276,3,User Report,Mitigation 10,35.7438651186079,4.871382545301929,True,363738.01826837996,True,True,True,ISO 27001
30cb7e06-981a-4bcf-a029-4b9cccaf36c0,2024-07-24 21:50:14,Manufacturing,Small,USA,Zero-Day Exploit,External,WannaCry,Email,None,Payload 38,Database,Intellectual Property,42059.86578561453,52.87870547193982,5,Antivirus,Mitigation 12,177.41108975325324,0.5050102951195694,True,58938.43834390835,True,True,True,ISO 27001
30f1e39d-0683-4439-a71d-a1335cc44e47,2024-08-20 08:31:11,Retail,Medium,Nigeria,SQL Injection,External,Emotet,Phishing Link,Social Engineering,Payload 35,ERP,Intellectual Property,9010.320893095215,14.642621675855626,3,SIEM,Mitigation 14,135.22397260035092,4.401911065713972,True,329589.63592791173,True,True,True,ISO 27001
d9ba4aeb-2716-45a3-9697-213c582fbc9f,2025-01-24 18:58:41,Finance,Medium,Nigeria,DDoS,External,None,Phishing Link,SQL Injection,Payload 24,Database,Financial Records,4951.828583765082,34.31560459277654,6,IDS,Mitigation 18,52.43226832440246,7.181094100467806,True,270191.2796588716,True,True,True,None
85993586-97e9-4a7b-8ce0-bf56e8cbdcff,2024-05-16 07:56:13,Education,Medium,Nigeria,Phishing,External,None,Web,Social Engineering,Payload 6,ERP,Customer Data,33751.65443664248,41.98702626242904,8,Antivirus,Mitigation 2,69.8619310395854,4.691112148095186,True,224696.62794300995,True,True,True,NIST
4e25cdc7-81f5-48f0-b77c-8b2a34115561,2024-12-18 17:25:38,Retail,Medium,USA,DDoS,External,None,Email,Social Engineering,Payload 43,Cloud Storage,Customer Data,28851.715583404784,18.24138274995841,8,User Report,Mitigation 3,76.9051569631074,2.377299819385084,True,287102.8666945278,True,True,True,ISO 27001
c8358e71-163c-4df6-9d3a-cea489221584,2024-09-17 22:33:28,Manufacturing,Small,Brazil,Zero-Day Exploit,Internal,Ryuk,Network,Brute Force,Payload 38,Cloud Storage,Intellectual Property,11350.456530535323,33.2879035190965,11,SIEM,Mitigation 4,200.72555574862886,2.214356532871763,True,370698.3311293221,True,True,True,None
5d25f686-a0a5-45b3-904b-c765b3dd5fb3,2025-02-21 19:30:28,Manufacturing,Medium,UK,Phishing,Internal,Ryuk,Email,Zero-Day,Payload 42,Cloud Storage,Financial Records,23829.73209085402,37.79195555028047,5,User Report,Mitigation 17,171.07533461621594,7.21465532954324,True,13903.756009663608,True,True,True,NIST
04a9ab89-032d-4017-be58-7ace1ea59a48,2024-09-24 14:35:18,Finance,Small,Germany,DDoS,Internal,None,USB,SQL Injection,Payload 47,Cloud Storage,Customer Data,22447.491985237964,11.755155975109922,0,SIEM,Mitigation 8,146.816982024567,0.4860140838034692,True,-60729.55291101012,True,True,True,NIST
13400ee1-c96f-458b-9496-c81d0a79d1db,2025-01-01 16:34:46,IT,Small,USA,SQL Injection,External,None,Phishing Link,None,Payload 12,Cloud Storage,Intellectual Property,37094.621825355396,34.96658841722063,4,Antivirus,Mitigation 5,48.55813909805353,2.753952218121233,True,325823.28728519287,True,True,True,NIST
5ad9380c-82f8-4600-99a8-b93ce6ec97c9,2024-07-05 16:59:43,Finance,Medium,UK,DDoS,External,Emotet,USB,Zero-Day,Payload 46,Workstations,Customer Data,47350.66400158658,34.36771059759916,7,Antivirus,Mitigation 9,144.96713735475072,5.1281201485924015,True,30211.733303187415,True,True,True,NIST
f6934ae3-6f98-4f1f-a81b-c27f4412d438,2024-08-26 07:06:25,IT,Small,Nigeria,SQL Injection,Internal,Emotet,Network,Social Engineering,Payload 8,ERP,Financial Records,30549.472778553798,51.60652728542436,6,SIEM,Mitigation 8,133.01149371076406,5.135150884909399,True,19426.83862853644,True,True,True,GDPR
9f10861e-e20f-4df7-82d4-d66bd00259e2,2024-12-24 02:45:53,Retail,Medium,UK,Ransomware,External,None,Email,None,Payload 16,Database,Intellectual Property,17660.073480675164,52.71164989544179,9,User Report,Mitigation 18,177.68990884455647,5.988096728433122,True,451100.49369767925,True,True,True,ISO 27001
598747d4-b7b3-4a22-a093-ce646983f6db,2024-10-27 12:35:33,IT,Medium,India,Ransomware,External,Emotet,Web,Zero-Day,Payload 35,Database,Financial Records,35444.959797334304,24.544260458403137,10,SIEM,Mitigation 18,161.33495229175838,2.743778666581515,True,265940.970756919,True,True,True,ISO 27001
04a9ab89-032d-4017-be58-7ace1ea59a48,2024-10-14 02:29:19,Education,Small,USA,Phishing,Internal,Ryuk,Network,Zero-Day,Payload 33,Workstations,Intellectual Property,52556.88066201203,44.3295392312279,9,User Report,Mitigation 10,41.4886553637688,1.9526964860225042,True,244337.33968899588,True,True,True,None
66ce86d7-dbf5-4859-a1db-a0d757676f48,2024-08-22 13:11:17,IT,Medium,USA,DDoS,External,Ryuk,Web,Social Engineering,Payload 21,Database,Financial Records,17407.276044098413,30.62021191238587,2,IDS,Mitigation 14,63.58975915145449,5.25457188146383,True,246794.39515353044,True,True,True,ISO 27001
0d7e6404-1035-4071-a9eb-82f5f43609c5,2025-06-15 23:15:39,Retail,Small,UK,Zero-Day Exploit,External,None,Phishing Link,Zero-Day,Payload 21,Cloud Storage,None,29353.024269264533,8.611359309804875,8,IDS,Mitigation 15,53.34924657431848,3.200409824018066,True,57243.7831690413,True,True,True,None
579cb525-6e43-4efb-9062-2f01c818231c,2024-07-09 04:45:06,Education,Small,UK,Zero-Day Exploit,External,WannaCry,Phishing Link,Social Engineering,Payload 45,Database,Financial Records,33353.274474594204,27.74956665181517,5,User Report,Mitigation 1,145.42093933943397,5.150171480220169,True,62842.19193973954,True,True,True,GDPR
8ab2a5af-5418-4952-b1f2-7ad45821ec71,2024-08-31 04:41:31,Finance,Medium,UK,DDoS,External,None,Web,Brute Force,Payload 6,Cloud Storage,Financial Records,9695.971878026936,10.899028019727382,7,Antivirus,Mitigation 2,193.5811160813582,5.57905079155589,True,363515.57224655425,True,True,True,ISO 27001
22a056f3-89ec-449b-b006-34b743c1fc17,2025-02-25 02:23:48,Finance,Medium,Brazil,DDoS,Internal,WannaCry,Web,None,Payload 25,ERP,Financial Records,10275.10556403438,41.914748914892684,10,SIEM,Mitigation 5,150.64077561337584,4.247656302287826,True,82122.12389000313,True,True,True,NIST
abec87d0-0163-4835-baf0-627252a5ea9e,2025-04-08 17:39:40,Manufacturing,Small,Nigeria,Ransomware,External,Emotet,USB,Social Engineering,Payload 24,ERP,None,19790.14137260819,8.091861894371212,9,SIEM,Mitigation 1,57.22652823513455,3.5379497074218462,True,192206.59893031052,True,True,True,GDPR
579cb525-6e43-4efb-9062-2f01c818231c,2024-07-10 07:43:51,Finance,Medium,UK,DDoS,External,Ryuk,Phishing Link,None,Payload 31,ERP,Intellectual Property,-2210.3913936366043,39.57204256020735,10,SIEM,Mitigation 13,133.51106591544269,7.133385572379101,True,-34298.37122342657,True,True,True,GDPR
660b5f83-2abb-4588-833e-eced61d379ba,2025-03-11 12:05:06,Education,Small,India,Zero-Day Exploit,Internal,WannaCry,Phishing Link,Brute Force,Payload 10,Cloud Storage,Financial Records,8316.738354538997,29.56384855106007,5,Antivirus,Mitigation 14,200.37331170996444,3.124700402412932,True,278396.6884150357,True,True,True,None
b85e19b7-b184-43c6-a566-129f62a8fcf7,2024-11-24 19:07:13,IT,Medium,Brazil,SQL Injection,External,None,Network,Brute Force,Payload 38,Cloud Storage,Intellectual Property,29068.143919122464,15.270437623252837,7,User Report,Mitigation 1,25.562326416769338,4.609690672166581,True,108130.48478284598,True,True,True,ISO 27001
e3bd1bdb-0a7f-4e78-a514-756e18317e86,2024-11-19 19:21:46,Finance,Medium,India,Ransomware,External,Ryuk,USB,SQL Injection,Payload 2,Workstations,Intellectual Property,36354.06456425723,40.24230867064962,9,SIEM,Mitigation 20,154.24307818184406,3.709257543843289,True,345569.83092910255,True,True,True,GDPR
ca5e8e9b-1183-4549-ae7d-275270037419,2024-08-26 08:36:14,Education,Medium,India,Ransomware,Internal,Ryuk,Email,None,Payload 11,Cloud Storage,Intellectual Property,31199.09756220645,27.24010378372147,6,SIEM,Mitigation 16,204.86408386935614,-0.023159408982524443,True,360506.6240029471,True,True,True,GDPR
38a6a4dd-a3ed-4aba-9fd6-80c0f5a7de48,2025-01-25 11:27:23,IT,Medium,USA,Zero-Day Exploit,Internal,None,Phishing Link,SQL Injection,Payload 2,ERP,Customer Data,23629.299984755384,12.081534616176631,3,User Report,Mitigation 3,43.44718291600938,2.037730837054902,True,268786.9558944426,True,True,True,NIST
78dc90e6-18bc-4483-80e9-f724a7253e41,2024-10-03 07:03:12,Finance,Medium,India,Phishing,Internal,Ryuk,Phishing Link,Brute Force,Payload 18,Database,Financial Records,8197.318979189044,17.535157014870133,4,User Report,Mitigation 7,24.670827817189632,0.21264127632915486,True,-36711.5913446224,True,True,True,None
c19581e6-1a9d-4519-bff9-aeac5343d954,2024-03-21 02:38:40,IT,Small,UK,Ransomware,External,WannaCry,Email,Social Engineering,Payload 23,ERP,Intellectual Property,17626.357106360352,57.985857605582126,9,Antivirus,Mitigation 18,185.90191299744146,6.093371207175556,True,432660.3997025904,True,True,True,None
835be07f-826c-4acc-8220-6517e6601bb6,2024-10-30 23:52:02,Retail,Medium,India,Phishing,External,Emotet,USB,Zero-Day,Payload 20,Workstations,None,3553.2395476279225,39.87395417908223,4,IDS,Mitigation 10,110.28576804166188,2.5436655332665343,True,287152.6621745022,True,True,True,ISO 27001
b97c3d6e-2872-4559-970b-47a58d9b51c2,2024-12-06 18:01:40,Healthcare,Medium,UK,Phishing,Internal,Emotet,Phishing Link,Brute Force,Payload 21,Workstations,Intellectual Property,38393.26296976874,19.29405542427582,5,IDS,Mitigation 14,18.326194653760098,2.574914222021669,True,-6378.693308146685,True,True,True,NIST
18336a25-be93-4f16-82c7-324f6a14687e,2024-10-17 20:47:48,Finance,Medium,USA,SQL Injection,External,None,Web,None,Payload 10,ERP,Intellectual Property,37027.054374644205,34.06889939996364,7,User Report,Mitigation 16,43.31297354126296,6.891721065164669,True,135015.9624191662,True,True,True,ISO 27001
4f2378eb-9821-4f76-a3ee-140871170abd,2024-03-31 13:08:07,Education,Medium,UK,Phishing,External,Emotet,Web,None,Payload 29,Workstations,Financial Records,16361.506028902899,42.750806697658554,1,SIEM,Mitigation 5,140.22318364769427,2.295827950814566,True,43390.530914266594,True,True,True,None
30f1e39d-0683-4439-a71d-a1335cc44e47,2025-02-23 13:25:41,IT,Medium,USA,SQL Injection,External,None,Email,Zero-Day,Payload 11,ERP,Financial Records,31102.377412386104,10.95069018302042,1,User Report,Mitigation 14,28.50371393695922,3.018999903879042,True,309675.577253127,True,True,True,NIST
68592a62-d110-4e25-ba32-0ff8ffeb9e31,2024-11-21 01:29:59,Manufacturing,Medium,USA,SQL Injection,External,Emotet,Web,Zero-Day,Payload 26,ERP,Intellectual Property,45342.73577317695,41.63558727286629,9,SIEM,Mitigation 18,158.70346431538547,4.454192480832759,True,419957.41561183246,True,True,True,NIST
f8df54cf-c9d9-4aec-b1dc-5a0aa7edac86,2025-04-28 23:47:34,Finance,Medium,India,Phishing,External,WannaCry,Email,None,Payload 18,Database,Financial Records,16394.750283685396,38.953790179919395,7,Antivirus,Mitigation 13,27.857060946840228,7.370842651412861,True,111248.0204477478,True,True,True,ISO 27001
d942ce36-aba9-4f29-b652-60c26ccec7c2,2024-10-17 06:00:36,IT,Medium,Germany,SQL Injection,External,WannaCry,USB,Zero-Day,Payload 21,Database,None,43788.1307968009,21.037307115777292,5,IDS,Mitigation 10,114.6634040419564,5.459854616989487,True,241805.87478591286,True,True,True,None
26624619-eeab-412a-b219-6f7bee2e3445,2025-06-05 22:09:33,Education,Medium,Nigeria,DDoS,Internal,WannaCry,Phishing Link,Brute Force,Payload 28,ERP,Customer Data,42225.12848825839,14.482759885422965,11,Antivirus,Mitigation 20,83.24952457019067,4.783327151541215,True,309978.1315532207,True,True,True,ISO 27001
462e0146-52c4-4174-9b37-9e5f81bb6f00,2024-06-30 15:20:23,Manufacturing,Medium,UK,SQL Injection,External,None,Phishing Link,Brute Force,Payload 40,ERP,Financial Records,40100.059568230135,17.92256995962118,3,SIEM,Mitigation 12,26.046380215021973,4.126369501953587,True,89307.134108456,True,True,True,ISO 27001
cf6c508b-5440-4b24-8c39-cc3cd4e9241b,2025-02-18 12:55:23,IT,Medium,India,SQL Injection,External,Emotet,Phishing Link,SQL Injection,Payload 4,Workstations,Financial Records,14842.795437217404,42.77167704522223,8,Antivirus,Mitigation 8,141.62242046513956,6.102090539199298,True,-23420.76530318387,True,True,True,GDPR
96207ee5-d8b1-4c29-b95c-0e174175ec9f,2025-04-20 02:15:29,Finance,Medium,Nigeria,SQL Injection,Internal,WannaCry,Web,None,Payload 30,Cloud Storage,Financial Records,34566.50449897732,32.30270420953141,2,IDS,Mitigation 12,41.346613326486434,4.768867540890136,True,289776.8642679161,True,True,True,ISO 27001
b11a8fcc-f409-44ab-a7fa-9efa301bb122,2024-11-18 08:23:59,Finance,Small,UK,SQL Injection,External,WannaCry,Web,Brute Force,Payload 20,Database,Financial Records,6135.076094765329,37.90350505437475,7,IDS,Mitigation 19,79.50655771698156,4.145819194033119,True,101068.24152451675,True,True,True,NIST
5e89a336-33ec-41a7-a998-7e93ddcfb8b9,2024-07-15 00:52:13,Finance,Medium,UK,Phishing,Internal,WannaCry,Network,Brute Force,Payload 40,Cloud Storage,Financial Records,4713.056567448512,28.09744458970433,3,SIEM,Mitigation 12,39.276458714148276,6.208896186746279,True,193430.5057069019,True,True,True,None
e2321858-3d42-4db9-8728-88a6cf514bc9,2024-07-08 20:45:43,Healthcare,Medium,UK,Ransomware,External,None,Email,None,Payload 48,Cloud Storage,Customer Data,32837.397264465166,41.04791591934311,10,Antivirus,Mitigation 5,66.69634480244648,2.784118343918518,True,231494.87294186556,True,True,True,None
1f96d7a6-ab19-4313-aa55-e691e233c3bd,2025-01-26 11:16:32,Finance,Medium,UK,SQL Injection,External,Emotet,Phishing Link,Brute Force,Payload 27,Cloud Storage,Financial Records,52525.907986504404,30.33562813588042,7,User Report,Mitigation 11,-7.423797645074341,6.372209659152006,True,36823.9443810918,True,True,True,ISO 27001
cb0f0ac7-bda3-4922-8424-f49ced5cc087,2024-09-05 13:04:22,Manufacturing,Medium,USA,Phishing,External,Ryuk,USB,None,Payload 8,ERP,Intellectual Property,42008.62803486402,20.612152095746758,5,SIEM,Mitigation 4,124.39445794030738,4.136923357489915,True,39438.615016547265,True,True,True,None
2d147b8d-5cd9-45e3-b352-ba2d4c0cc21c,2024-07-27 16:42:17,Education,Medium,USA,Phishing,External,None,Email,Zero-Day,Payload 3,Cloud Storage,Intellectual Property,14141.883871842481,52.097560161793936,11,User Report,Mitigation 2,84.2376681985484,5.264229096721229,True,66825.29165236204,True,True,True,GDPR
e958a382-90a4-4fcc-a4b5-e0fdcc31d632,2024-07-06 10:33:35,Finance,Medium,Germany,Phishing,External,Emotet,Phishing Link,Brute Force,Payload 26,Workstations,Financial Records,6737.068766563925,49.252965183873386,11,SIEM,Mitigation 4,68.45530311431276,6.467235982359059,True,135913.7039195592,True,True,True,None
0d675af0-4a53-4f74-a602-019da6a1dd45,2024-09-10 01:30:47,Education,Small,UK,Phishing,Internal,WannaCry,Web,None,Payload 36,Workstations,Intellectual Property,27793.512449537044,14.228481612183892,3,Antivirus,Mitigation 16,186.70320847321497,3.4863117632234806,True,128988.51925251288,True,True,True,ISO 27001
96cc0502-8ad8-412c-9656-e7b5027a6ffe,2025-01-12 17:59:36,IT,Medium,Nigeria,Phishing,External,Emotet,Web,Brute Force,Payload 22,ERP,Financial Records,42946.95883674019,46.823944606684556,2,Antivirus,Mitigation 8,64.10364781094228,7.844723965153706,True,104974.90594026243,True,True,True,ISO 27001
ea08b7a6-a6d5-43f5-a58b-93613f262408,2024-06-25 14:37:33,Healthcare,Small,India,SQL Injection,External,None,Web,SQL Injection,Payload 6,Database,Financial Records,34790.86228323268,23.18150324153591,12,IDS,Mitigation 19,65.34881041500343,2.9488649273566905,True,66893.0310598512,True,True,True,None
8ac6a5dd-5868-4b01-9ce9-690361b5f136,2024-08-26 12:33:20,Education,Medium,UK,Ransomware,Internal,None,Email,Brute Force,Payload 8,Cloud Storage,Intellectual Property,44085.05099659059,14.182111659121592,4,SIEM,Mitigation 11,155.57014063275756,2.674243295296436,True,-11331.095397770303,True,True,True,ISO 27001
6c2c84a6-2c9b-4da4-a8b2-fb70b5221060,2024-05-11 04:49:18,Manufacturing,Small,USA,Phishing,External,Ryuk,Phishing Link,Social Engineering,Payload 34,ERP,Customer Data,30275.248132406392,11.372293471456267,4,User Report,Mitigation 20,98.15421399506391,8.203591835373546,True,137071.494165218,True,True,True,ISO 27001
57d3da30-5e4f-41c7-8e1c-01aa85fcf72e,2024-09-23 22:31:36,Education,Medium,UK,Phishing,Internal,None,USB,None,Payload 5,Workstations,Financial Records,12048.359628512993,42.81601881937026,11,SIEM,Mitigation 20,183.29544179255947,5.3581927156297,True,101729.16504049487,True,True,True,None
5262e72a-20ea-4688-9503-6baeba09ce0b,2024-07-03 13:33:08,Retail,Medium,India,Ransomware,External,Ryuk,Email,None,Payload 2,Database,Customer Data,15292.100960037958,11.772623946311198,6,User Report,Mitigation 14,103.20668280136812,1.6731579197780873,True,282421.61157719535,True,True,True,ISO 27001
a1ab7510-aaaf-4466-a671-1c594cce50e6,2025-02-27 18:18:33,Healthcare,Medium,USA,DDoS,External,Ryuk,Network,Brute Force,Payload 44,Database,Customer Data,50226.85951632391,39.4385168821073,11,User Report,Mitigation 7,110.49524963946185,3.4601024302646417,True,150896.18690575205,True,True,True,GDPR
84baa252-8eda-4d8f-b221-763afe25052a,2024-08-15 14:33:53,Education,Medium,USA,Zero-Day Exploit,Internal,Emotet,Web,SQL Injection,Payload 28,ERP,Intellectual Property,32070.81805954256,21.525348644883344,1,User Report,Mitigation 17,107.27242274296222,2.3364766435742457,True,264280.7532806132,True,True,True,GDPR
15fb2419-cbea-47c4-8988-ae0060e4fc45,2025-01-03 04:23:17,Education,Medium,Germany,Zero-Day Exploit,External,Emotet,Phishing Link,Social Engineering,Payload 25,ERP,Financial Records,3212.636437201263,26.33560138889104,5,User Report,Mitigation 16,72.45335671060613,5.341830786061631,True,57975.5614355891,True,True,True,GDPR
1903b3c7-1296-4534-a725-232cee413852,2025-01-12 21:05:48,Finance,Small,USA,Phishing,Internal,Emotet,Web,SQL Injection,Payload 16,ERP,Intellectual Property,52464.91448938288,36.63884900591009,4,IDS,Mitigation 3,77.46536016701137,3.5127755828396827,True,83898.63541275234,True,True,True,NIST
be91d839-c7b9-44a7-9ebd-5d430dd91be4,2024-09-10 08:57:45,Retail,Medium,USA,SQL Injection,External,Emotet,Web,None,Payload 34,Database,None,11297.20380436458,43.97764056228736,10,SIEM,Mitigation 8,205.32711900653945,4.36629329978979,True,282097.5257281647,True,True,True,None
c3a7258c-d3fc-4b1c-a7ae-3f7fcefcbdf8,2025-01-11 01:20:35,Finance,Medium,USA,Zero-Day Exploit,External,Ryuk,Phishing Link,Social Engineering,Payload 1,Database,Financial Records,45886.59439284057,37.173481566660186,5,User Report,Mitigation 8,183.55635248843282,3.960820915894824,True,59034.654917668646,True,True,True,None
c8358e71-163c-4df6-9d3a-cea489221584,2024-06-08 08:36:55,Finance,Medium,USA,Ransomware,External,WannaCry,Phishing Link,Brute Force,Payload 21,Workstations,Customer Data,40277.07439304613,11.99293403171037,3,IDS,Mitigation 14,48.39271476834281,5.884104279846311,True,175966.07445667632,True,True,True,None
014d172c-156e-4bd6-a332-447fde896716,2025-02-15 11:13:29,Manufacturing,Medium,India,Phishing,Internal,WannaCry,Network,Zero-Day,Payload 21,Workstations,Customer Data,52623.57923417885,30.16287958073521,3,SIEM,Mitigation 14,133.99939811803267,2.7738876277204554,True,184901.6778109723,True,True,True,ISO 27001
4286abad-98ca-47a5-8d01-52e687d878ca,2024-06-23 04:23:12,Education,Medium,UK,Ransomware,External,Emotet,Web,Brute Force,Payload 6,Cloud Storage,Financial Records,22946.750499680507,29.146717826996227,10,User Report,Mitigation 6,69.30028928519617,1.2363819207776054,True,33089.34355545339,True,True,True,None
afafc18a-0e34-41ce-850b-4294482934fc,2024-06-07 14:36:08,Manufacturing,Small,Nigeria,Ransomware,External,Ryuk,Network,Brute Force,Payload 11,Cloud Storage,None,48407.64444977063,4.291002520367936,8,SIEM,Mitigation 17,58.177530744334334,3.4865124251937223,True,26251.43726301132,True,True,True,NIST
9007c48b-d035-4ecb-a047-64db9df150cf,2024-06-06 03:45:15,IT,Medium,Brazil,Ransomware,External,Emotet,Phishing Link,Brute Force,Payload 29,Workstations,None,-2531.0568282001914,32.20626886020323,10,SIEM,Mitigation 2,163.09711205723005,6.546151457247974,True,5721.861494260898,True,True,True,GDPR
d844bb75-eac7-4543-b0eb-0604508e850e,2025-03-04 20:06:44,Finance,Small,Brazil,Phishing,Internal,Emotet,Email,Social Engineering,Payload 12,Database,Customer Data,36164.26761959179,7.495872569112901,2,SIEM,Mitigation 11,190.89751356466724,5.2009246548885155,True,37680.04162724526,True,True,True,ISO 27001
c4dfb0e3-add0-46dd-be1a-428bb885e40b,2024-04-24 21:29:52,Healthcare,Medium,UK,Phishing,Internal,WannaCry,USB,Zero-Day,Payload 34,Workstations,Customer Data,36643.318522202324,25.280280017860406,3,Antivirus,Mitigation 3,52.152204904536774,2.5747709695934264,True,113127.29132158539,True,True,True,NIST
ccc941f3-90db-4b0d-8332-eb61ee14b9bc,2024-08-29 11:07:52,Finance,Medium,Nigeria,SQL Injection,External,WannaCry,Phishing Link,Zero-Day,Payload 30,Workstations,Customer Data,44123.39354640798,53.64344968814696,7,User Report,Mitigation 1,91.30023422960669,6.670982431239695,True,251945.40796725242,True,True,True,ISO 27001
b97c3d6e-2872-4559-970b-47a58d9b51c2,2024-09-27 23:05:25,Education,Small,UK,DDoS,External,None,USB,None,Payload 30,Database,Intellectual Property,21677.008977403908,56.222587647277805,8,Antivirus,Mitigation 1,156.09510783145657,3.936791727698161,True,-25067.8243875645,True,True,True,NIST
43eb5f7e-fd9a-4a46-b38e-078d9a8af62b,2025-05-07 12:29:03,Manufacturing,Small,Brazil,Ransomware,External,WannaCry,Phishing Link,Brute Force,Payload 40,Cloud Storage,None,15157.613256052937,13.341124140401284,2,SIEM,Mitigation 14,68.59573926294995,5.281875608247521,True,75486.60765329472,True,True,True,GDPR
b0a3556e-9aeb-40ea-9b06-721cb4dba658,2024-05-20 20:52:45,Finance,Small,UK,Phishing,External,Ryuk,Network,Brute Force,Payload 32,Cloud Storage,Intellectual Property,10761.922888520145,21.147894687923813,10,Antivirus,Mitigation 8,30.118863939583242,1.798733759236821,True,-1666.4307873937214,True,True,True,None
24cc00a6-26ad-4156-a7c0-bfcb9e0809e3,2025-01-05 00:43:32,Education,Medium,UK,Phishing,Internal,None,Web,Social Engineering,Payload 30,ERP,Intellectual Property,24091.779938980617,28.127584902294537,10,SIEM,Mitigation 17,173.95233885987412,3.191985789518168,True,366333.6265496346,True,True,True,ISO 27001
d8d17cab-4f00-4b60-8589-fa9422561d0d,2024-08-14 07:37:26,Finance,Medium,UK,SQL Injection,Internal,WannaCry,Email,None,Payload 50,Cloud Storage,None,8104.766095927894,31.75212559500599,9,IDS,Mitigation 14,140.6323889926315,5.971650303555677,True,22746.641205866617,True,True,True,None
6bedbccb-fa2b-45ac-8934-f4d0ec6c2118,2025-01-27 08:08:42,Education,Medium,Nigeria,Phishing,External,Ryuk,Web,Zero-Day,Payload 42,ERP,Intellectual Property,25082.91725583528,43.916960494785265,11,SIEM,Mitigation 18,98.28782088907366,6.123252846708816,True,187248.34734693545,True,True,True,None
1da7d673-61e5-4697-b628-03f6f6bc350c,2024-10-06 08:00:33,IT,Medium,USA,SQL Injection,External,Ryuk,Phishing Link,Social Engineering,Payload 31,Cloud Storage,Intellectual Property,48816.296722266874,45.16157274431597,8,User Report,Mitigation 3,82.23350900171476,2.215432902231261,True,-1095.3468295137427,True,True,True,None
0d9ad466-bd00-4f40-bf87-788229bdb51c,2025-05-13 13:17:51,Healthcare,Small,UK,SQL Injection,External,Emotet,Network,Brute Force,Payload 44,Cloud Storage,Financial Records,37784.19915287464,52.15608172321097,10,User Report,Mitigation 16,68.23692026899667,6.381576663813247,True,326526.6488846081,True,True,True,None
297132b7-3aca-42b3-9296-05428f6fca71,2025-05-07 23:19:25,Education,Medium,UK,Phishing,External,WannaCry,Phishing Link,Brute Force,Payload 11,Cloud Storage,Intellectual Property,49437.314478413056,45.8209012018268,10,User Report,Mitigation 3,33.36002898434621,1.674921631590923,True,88986.59052758766,True,True,True,None
c8ffd128-fad8-4b53-9e32-829ef004ffba,2024-10-08 01:59:44,Retail,Medium,UK,SQL Injection,External,None,Web,SQL Injection,Payload 2,Workstations,Intellectual Property,19872.660113229955,16.587688197642784,9,User Report,Mitigation 1,67.74038205751573,0.2761492315525659,True,116277.75916429379,True,True,True,None
6c2c84a6-2c9b-4da4-a8b2-fb70b5221060,2024-09-07 17:52:14,Healthcare,Small,Brazil,Phishing,External,Ryuk,Web,Brute Force,Payload 2,Database,Customer Data,28325.73884327817,46.91438940586285,4,IDS,Mitigation 3,71.51785537776205,1.8288490836462699,True,216647.13327166124,True,True,True,ISO 27001
20b43217-53bf-4a3a-9b8c-3acdd00e5af6,2024-09-21 06:24:24,Retail,Medium,Brazil,Ransomware,External,Emotet,Phishing Link,SQL Injection,Payload 3,Workstations,Intellectual Property,21700.540348420775,39.70214719219986,8,User Report,Mitigation 10,101.66809162014368,3.8257267013692906,True,-54885.41655404361,True,True,True,ISO 27001
e3b24cc8-f06e-4278-b02d-f3451c1c3d43,2024-08-05 16:00:34,Healthcare,Medium,USA,Phishing,External,Emotet,USB,Zero-Day,Payload 19,Cloud Storage,Financial Records,38905.16242933624,43.195392864611016,2,Antivirus,Mitigation 8,127.51263191890801,5.125745881357399,True,172773.9465818509,True,True,True,GDPR
297132b7-3aca-42b3-9296-05428f6fca71,2025-05-14 10:06:43,Healthcare,Medium,India,DDoS,External,None,Phishing Link,SQL Injection,Payload 10,Cloud Storage,None,31398.70260898726,40.337853975815904,4,IDS,Mitigation 10,47.28233374419621,4.284336821204061,True,-23071.88460355396,True,True,True,None
5a09dbeb-1476-4c48-8284-32a5a0fa31df,2024-08-22 15:50:10,Finance,Small,Nigeria,Ransomware,External,Ryuk,Web,Zero-Day,Payload 19,ERP,Intellectual Property,27111.61421664004,10.364885850058569,8,SIEM,Mitigation 17,152.73707982515276,5.788359767402272,True,205176.59403618355,True,True,True,GDPR
99f40361-ff2d-4531-abe0-0b1f48d61ed8,2024-07-15 14:18:31,Finance,Medium,USA,SQL Injection,External,None,Email,Social Engineering,Payload 22,Database,Intellectual Property,31326.693614461823,13.348933994475562,5,IDS,Mitigation 16,161.01667975320845,5.5569567646647835,True,82210.15526799139,True,True,True,GDPR
00a286f6-3a71-40fb-bad1-5a6cb4276326,2024-08-16 22:26:28,Finance,Medium,USA,Zero-Day Exploit,External,None,Phishing Link,Zero-Day,Payload 20,ERP,Intellectual Property,38397.75970447595,37.64326713066061,3,IDS,Mitigation 2,53.8822671092669,0.5641387798342234,True,267762.0065815087,True,True,True,ISO 27001
23b2a2f2-f822-4e95-9ea6-0e9f24441926,2025-02-03 08:52:11,IT,Small,Nigeria,Ransomware,Internal,WannaCry,Email,Social Engineering,Payload 47,ERP,Intellectual Property,26937.730844373677,3.7184233397035147,0,Antivirus,Mitigation 16,16.916690170563314,6.9075587676947094,True,69530.47492467373,True,True,True,None
2c60fe58-1b37-46b8-bcce-612f51f1cd0d,2025-03-02 20:09:01,Finance,Medium,UK,SQL Injection,Internal,WannaCry,Email,Zero-Day,Payload 49,Database,Financial Records,40375.110051822056,24.372690847734145,8,IDS,Mitigation 15,146.0937179101847,8.310235469712815,True,406295.30733538966,True,True,True,ISO 27001
9928978e-1b1d-43ce-bc65-4bcdc00a1c9d,2025-03-21 23:28:19,Manufacturing,Small,Germany,DDoS,Internal,Emotet,Phishing Link,Brute Force,Payload 20,Database,Customer Data,14499.336116688257,7.864568495579764,9,User Report,Mitigation 9,22.247072624021442,1.3982967882081332,True,246638.6823770204,True,True,True,NIST
29cdf39b-ec9a-450d-940d-2635841b1a34,2024-07-24 08:32:44,Manufacturing,Medium,Germany,Phishing,External,None,Network,Zero-Day,Payload 12,Workstations,Financial Records,50171.924164754724,18.424999052175718,3,User Report,Mitigation 13,174.10408147132674,3.15708576217977,True,228347.71911535508,True,True,True,ISO 27001
5c296947-98dd-4f73-8d12-51dca56d68ae,2024-12-01 17:41:22,Education,Small,UK,DDoS,Internal,None,Phishing Link,None,Payload 48,Cloud Storage,None,41848.930350924056,36.00776017209263,9,Antivirus,Mitigation 8,51.75572049098252,6.225775267720955,True,364435.0050738136,True,True,True,None
bb013df2-a06e-41e8-8452-6e3a142cef5e,2024-09-06 09:39:13,Education,Medium,USA,Phishing,External,None,Web,Zero-Day,Payload 38,Workstations,Intellectual Property,9333.507723186485,30.559026569991637,6,User Report,Mitigation 5,70.50098374637511,3.1077982580873647,True,384767.3195098225,True,True,True,ISO 27001
f9a7cb7d-d92f-419d-bf60-9f8934a6833f,2024-07-19 06:27:58,Education,Small,Nigeria,SQL Injection,External,Ryuk,Network,Zero-Day,Payload 50,Workstations,Intellectual Property,43177.84540121733,19.986214046371796,9,User Report,Mitigation 20,32.82863533909442,2.332128807131065,True,364290.49108335323,True,True,True,NIST
88954e70-7e30-4688-8056-e8d5012498e6,2025-02-06 01:38:20,Retail,Medium,Germany,SQL Injection,Internal,Emotet,USB,Social Engineering,Payload 47,Database,Customer Data,39028.50145332871,13.941944233252128,10,User Report,Mitigation 11,54.11573602607818,5.108235005586721,True,306425.2090536861,True,True,True,None
54fc9c6c-8263-4718-8c3a-8a3596c11649,2025-03-13 14:10:35,Finance,Medium,India,Ransomware,External,Ryuk,Web,Social Engineering,Payload 4,Workstations,Customer Data,39182.01936384092,-0.7067162079898823,2,SIEM,Mitigation 7,204.668995996462,1.744438842579097,True,57862.17895508697,True,True,True,NIST
585ab564-b11a-4711-8ee9-6446e122f9fc,2025-03-18 10:55:27,Healthcare,Medium,USA,DDoS,Internal,None,Phishing Link,Brute Force,Payload 25,ERP,Intellectual Property,25588.059234745364,25.075807714604647,7,Antivirus,Mitigation 17,61.44724857609647,6.841618879028636,True,22212.698686856682,True,True,True,None
5c296947-98dd-4f73-8d12-51dca56d68ae,2025-02-23 03:50:10,Manufacturing,Small,UK,DDoS,External,Emotet,Email,None,Payload 31,Workstations,None,41204.63186646225,41.13974660303652,6,User Report,Mitigation 20,177.56237202845432,2.6842071246977,True,68861.95351773678,True,True,True,GDPR
0d9ad466-bd00-4f40-bf87-788229bdb51c,2025-05-28 12:00:39,Education,Medium,USA,Ransomware,External,Emotet,USB,Brute Force,Payload 21,Cloud Storage,None,43533.83119707295,34.42730212827493,9,User Report,Mitigation 10,78.48395541215496,4.618841260916393,True,295115.93266581366,True,True,True,GDPR
e958a382-90a4-4fcc-a4b5-e0fdcc31d632,2025-03-31 14:35:45,Healthcare,Medium,Germany,Phishing,Internal,None,Email,Zero-Day,Payload 41,ERP,Intellectual Property,31946.335378482057,35.654612188347,8,SIEM,Mitigation 8,156.41034478123944,3.964910650031377,True,62138.8317169061,True,True,True,None
55d60d5c-7d98-4b78-a9fc-2ba88838d2df,2024-08-11 08:43:38,Healthcare,Medium,India,Ransomware,External,None,Phishing Link,Brute Force,Payload 38,ERP,Customer Data,42707.920463966315,50.756042861739,12,User Report,Mitigation 2,7.773713474146032,6.5937643275967694,True,341493.3006257631,True,True,True,None
3391e6b5-bf2c-42b4-9c5b-222439adedad,2024-09-14 09:31:42,Education,Medium,Germany,Phishing,Internal,WannaCry,Network,Brute Force,Payload 45,Workstations,Financial Records,21042.912464560617,39.571986905636535,6,User Report,Mitigation 1,144.35313235525857,4.462071841106484,True,334169.8309364306,True,True,True,ISO 27001
9dd4dbdd-dff0-4c8b-98c5-424a74d27ea9,2024-12-19 20:15:58,IT,Medium,USA,Ransomware,Internal,None,Phishing Link,Social Engineering,Payload 5,Database,Financial Records,5263.859540130787,43.85023806631505,6,IDS,Mitigation 3,105.05327807549716,4.807565908826053,True,40087.91277936529,True,True,True,NIST
93469a3f-240f-4ae1-9a02-b9ee611cbe7c,2024-06-08 23:41:09,Retail,Medium,Brazil,Ransomware,External,None,Phishing Link,None,Payload 10,Cloud Storage,Intellectual Property,23672.640640781585,32.84760527565821,8,Antivirus,Mitigation 20,95.0238650663964,7.0787160127327775,True,110866.06135660746,True,True,True,ISO 27001
bac208e1-5e51-482f-adf0-e87d766cb1a0,2025-03-07 01:39:16,Finance,Small,USA,Ransomware,Internal,None,USB,None,Payload 32,Cloud Storage,Financial Records,6101.687259512939,44.77378001705056,4,IDS,Mitigation 7,144.69543724103562,5.0937196344908875,True,341941.7754295886,True,True,True,NIST
b9c6b975-415d-4c1d-b3f4-c75c403cb23c,2025-01-15 16:54:13,IT,Medium,Brazil,Phishing,External,Emotet,Phishing Link,None,Payload 50,Cloud Storage,Intellectual Property,50120.98599470746,48.2768862785392,6,Antivirus,Mitigation 13,64.06717685798412,1.9125704312864142,True,42549.6090763821,True,True,True,None
da10a64d-8530-41f2-a912-1e86fb5c0896,2024-12-08 13:05:28,Manufacturing,Medium,UK,SQL Injection,External,Ryuk,Email,SQL Injection,Payload 8,ERP,Financial Records,29898.249727124083,15.009996955277053,6,User Report,Mitigation 3,86.11782499846218,2.133332498124183,True,433025.87272945273,True,True,True,GDPR
4f2378eb-9821-4f76-a3ee-140871170abd,2024-12-04 11:31:29,IT,Medium,USA,DDoS,External,None,Network,Zero-Day,Payload 20,Workstations,Intellectual Property,38768.19578027791,1.6698676351660033,10,IDS,Mitigation 3,176.7420344148258,2.8898235039165296,True,105422.77231809226,True,True,True,NIST
7fce6972-22da-4075-98a1-2b97ed1c54c2,2024-07-19 23:05:46,Retail,Medium,India,Zero-Day Exploit,External,Ryuk,USB,SQL Injection,Payload 36,Cloud Storage,Customer Data,35048.706952784036,32.23037877979765,11,User Report,Mitigation 8,72.81086240812662,5.475283874900103,True,150171.9507316983,True,True,True,ISO 27001
b9c6b975-415d-4c1d-b3f4-c75c403cb23c,2024-08-25 16:27:33,Finance,Small,UK,SQL Injection,Internal,Ryuk,Email,Brute Force,Payload 35,Cloud Storage,Financial Records,39353.19826559665,20.807758684046668,8,Antivirus,Mitigation 20,117.91325793427573,6.884867196202184,True,474269.10512382694,True,True,True,ISO 27001
e2b27562-a542-47f4-9163-da0acabea476,2024-07-09 19:07:00,IT,Small,USA,Phishing,External,Emotet,USB,Zero-Day,Payload 44,ERP,None,43012.76811729263,28.758215689406285,6,User Report,Mitigation 5,137.83756905635516,2.643340328124072,True,-17615.9005065924,True,True,True,None
8c8347a9-ad0d-4fa1-a1dd-ec23fc4c0e3e,2024-08-18 23:43:22,Finance,Medium,USA,Ransomware,Internal,Ryuk,USB,SQL Injection,Payload 7,Database,Financial Records,10745.210926473761,43.06626961704856,6,SIEM,Mitigation 8,41.653877968551186,2.169038075229472,True,169594.38731122488,True,True,True,None
76f8ada8-3788-47a7-ba3b-4939c6df3be7,2024-10-05 10:01:26,Education,Small,USA,Phishing,External,Emotet,Email,Brute Force,Payload 15,Workstations,Intellectual Property,12625.266828034464,28.338847617675825,10,IDS,Mitigation 4,127.53102246429006,0.8287319399475301,True,-48121.025425055705,True,True,True,GDPR
014d172c-156e-4bd6-a332-447fde896716,2025-03-31 06:35:19,Finance,Medium,USA,Phishing,External,WannaCry,Network,None,Payload 33,Database,Customer Data,51810.774637062,37.4248673724159,10,IDS,Mitigation 3,186.19744887090644,3.032847180375213,True,-75780.92194958033,True,True,True,ISO 27001
22bf10a4-4ba4-4749-97bb-96133a7338c3,2025-07-07 04:13:09,Healthcare,Small,UK,Phishing,Internal,Ryuk,Phishing Link,Social Engineering,Payload 19,ERP,Financial Records,52314.454286647815,19.844747946091246,11,SIEM,Mitigation 16,109.94036246497411,3.0863737501450546,True,221552.65995565912,True,True,True,ISO 27001
0406be24-379a-4d7c-b403-b97b69c9b367,2024-08-15 13:12:44,Manufacturing,Medium,India,DDoS,External,WannaCry,Phishing Link,Brute Force,Payload 46,Workstations,Financial Records,33257.435110942395,8.752469480457624,9,IDS,Mitigation 20,60.112550769397565,7.621765488318067,True,132902.26077354577,True,True,True,None
7a322dd6-dba5-4b7f-afba-b16864c5ffcd,2024-09-12 19:58:09,Healthcare,Medium,UK,DDoS,Internal,None,USB,Social Engineering,Payload 39,Cloud Storage,Intellectual Property,24454.122516042284,30.567906400717064,6,Antivirus,Mitigation 6,81.28703190868721,5.155475460301281,True,66616.53029617871,True,True,True,GDPR
c319e82c-3056-402a-bba0-b4fe563f3d37,2025-05-29 06:01:10,Finance,Medium,Germany,DDoS,External,Emotet,Phishing Link,Zero-Day,Payload 45,Cloud Storage,Intellectual Property,14294.501675665137,42.90113870444307,4,SIEM,Mitigation 8,43.20524451875113,2.19734101061316,True,197916.19079202277,True,True,True,None
86339748-7797-4ce2-b7da-8737f0795e16,2024-09-17 14:46:52,Finance,Medium,USA,DDoS,Internal,Emotet,Email,Zero-Day,Payload 1,Workstations,Intellectual Property,9942.956816710066,9.324813943962173,5,Antivirus,Mitigation 16,157.78002531822239,3.190127581073545,True,122620.89144537665,True,True,True,None
78dc90e6-18bc-4483-80e9-f724a7253e41,2025-02-23 17:01:15,Healthcare,Medium,Nigeria,SQL Injection,External,Ryuk,USB,None,Payload 32,Workstations,Customer Data,40173.10384680374,34.989791400948086,9,User Report,Mitigation 1,139.71258782357071,5.260890150606141,True,383794.3429615432,True,True,True,GDPR
93469a3f-240f-4ae1-9a02-b9ee611cbe7c,2024-11-02 09:02:15,Healthcare,Medium,Germany,Phishing,External,WannaCry,Email,Social Engineering,Payload 30,Cloud Storage,Customer Data,41238.39754137168,41.89517533511505,2,SIEM,Mitigation 6,201.16132319676598,4.388388691354295,True,105333.21417956197,True,True,True,NIST
c16c248f-a1cd-463a-8779-89a71cd88736,2024-07-15 20:45:31,Retail,Medium,USA,SQL Injection,External,WannaCry,USB,Zero-Day,Payload 50,Workstations,Intellectual Property,46404.23091200943,37.79811656756824,10,IDS,Mitigation 18,142.87953337925563,1.3846756551531012,True,107469.8412969806,True,True,True,ISO 27001
c60aa402-116b-4cc4-9faa-6f0f06e3e932,2025-02-23 10:44:52,Finance,Small,USA,Ransomware,Internal,None,Web,SQL Injection,Payload 30,Database,Financial Records,27838.86270613591,14.48783795025987,3,IDS,Mitigation 5,38.50941465862076,1.5888810288714452,True,257390.417837126,True,True,True,NIST
9d66b444-8f1b-4ab0-815e-1feded0f3b01,2025-03-12 08:27:11,IT,Small,Germany,SQL Injection,External,Ryuk,Network,SQL Injection,Payload 45,Database,Intellectual Property,19141.939236606857,23.3515619253533,9,User Report,Mitigation 10,49.09122886430201,2.265711419130018,True,24241.706756827713,True,True,True,None
76f8ada8-3788-47a7-ba3b-4939c6df3be7,2024-08-03 05:42:27,Finance,Medium,Germany,SQL Injection,External,WannaCry,Network,Social Engineering,Payload 6,Workstations,Intellectual Property,9433.39273937954,21.413843192737602,6,User Report,Mitigation 7,51.787575230400904,0.9803335126961363,True,76450.54262116474,True,True,True,None
e645b287-8e26-4a47-b51c-9af03d71d2d0,2025-02-08 04:55:00,IT,Small,Germany,Ransomware,External,None,Phishing Link,SQL Injection,Payload 47,Cloud Storage,None,37785.19069119104,34.2308289389394,9,IDS,Mitigation 14,10.030853251182137,0.9069656878852584,True,192053.47864311666,True,True,True,NIST
f17ae4a9-c7b8-4a9a-beeb-ab2f341c366a,2024-12-17 17:16:15,IT,Medium,India,Phishing,Internal,Emotet,Email,None,Payload 42,Database,None,32276.00275978048,33.13657654381597,6,IDS,Mitigation 8,102.26432010729532,-0.30894408091858705,True,-915.065664589245,True,True,True,None
1519a394-a3de-404a-811e-f3eac0443e2e,2024-11-17 22:57:52,Finance,Medium,UK,Ransomware,External,WannaCry,Web,Social Engineering,Payload 46,Workstations,Customer Data,40288.43209288741,11.888119454099446,10,SIEM,Mitigation 9,107.3129898511998,1.2127393744036385,True,315128.90211220196,True,True,True,ISO 27001
da560c5d-019f-41b5-9fe3-308fcc2ab683,2025-06-02 13:07:40,Retail,Medium,Brazil,Zero-Day Exploit,Internal,WannaCry,Network,Zero-Day,Payload 18,Cloud Storage,Financial Records,49845.17517741706,40.174020801068195,11,Antivirus,Mitigation 13,124.25623336363289,4.3701998840118765,True,328446.79841057694,True,True,True,GDPR
6756acb0-92ba-4904-aaf5-57741af85851,2024-06-24 00:25:04,Retail,Medium,UK,Zero-Day Exploit,Internal,None,USB,Brute Force,Payload 28,Database,Financial Records,47035.005359576164,36.57570188259123,10,Antivirus,Mitigation 12,172.8536372302081,2.259498164198779,True,157770.3624762142,True,True,True,None
42f2065a-85a5-47cd-a43e-5d357afad658,2024-10-27 11:55:38,Manufacturing,Medium,Brazil,Zero-Day Exploit,External,Emotet,Phishing Link,SQL Injection,Payload 9,Cloud Storage,Intellectual Property,22334.235234457705,29.09682372791935,5,SIEM,Mitigation 6,80.09296863711661,4.326259848137092,True,70785.02900806422,True,True,True,NIST
100e689d-96ea-4a4a-b831-4b97bac91ce8,2025-03-29 07:16:34,Finance,Medium,Germany,Phishing,Internal,WannaCry,Phishing Link,None,Payload 5,Cloud Storage,None,31612.96272794909,15.210252072691606,1,Antivirus,Mitigation 20,137.18890017268308,5.3501891449488665,True,261884.88769305105,True,True,True,None
660b5f83-2abb-4588-833e-eced61d379ba,2024-07-10 17:20:27,IT,Medium,UK,SQL Injection,External,None,Phishing Link,Zero-Day,Payload 22,Workstations,Customer Data,38424.73576549137,36.760060948453265,5,User Report,Mitigation 4,106.57759988672905,5.548918843526789,True,108795.78951610063,True,True,True,GDPR
5262e72a-20ea-4688-9503-6baeba09ce0b,2025-04-04 22:52:16,Retail,Medium,India,Phishing,Internal,Emotet,Web,Zero-Day,Payload 31,ERP,None,37959.07224561284,20.862315269617817,2,SIEM,Mitigation 12,131.26915609710238,6.7629856241798265,True,61284.01799374694,True,True,True,None
9928978e-1b1d-43ce-bc65-4bcdc00a1c9d,2025-03-04 00:09:30,IT,Medium,India,DDoS,External,Ryuk,Phishing Link,None,Payload 42,Workstations,Financial Records,38432.903828640134,29.309104080692578,5,IDS,Mitigation 3,38.18302901149169,3.1059766406131812,True,56556.19728662624,True,True,True,GDPR
4ae8bc35-a111-43ec-bc23-f51729dcb60e,2024-07-08 14:56:29,Finance,Small,USA,Ransomware,Internal,Emotet,Phishing Link,Zero-Day,Payload 20,ERP,Financial Records,12376.14416247642,24.451529444013794,7,Antivirus,Mitigation 15,41.322289651059194,3.7125862733933808,True,-73595.7789444131,True,True,True,GDPR
d9ba4aeb-2716-45a3-9697-213c582fbc9f,2024-06-11 20:14:03,Education,Medium,UK,Phishing,Internal,Emotet,Network,Social Engineering,Payload 34,Workstations,None,39315.97144126271,19.20749907404085,11,User Report,Mitigation 6,167.33584174124871,5.001731752086539,True,37232.537939436705,True,True,True,NIST
16abb7de-27d0-4703-bd7b-32a8ce434fe4,2025-05-17 12:13:26,Manufacturing,Small,UK,Ransomware,External,None,Phishing Link,None,Payload 24,Database,Financial Records,44558.56995723102,36.803888245432056,1,Antivirus,Mitigation 16,123.99257289806499,4.3269887065176365,True,107516.55268151726,True,True,True,ISO 27001
870bd427-d0cc-444e-a4e1-c97398452b17,2025-02-18 11:14:43,Education,Medium,USA,Ransomware,Internal,Ryuk,Network,Brute Force,Payload 28,ERP,Customer Data,37698.438678089544,32.808383318086804,7,User Report,Mitigation 8,144.0772214382242,2.2676271276710454,True,-70772.45434940954,True,True,True,GDPR
84baa252-8eda-4d8f-b221-763afe25052a,2025-04-07 12:41:51,Education,Medium,UK,Ransomware,Internal,WannaCry,Web,SQL Injection,Payload 26,Cloud Storage,Financial Records,46754.9667686768,19.299142490791564,2,User Report,Mitigation 19,92.5270762591856,3.211026146000541,True,334490.8028630444,True,True,True,None
809a100c-02ba-43fd-bf90-e79721ca393e,2024-08-09 18:37:30,Finance,Medium,UK,Phishing,Internal,WannaCry,Phishing Link,SQL Injection,Payload 29,ERP,None,28869.10817018278,33.531407502029175,6,User Report,Mitigation 17,137.7940261899635,6.5907016595175305,True,310861.4008949726,True,True,True,ISO 27001
797011df-2f4b-4050-8992-678a8b19b00e,2024-09-25 18:28:59,Retail,Medium,Germany,SQL Injection,External,WannaCry,Email,Zero-Day,Payload 35,Database,Customer Data,31422.88582563625,-3.098702008874831,5,SIEM,Mitigation 20,43.31779911797997,3.808830949085407,True,387252.41853316774,True,True,True,None
8f6b36fd-181e-491d-be95-89823d944808,2025-03-05 23:56:26,Education,Medium,India,Zero-Day Exploit,External,None,Phishing Link,SQL Injection,Payload 19,Cloud Storage,Financial Records,14278.843746543593,32.35157701368412,9,IDS,Mitigation 11,160.0723393906429,3.8644930975090683,True,63771.039374042084,True,True,True,NIST
151c1d51-69d5-4c19-8dc1-c7f304bfcc1d,2024-08-13 15:36:35,Retail,Medium,USA,Ransomware,External,None,Web,Zero-Day,Payload 45,Cloud Storage,Financial Records,1332.5491512600556,47.120068722591924,6,SIEM,Mitigation 20,38.695905742151574,4.55687684450574,True,310568.5032531607,True,True,True,NIST
55be73d6-26c3-482a-b6f9-326ea1d64cce,2024-12-12 07:44:26,Retail,Small,UK,Phishing,Internal,Emotet,Phishing Link,Brute Force,Payload 33,Database,Customer Data,10923.866085195397,19.921706251633267,5,IDS,Mitigation 15,42.41295008576578,4.670497249583076,True,232003.35728134855,True,True,True,ISO 27001
70390f47-3227-4831-a869-9d1c3e3069e0,2024-09-19 12:46:09,Finance,Small,UK,DDoS,Internal,WannaCry,USB,Social Engineering,Payload 11,Workstations,Intellectual Property,23754.958235657214,40.29171755543014,8,SIEM,Mitigation 12,153.07903360205722,1.7143045255121532,True,285097.4995773904,True,True,True,ISO 27001
be7bddb7-558b-4734-a580-34c1b0085bc8,2024-08-28 08:12:10,Healthcare,Medium,UK,SQL Injection,External,Emotet,Email,SQL Injection,Payload 14,ERP,None,37304.026279795835,22.314320063443496,1,Antivirus,Mitigation 15,131.48518207160788,1.8391452866302176,True,170868.17791535996,True,True,True,None
2ec5bd51-3267-4f26-acbd-fe403fd4cc41,2025-05-10 14:31:47,Finance,Medium,UK,Ransomware,Internal,None,Web,SQL Injection,Payload 15,ERP,Intellectual Property,24768.55068809423,45.97514047420558,8,Antivirus,Mitigation 3,94.33569342121915,1.8564042242660348,True,-56900.66256908828,True,True,True,GDPR
c1cc52cf-d5d3-440f-9758-93ff48731968,2024-05-16 10:24:22,Education,Small,UK,Ransomware,Internal,Ryuk,Web,Zero-Day,Payload 12,Workstations,Intellectual Property,9901.648477221292,37.660460892700705,6,Antivirus,Mitigation 8,153.2057547390402,7.0188249772439795,True,265083.85136589094,True,True,True,GDPR
8800cdab-aad9-4c32-ba74-ec3fe06f259c,2025-01-04 11:46:57,Healthcare,Medium,UK,Zero-Day Exploit,External,Ryuk,Network,None,Payload 44,ERP,Customer Data,30859.677065828208,34.25108600449282,2,User Report,Mitigation 10,12.365328828194425,3.6422375005222722,True,58335.77772494024,True,True,True,GDPR
49e8bf31-04b6-4095-b5cc-591a2e0d412b,2024-12-31 20:45:45,Education,Medium,Nigeria,SQL Injection,External,Emotet,Web,Brute Force,Payload 33,Workstations,Financial Records,34798.784066472086,33.711117168745105,7,SIEM,Mitigation 17,90.12125793351692,1.3744256095588012,True,293644.22295577807,True,True,True,None
797011df-2f4b-4050-8992-678a8b19b00e,2024-07-03 20:05:07,Education,Medium,Brazil,Phishing,External,None,Email,SQL Injection,Payload 1,Cloud Storage,Financial Records,32500.78139422652,14.90477327897944,7,Antivirus,Mitigation 16,81.14434423974949,5.014800209719373,True,191608.71837982815,True,True,True,NIST
e645b287-8e26-4a47-b51c-9af03d71d2d0,2024-05-15 09:33:26,Education,Small,India,DDoS,External,WannaCry,Web,Brute Force,Payload 47,Database,Intellectual Property,32180.05595751092,33.814762405499486,3,Antivirus,Mitigation 20,166.6944118388972,2.7411515006124967,True,366086.26215089485,True,True,True,GDPR
c4f19055-9fd8-4fdf-b7eb-be807dc655e2,2024-05-31 17:24:01,Finance,Small,Nigeria,Phishing,Internal,Emotet,Phishing Link,Social Engineering,Payload 5,Workstations,Financial Records,48364.39142255871,4.901876249840832,8,IDS,Mitigation 7,153.1946540591468,5.089697818927267,True,346372.42845809716,True,True,True,None
c5d25b0f-6fcf-4047-850f-8a6de8f20593,2024-08-15 11:40:56,Manufacturing,Small,Nigeria,Ransomware,External,None,Web,Zero-Day,Payload 15,Cloud Storage,Customer Data,23297.78294538667,20.03542851326858,8,IDS,Mitigation 15,113.82612640385679,4.345306748544269,True,10385.202397711364,True,True,True,ISO 27001
df7c62c2-f439-4875-ad1d-56ad20e10d19,2025-03-06 04:27:02,Healthcare,Medium,UK,Phishing,External,None,Network,Zero-Day,Payload 50,ERP,Financial Records,21296.648018716965,24.77993111648255,9,User Report,Mitigation 18,59.269219570665754,2.383905480930344,True,155181.27650986647,True,True,True,GDPR
6b302c07-35f0-47d3-9f76-2c25343a479e,2024-05-11 18:16:26,Finance,Medium,UK,Ransomware,External,WannaCry,Email,Zero-Day,Payload 21,Workstations,Intellectual Property,23075.050943374306,6.715833730149891,4,User Report,Mitigation 12,153.63391348656322,6.17104058485644,True,199448.60263069885,True,True,True,None
88a24bb8-9070-4184-8194-5879a22f51b2,2025-05-19 19:20:47,Retail,Small,Nigeria,Ransomware,External,None,Phishing Link,SQL Injection,Payload 3,Cloud Storage,Financial Records,23103.616231515523,34.10460395709344,7,Antivirus,Mitigation 1,118.81191058150284,4.695110249716393,True,269068.21656326717,True,True,True,None
a5c20f6c-8be8-4e4f-90d0-69f5af50dd7a,2025-02-22 04:14:58,Retail,Medium,India,SQL Injection,External,None,Phishing Link,Zero-Day,Payload 47,Cloud Storage,Intellectual Property,23594.206065443806,15.765798771664542,5,User Report,Mitigation 8,151.60000193506858,1.3493802957222594,True,152792.0048460178,True,True,True,ISO 27001
6e5b3d74-dc33-4831-b8cc-63fb888a282a,2025-01-29 08:47:06,IT,Medium,UK,Zero-Day Exploit,External,None,Phishing Link,Zero-Day,Payload 11,Cloud Storage,Intellectual Property,37996.7787770918,51.22519737017529,8,IDS,Mitigation 17,169.03741550884035,1.3030155143233528,True,324309.91399297636,True,True,True,GDPR
100e689d-96ea-4a4a-b831-4b97bac91ce8,2024-08-25 03:17:20,Healthcare,Medium,Germany,Ransomware,External,None,Email,Zero-Day,Payload 10,Workstations,Intellectual Property,12963.752811947295,38.82253917162219,3,User Report,Mitigation 4,180.9486475823968,7.172746004674802,True,390858.0607888581,True,True,True,ISO 27001
9007c48b-d035-4ecb-a047-64db9df150cf,2025-02-11 19:17:42,Healthcare,Medium,Brazil,SQL Injection,External,WannaCry,Phishing Link,SQL Injection,Payload 2,Database,None,50560.38791102058,43.30052262637678,7,IDS,Mitigation 4,124.82967088975451,0.8895656449976426,True,8906.025314156912,True,True,True,ISO 27001
68592a62-d110-4e25-ba32-0ff8ffeb9e31,2024-08-18 08:03:43,Finance,Small,Brazil,DDoS,Internal,Ryuk,USB,SQL Injection,Payload 2,Database,Customer Data,39484.784458754904,24.137188357913544,12,SIEM,Mitigation 16,137.17138776488775,3.8562663740254735,True,31342.08078745166,True,True,True,None
5977a655-d02c-456e-aa9b-8494fa809cf5,2024-07-25 14:03:40,Manufacturing,Small,USA,DDoS,Internal,WannaCry,Network,None,Payload 32,Database,Intellectual Property,37234.0066145459,35.28351514793943,9,IDS,Mitigation 17,147.3682332860292,6.4521540353890465,True,52442.8832564418,True,True,True,None
050a3054-5be4-4ccd-929a-8f4c0ba6ad35,2025-03-16 07:56:32,Education,Small,USA,Phishing,External,None,Web,Social Engineering,Payload 31,Workstations,Intellectual Property,42739.39363770876,55.450924499638575,7,Antivirus,Mitigation 5,97.3369482574212,7.688959892324135,True,-35916.418623947626,True,True,True,NIST
08208018-8251-4de3-9c65-1b6fa4b7a93e,2025-05-08 18:17:27,Finance,Small,Nigeria,Phishing,Internal,WannaCry,Phishing Link,Brute Force,Payload 23,Cloud Storage,Intellectual Property,54177.620961030814,-0.04913534660829022,11,Antivirus,Mitigation 8,143.08520758481524,3.72996796004335,True,-20277.651693453154,True,True,True,NIST
4cacbb5c-7648-408a-a9a7-677816dc92e1,2024-12-03 15:42:07,Education,Medium,Germany,Ransomware,External,WannaCry,Phishing Link,Zero-Day,Payload 20,Cloud Storage,Customer Data,41196.163844590425,45.397943107984645,8,Antivirus,Mitigation 14,29.80817238863339,6.550942086507293,True,347732.36724203307,True,True,True,None
39daab66-cc62-4b07-9d36-3f25042c9b99,2024-12-25 23:32:43,Finance,Medium,USA,SQL Injection,Internal,WannaCry,USB,SQL Injection,Payload 42,Database,None,11719.582113160159,42.39210310040811,9,User Report,Mitigation 19,156.84676853734658,1.4574022817886338,True,115432.13343003711,True,True,True,None
84baa252-8eda-4d8f-b221-763afe25052a,2024-09-03 01:11:43,Finance,Medium,India,Phishing,Internal,Emotet,Network,None,Payload 20,Database,Intellectual Property,12922.52003847539,51.42004518290504,4,IDS,Mitigation 14,135.1088233363489,5.610295867661709,True,319999.18173598987,True,True,True,NIST
17bd0d2d-6111-4311-b3b5-814ef442a07f,2024-08-15 05:43:32,Manufacturing,Medium,Nigeria,DDoS,Internal,Emotet,Phishing Link,Zero-Day,Payload 21,ERP,Intellectual Property,23456.29990075898,34.04920361974383,11,IDS,Mitigation 6,165.01227741358332,3.2443432709933377,True,67102.33033033795,True,True,True,ISO 27001
c3a7258c-d3fc-4b1c-a7ae-3f7fcefcbdf8,2024-11-26 08:23:23,Retail,Medium,India,Phishing,External,WannaCry,USB,Social Engineering,Payload 40,Cloud Storage,None,32068.60361946733,34.30132245923308,10,SIEM,Mitigation 15,56.441555230430495,5.5548243586310635,True,370523.07677666476,True,True,True,GDPR
6756acb0-92ba-4904-aaf5-57741af85851,2025-05-29 07:08:54,Retail,Medium,USA,Phishing,Internal,Emotet,Network,Zero-Day,Payload 39,Workstations,None,47731.216549167846,22.759688772869644,10,IDS,Mitigation 12,29.185926631571277,1.9124413715089041,True,389734.1429742982,True,True,True,None
1150c5bc-fc82-4103-a893-f8d6d3a5acab,2024-08-21 06:22:23,Education,Small,UK,Phishing,External,None,Network,Zero-Day,Payload 21,Database,Customer Data,21151.441802884536,56.69199566208411,5,IDS,Mitigation 1,103.91557138120092,4.863936482500266,True,-7444.348744883828,True,True,True,ISO 27001
7fa676b7-6582-4e89-962b-21fe045554f9,2024-09-11 22:12:02,Healthcare,Medium,Nigeria,SQL Injection,Internal,None,Phishing Link,Brute Force,Payload 14,ERP,Intellectual Property,36194.54360458069,25.143780420364774,7,Antivirus,Mitigation 20,72.43174967676407,4.664706097636456,True,336704.4868104654,True,True,True,None
23b2a2f2-f822-4e95-9ea6-0e9f24441926,2025-05-11 03:27:16,Education,Medium,USA,Phishing,External,Ryuk,Network,Zero-Day,Payload 22,Workstations,Financial Records,17703.12563887038,40.333141021926544,11,IDS,Mitigation 16,111.5863254703101,2.357054918671358,True,1591.369425573721,True,True,True,GDPR
ee0f5b93-82ca-4e51-9bcd-e0f34a5dc043,2025-02-15 14:21:38,Education,Small,USA,Zero-Day Exploit,External,WannaCry,Network,Social Engineering,Payload 35,Cloud Storage,None,46129.610101096085,9.931143766278403,5,User Report,Mitigation 4,46.17406390986329,-1.2846631266820852,True,145624.40374858692,True,True,True,GDPR
469bd5b1-d0c7-4490-a778-b2cb8386323a,2024-06-13 00:07:11,IT,Medium,USA,SQL Injection,External,None,USB,Zero-Day,Payload 40,Workstations,Customer Data,16489.623677069525,16.943672798643888,9,Antivirus,Mitigation 9,26.133451220485647,5.796852992165026,True,31926.317934876788,True,True,True,None
afc2013f-7188-4b1d-a239-b08e806eaa55,2024-09-30 11:46:11,Manufacturing,Small,USA,Phishing,External,Emotet,Email,Zero-Day,Payload 48,ERP,Customer Data,43576.825280711724,41.301810147320545,6,User Report,Mitigation 13,116.7310236618237,3.8340396114838518,True,315432.7019812624,True,True,True,GDPR
014d172c-156e-4bd6-a332-447fde896716,2024-08-04 15:44:32,Education,Medium,UK,SQL Injection,Internal,None,Phishing Link,Zero-Day,Payload 10,Workstations,None,33791.68015563764,50.88112008796617,10,User Report,Mitigation 2,57.8572842802565,7.52997683662182,True,-12827.72877581745,True,True,True,ISO 27001
e3bd1bdb-0a7f-4e78-a514-756e18317e86,2025-01-02 03:19:03,Finance,Small,USA,Ransomware,External,None,Phishing Link,None,Payload 11,Cloud Storage,Intellectual Property,20822.07224054052,34.28998540014201,10,User Report,Mitigation 13,35.351270337434045,5.949730904267868,True,165013.87738502462,True,True,True,GDPR
462e0146-52c4-4174-9b37-9e5f81bb6f00,2024-07-19 23:49:16,Retail,Small,Brazil,Phishing,Internal,Ryuk,USB,Social Engineering,Payload 27,Database,Intellectual Property,51393.45437021188,39.17738269974916,6,Antivirus,Mitigation 11,168.73095256801113,1.2927112244178875,True,116016.32475715177,True,True,True,None
9487272e-13d5-4bb4-8fbc-53037378e737,2024-11-03 03:25:03,Healthcare,Medium,India,Phishing,External,Emotet,Email,Brute Force,Payload 20,Workstations,Customer Data,11677.881320110382,12.790648518102628,7,SIEM,Mitigation 2,107.99992480831241,5.13326330499791,True,36330.27676339378,True,True,True,GDPR
f12166a9-1a30-48c2-9cbb-56a00f6df53a,2025-03-16 16:06:04,IT,Medium,USA,Phishing,Internal,Ryuk,Phishing Link,Brute Force,Payload 11,Workstations,Financial Records,40793.80030973356,20.627476900092677,4,User Report,Mitigation 12,35.09766848169688,6.678217850893721,True,48067.42985036971,True,True,True,None
efce15c3-98f6-462c-b091-1f8183f85d50,2024-08-03 16:55:35,Healthcare,Medium,UK,Ransomware,External,None,USB,Brute Force,Payload 8,Workstations,Intellectual Property,3979.7014431974876,14.12493742430252,11,User Report,Mitigation 8,117.34151504892318,6.204372348040262,True,149258.10207446234,True,True,True,GDPR
0291de54-7735-45ad-8634-81c9192e27c4,2024-08-05 07:30:14,IT,Medium,UK,Phishing,Internal,None,USB,Brute Force,Payload 6,Cloud Storage,None,50537.337774792,13.122895736906475,4,User Report,Mitigation 11,41.66739551644494,5.63546165590896,True,120371.02294612171,True,True,True,ISO 27001
40ba2aed-a6b3-4ada-bd2c-051a003e9268,2024-09-22 06:51:17,Education,Small,Brazil,Zero-Day Exploit,External,Emotet,Phishing Link,Brute Force,Payload 1,ERP,Customer Data,34208.12999591185,14.963428802660474,7,SIEM,Mitigation 2,109.43714284900128,6.1058309269381015,True,202882.66799908585,True,True,True,None
6daa74ba-e24e-4431-aa37-f3b1423654c1,2025-03-01 13:17:53,Manufacturing,Small,India,Ransomware,Internal,Emotet,Email,Zero-Day,Payload 44,Cloud Storage,Customer Data,41004.41764074985,8.937833738278284,10,User Report,Mitigation 1,126.02169726435628,8.160095704698755,True,-15541.226323889496,True,True,True,NIST
4f2378eb-9821-4f76-a3ee-140871170abd,2024-09-20 15:57:34,Manufacturing,Medium,USA,SQL Injection,External,Ryuk,Email,Brute Force,Payload 2,Cloud Storage,Financial Records,43335.041161012894,50.64423759021666,11,User Report,Mitigation 3,88.657481736943,3.1370633093212117,True,234117.91522949247,True,True,True,None
95daf1d9-f032-4ded-82f8-a516a7afcd04,2025-02-05 23:30:38,Manufacturing,Medium,India,Ransomware,External,WannaCry,Email,SQL Injection,Payload 50,Database,Intellectual Property,49865.55498167375,19.099789436839124,8,Antivirus,Mitigation 11,71.62530661598441,5.574482334759486,True,-13140.83822276973,True,True,True,None
050a3054-5be4-4ccd-929a-8f4c0ba6ad35,2024-05-14 00:48:00,IT,Small,Germany,SQL Injection,External,None,USB,SQL Injection,Payload 39,ERP,None,46597.71052571086,50.124489355934664,9,SIEM,Mitigation 6,80.76552731198466,1.810465943394225,True,56917.845736574265,True,True,True,ISO 27001
e2321858-3d42-4db9-8728-88a6cf514bc9,2025-03-27 06:15:23,IT,Medium,UK,Ransomware,Internal,None,Web,Social Engineering,Payload 42,Workstations,Financial Records,5394.761902461239,22.53408448266386,10,User Report,Mitigation 5,156.3846396049555,6.0703509551356145,True,2246.6479156043642,True,True,True,GDPR
93469a3f-240f-4ae1-9a02-b9ee611cbe7c,2024-07-17 10:21:23,Manufacturing,Medium,Germany,Zero-Day Exploit,Internal,Ryuk,Network,Brute Force,Payload 40,Database,Customer Data,30874.109997138512,48.31988761663653,9,SIEM,Mitigation 12,137.92539562007005,3.571931470330993,True,54172.47986168045,True,True,True,ISO 27001
15bda87b-49ad-40ce-a9b3-0a3f5ff9dd0d,2024-07-02 00:10:17,Education,Medium,USA,Zero-Day Exploit,External,None,Network,SQL Injection,Payload 10,ERP,None,7898.024242904268,19.43719480803536,3,Antivirus,Mitigation 1,85.21754658231556,2.264123497188714,True,102586.20156080602,True,True,True,ISO 27001
2950c976-38c1-4c07-b4fb-bdcfcfc0cc77,2025-05-29 03:54:50,Manufacturing,Medium,Nigeria,Phishing,External,None,Phishing Link,Social Engineering,Payload 50,Workstations,Financial Records,40176.85780801418,31.885962488861804,9,User Report,Mitigation 5,98.47647871786769,1.184010609559557,True,245133.68518622656,True,True,True,ISO 27001
a1ab7510-aaaf-4466-a671-1c594cce50e6,2025-04-06 14:53:01,Finance,Medium,UK,Phishing,External,WannaCry,Phishing Link,Brute Force,Payload 33,Database,Financial Records,38044.00687166649,19.60947693219847,4,IDS,Mitigation 20,137.59931545315757,3.5855129113720055,True,85400.59058938411,True,True,True,None
fea2a863-a93f-4765-82dd-dd360075bac7,2024-09-03 07:39:28,Healthcare,Medium,UK,Zero-Day Exploit,External,Emotet,Network,SQL Injection,Payload 4,Cloud Storage,None,56080.9870185616,38.6822548800678,3,User Report,Mitigation 10,31.07289269810625,2.1559460783578226,True,274703.6596595339,True,True,True,None
9b2278b3-e764-4e0c-92f5-634cb65c6077,2025-04-13 02:05:02,Finance,Small,Germany,DDoS,External,Emotet,Phishing Link,Zero-Day,Payload 31,ERP,Financial Records,17595.362114730575,15.929321194616097,8,User Report,Mitigation 18,127.65474824073975,3.0779088224122386,True,-12689.965239942292,True,True,True,None
8844dc02-88cf-4da3-a60c-a76c5aec80d8,2025-03-30 11:19:47,Education,Medium,USA,DDoS,Internal,None,Email,Brute Force,Payload 31,Cloud Storage,Customer Data,32994.36514858149,50.419380000685166,7,Antivirus,Mitigation 1,139.68603760145365,4.762643183293919,True,24676.320999264222,True,True,True,NIST
9f10861e-e20f-4df7-82d4-d66bd00259e2,2024-07-20 22:24:59,Healthcare,Small,USA,Zero-Day Exploit,External,None,Phishing Link,SQL Injection,Payload 43,ERP,Intellectual Property,12334.27727310896,10.984017179986527,12,User Report,Mitigation 6,68.40322876780662,5.987873253265116,True,364610.9102012682,True,True,True,None
dc3aa533-b7c1-40c5-a377-85cdb5a4cb06,2024-06-25 21:57:51,IT,Medium,Brazil,Phishing,Internal,None,Web,Zero-Day,Payload 35,ERP,Customer Data,45050.60962067884,8.396241308156263,9,IDS,Mitigation 13,44.49334421591226,6.057118924345454,True,155980.0594329118,True,True,True,NIST
c5f90b2d-b719-4979-b21b-93e481fab816,2024-08-06 11:17:52,Education,Medium,USA,Phishing,External,WannaCry,Phishing Link,Social Engineering,Payload 29,Database,None,30844.695496422817,12.99958933930645,9,User Report,Mitigation 20,62.10300687572575,7.390824046305903,True,92720.15880573602,True,True,True,None
95daf1d9-f032-4ded-82f8-a516a7afcd04,2024-08-04 17:47:36,Finance,Small,USA,Zero-Day Exploit,Internal,None,Phishing Link,Zero-Day,Payload 28,Database,Financial Records,42984.562168809694,51.49336869959342,6,SIEM,Mitigation 18,142.31388119095666,7.528211462499181,True,244358.5553115394,True,True,True,ISO 27001
52668f3d-0030-4ac8-a14b-fbaae04292fd,2024-07-11 02:58:04,Healthcare,Medium,Brazil,Phishing,Internal,None,Email,Brute Force,Payload 32,ERP,None,15742.714950281937,25.35999579760026,4,SIEM,Mitigation 13,182.24595142342557,5.2208771320834355,True,45989.53040786297,True,True,True,GDPR
12d230d3-ef26-4b02-9f33-3ca9d4af463f,2025-04-17 14:53:19,Manufacturing,Medium,India,Ransomware,External,WannaCry,Phishing Link,SQL Injection,Payload 43,ERP,Financial Records,1568.2943451775955,16.197108750892614,7,IDS,Mitigation 2,147.82300349282175,2.9874709246853204,True,193331.53317993798,True,True,True,ISO 27001
4286abad-98ca-47a5-8d01-52e687d878ca,2024-07-09 00:44:00,Manufacturing,Small,Nigeria,Phishing,Internal,None,Phishing Link,Zero-Day,Payload 42,Workstations,Customer Data,32914.38718158518,22.28029382900305,10,IDS,Mitigation 15,62.70199740728741,2.954079050518743,True,233196.11224002144,True,True,True,None
bcc755b0-b003-40ea-8299-9c166a007e34,2024-09-24 18:18:24,Education,Small,Brazil,Ransomware,External,WannaCry,Phishing Link,None,Payload 45,Workstations,Customer Data,42295.26533965092,53.263717631230094,2,Antivirus,Mitigation 9,106.80566096980748,2.577865811752746,True,16058.491690085815,True,True,True,None
0d694f14-c46f-47ad-a13b-5bb2c1f218ee,2024-08-07 19:41:17,IT,Medium,Germany,DDoS,Internal,None,Phishing Link,Social Engineering,Payload 38,ERP,Intellectual Property,22862.290553517956,36.34014561359087,10,IDS,Mitigation 17,22.949523836431343,5.5701421011197505,True,225696.82704948168,True,True,True,None
2d147b8d-5cd9-45e3-b352-ba2d4c0cc21c,2025-01-16 18:29:52,Healthcare,Small,USA,SQL Injection,External,WannaCry,Phishing Link,Brute Force,Payload 50,Workstations,Intellectual Property,5231.591580171992,36.781442123856095,2,Antivirus,Mitigation 12,128.83104295702998,5.949638190258521,True,14287.316432468826,True,True,True,None
0846dce5-b751-4d3f-a661-6e951280cd43,2025-01-31 01:45:48,Retail,Medium,India,Phishing,External,None,Email,Social Engineering,Payload 49,Workstations,Intellectual Property,33678.2823026648,45.73866911280229,5,IDS,Mitigation 7,191.9522044181967,1.0841729075023365,True,14798.895357372181,True,True,True,GDPR
43cf4ba4-c26e-42f7-8ebf-f42a2faec54c,2025-02-04 02:54:02,Education,Medium,Germany,SQL Injection,External,Emotet,Web,None,Payload 35,Workstations,Customer Data,20598.834881245144,46.457244441622144,8,User Report,Mitigation 14,116.43070627565231,1.6285320769333969,True,-50072.369603616564,True,True,True,GDPR
55be73d6-26c3-482a-b6f9-326ea1d64cce,2025-05-28 01:53:47,Manufacturing,Small,India,Ransomware,External,None,Email,Social Engineering,Payload 35,Database,Financial Records,45486.056693689294,31.752102506742073,4,User Report,Mitigation 10,136.8555679274309,1.084227839020767,True,188443.7457578789,True,True,True,None
5262e72a-20ea-4688-9503-6baeba09ce0b,2025-03-27 05:52:23,Education,Medium,UK,Ransomware,Internal,Ryuk,Network,Brute Force,Payload 23,Workstations,None,17052.624448880106,42.98463309046914,3,SIEM,Mitigation 17,82.12132990328814,7.91939166384856,True,223978.83184177015,True,True,True,ISO 27001
576a86f8-23f3-4d37-8b82-d059f6d8e2e3,2025-01-24 04:30:25,Healthcare,Medium,India,SQL Injection,External,WannaCry,Phishing Link,SQL Injection,Payload 27,ERP,Financial Records,18200.864597147505,7.071762471993788,9,SIEM,Mitigation 8,63.45457152273996,7.219206607058899,True,363053.43467077566,True,True,True,GDPR
525bf304-55e1-4958-bece-56323ccaad88,2024-08-10 13:38:52,Education,Medium,India,Ransomware,External,None,Phishing Link,Zero-Day,Payload 9,Database,Intellectual Property,30042.21252528199,51.91689718276811,12,User Report,Mitigation 14,29.919820832562223,2.1361894778358206,True,46578.07401523311,True,True,True,GDPR
7d4106d6-cf5e-46f4-9f4f-cc782a49d85b,2024-08-18 04:08:16,Finance,Small,Nigeria,SQL Injection,Internal,Emotet,Phishing Link,None,Payload 15,ERP,Intellectual Property,33108.6472678681,16.274446164256744,2,IDS,Mitigation 17,46.83176953946709,8.231106047727469,True,63830.82913931459,True,True,True,ISO 27001
30cb7e06-981a-4bcf-a029-4b9cccaf36c0,2025-02-26 16:50:23,Manufacturing,Small,UK,Ransomware,External,Emotet,Web,Brute Force,Payload 19,Cloud Storage,Customer Data,52217.54059068228,14.908749543509987,5,User Report,Mitigation 6,59.21529079428072,2.3390721690857736,True,392299.976559184,True,True,True,GDPR
be91d839-c7b9-44a7-9ebd-5d430dd91be4,2024-06-24 07:46:19,Healthcare,Medium,UK,SQL Injection,External,Emotet,Web,Zero-Day,Payload 44,ERP,Intellectual Property,13173.269819048195,44.25711002867818,9,Antivirus,Mitigation 11,-8.858417870696382,4.307884938695158,True,283047.5169805809,True,True,True,ISO 27001
01a17e3a-62e9-4155-905a-eabd685bcc45,2024-07-12 14:46:02,Education,Medium,USA,Phishing,External,Ryuk,USB,Zero-Day,Payload 18,Cloud Storage,Intellectual Property,60125.44672268917,6.61589074713355,7,SIEM,Mitigation 20,163.99765948837043,5.170466700974596,True,46914.27313304905,True,True,True,GDPR
9c5e2844-ac5c-44fd-a46c-a87c0273ab88,2024-08-26 15:11:19,Healthcare,Medium,Brazil,Ransomware,External,Emotet,Web,Social Engineering,Payload 13,Workstations,Customer Data,16543.154210256125,33.29305653099928,7,User Report,Mitigation 6,134.43106632752165,3.2476390332965215,True,396520.2388735904,True,True,True,None
ad01fbc5-7438-4567-8fa7-99d235ebb0fa,2024-08-17 18:32:06,Education,Small,UK,Phishing,External,Emotet,Network,None,Payload 6,Cloud Storage,Financial Records,36624.82125662346,35.26763845494776,8,SIEM,Mitigation 3,135.15548522868977,5.4400217029959,True,87003.92227683883,True,True,True,ISO 27001
dad1eb17-32bb-44fd-986e-4e4863b4caa9,2024-06-08 03:00:36,Finance,Small,USA,DDoS,External,None,USB,None,Payload 8,ERP,Intellectual Property,17456.643907835693,53.90458173462401,4,User Report,Mitigation 3,94.38325992271277,3.6025036920998814,True,5884.417750533277,True,True,True,GDPR
c5d25b0f-6fcf-4047-850f-8a6de8f20593,2024-10-01 04:24:51,Healthcare,Medium,Nigeria,Phishing,External,Emotet,Email,Zero-Day,Payload 6,Workstations,Intellectual Property,50835.67328076838,15.229298023242917,3,IDS,Mitigation 16,157.68755691775974,3.2059716659482578,True,256988.98973163764,True,True,True,NIST
9ba32263-3a79-4155-81b7-b34b9e6627e0,2024-08-30 07:02:47,Healthcare,Medium,USA,DDoS,External,None,Web,Social Engineering,Payload 8,Cloud Storage,Financial Records,39967.5591695891,35.33880658545273,6,User Report,Mitigation 11,49.988817776791564,6.028162009722118,True,357318.51325910987,True,True,True,NIST
4835d67d-fd8e-4b2e-bcb9-b0c821cee871,2025-04-04 17:23:11,IT,Small,UK,SQL Injection,External,Emotet,Web,Zero-Day,Payload 37,Database,Intellectual Property,18715.57248049789,34.994195487290085,2,SIEM,Mitigation 3,59.444523487596996,6.728737484869891,True,256976.75591822714,True,True,True,ISO 27001
2950c976-38c1-4c07-b4fb-bdcfcfc0cc77,2025-02-20 02:30:55,Retail,Small,Brazil,Phishing,External,Ryuk,Web,None,Payload 30,Cloud Storage,None,46722.20454736581,18.475143777746364,3,User Report,Mitigation 9,178.08843114420773,4.432008728779709,True,275249.0236747265,True,True,True,None
2594092a-55fc-4525-bef2-b9fa8a67be32,2025-05-25 01:08:33,Healthcare,Medium,Germany,SQL Injection,External,Ryuk,Email,SQL Injection,Payload 32,Cloud Storage,Customer Data,22730.018126878796,41.69115900471371,9,SIEM,Mitigation 18,116.04658917344504,2.6482133261060445,True,38362.568448850536,True,True,True,ISO 27001
b11a8fcc-f409-44ab-a7fa-9efa301bb122,2024-09-19 19:54:21,Retail,Medium,USA,Zero-Day Exploit,External,None,Email,Zero-Day,Payload 36,Cloud Storage,Customer Data,32529.49369413419,26.02324287665353,0,User Report,Mitigation 17,134.28792082437747,6.144249355507826,True,31122.88503462405,True,True,True,None
4e140393-552b-40d7-b6e4-68614f8612d3,2024-12-27 08:30:08,Manufacturing,Small,Brazil,Phishing,External,None,Email,Zero-Day,Payload 37,Workstations,Customer Data,13281.594087623882,30.071828486703097,3,Antivirus,Mitigation 15,194.9224570034522,1.3852934657500497,True,175424.38761013374,True,True,True,GDPR
e97a855d-eecc-42a0-8019-35c5f596da15,2024-09-09 23:28:31,Education,Medium,UK,Phishing,Internal,None,Phishing Link,Zero-Day,Payload 12,ERP,None,25152.6675604349,30.11119000838473,8,Antivirus,Mitigation 6,115.6540761454594,1.8744188774808659,True,337250.10899612133,True,True,True,None
95ed5bd7-9608-4275-b6df-20d61545c9cb,2024-07-30 19:46:19,IT,Medium,Germany,Ransomware,External,None,Email,Zero-Day,Payload 35,Database,Financial Records,11189.095743023741,37.15726403170179,9,User Report,Mitigation 12,64.98857715768801,2.6783816735314687,True,294046.9056061283,True,True,True,GDPR
08bcb8fa-8f46-4f2b-b934-577fb6acc96c,2025-02-25 08:58:54,Education,Small,Nigeria,SQL Injection,Internal,None,USB,Brute Force,Payload 21,Workstations,Customer Data,29350.004565529274,13.553421609050048,11,User Report,Mitigation 7,51.568347697990916,3.1750322665892177,True,262846.2998916689,True,True,True,ISO 27001
12d230d3-ef26-4b02-9f33-3ca9d4af463f,2025-03-25 07:54:33,Education,Small,Germany,SQL Injection,External,None,USB,None,Payload 19,Database,None,37648.4064893166,42.01413768041705,8,User Report,Mitigation 3,65.7858178068083,4.386059446372697,True,99601.67783030288,True,True,True,None
797011df-2f4b-4050-8992-678a8b19b00e,2025-04-09 00:40:19,IT,Medium,India,SQL Injection,External,Emotet,Email,Zero-Day,Payload 8,Workstations,Customer Data,11308.922583758702,40.108099478538165,9,User Report,Mitigation 9,10.409674867334914,7.7637328091315485,True,91928.70408106962,True,True,True,NIST
fb51239c-08f1-458c-98f2-e27a80289f23,2025-05-31 21:05:49,Education,Medium,India,Ransomware,External,Emotet,Phishing Link,SQL Injection,Payload 45,Cloud Storage,Intellectual Property,41727.85022621677,39.099402739288124,8,SIEM,Mitigation 12,187.47084416227858,6.21644564033584,True,82251.68792530132,True,True,True,NIST
5262e72a-20ea-4688-9503-6baeba09ce0b,2024-06-08 21:09:08,Education,Medium,USA,DDoS,External,Ryuk,Web,Zero-Day,Payload 20,Database,Intellectual Property,32025.62957087874,43.66987544730187,6,Antivirus,Mitigation 20,67.15198208469161,2.577788741439902,True,85265.08401758323,True,True,True,None
cf7ed6e3-7cbd-429d-8f26-a886ebfa0338,2024-06-24 09:15:19,Healthcare,Medium,UK,Zero-Day Exploit,Internal,None,Network,Zero-Day,Payload 30,Workstations,Intellectual Property,15948.147121400076,12.07212010526083,3,IDS,Mitigation 4,68.84683675982869,1.8324110609979334,True,282289.34334904887,True,True,True,NIST
809a100c-02ba-43fd-bf90-e79721ca393e,2024-06-16 16:38:35,Finance,Medium,India,Phishing,Internal,Emotet,USB,SQL Injection,Payload 17,Cloud Storage,Financial Records,29077.564712544023,30.747836518500787,5,Antivirus,Mitigation 16,49.393687706603515,6.855742952277841,True,78951.40128361207,True,True,True,ISO 27001
c19581e6-1a9d-4519-bff9-aeac5343d954,2024-05-08 08:35:28,IT,Small,Brazil,Phishing,External,WannaCry,USB,None,Payload 4,Database,None,31974.172001605915,17.915638866996314,2,User Report,Mitigation 8,73.07231603237747,3.7494566765232626,True,227011.3133339545,True,True,True,ISO 27001
f3ebaf28-b0ca-4d1d-a36d-198b04c6710d,2024-09-16 11:48:29,Manufacturing,Medium,USA,Phishing,Internal,Ryuk,Web,Zero-Day,Payload 35,Database,Intellectual Property,30792.534227206914,18.254656764854325,8,IDS,Mitigation 3,62.1140048397107,3.5626666287275612,True,277949.7670736294,True,True,True,NIST
4a678e33-5956-4f09-b896-d8c0a692173f,2024-07-14 15:18:04,Retail,Medium,Brazil,SQL Injection,External,Ryuk,Email,Brute Force,Payload 19,Workstations,Intellectual Property,28485.75943545633,30.504096343348053,3,Antivirus,Mitigation 15,206.84336666026167,6.523703270157498,True,153852.65951143234,True,True,True,GDPR
a7f8b474-6e97-4e71-925d-12c2afe542ef,2024-08-14 19:35:53,Finance,Medium,India,Phishing,External,None,Email,SQL Injection,Payload 30,Workstations,Financial Records,36141.54976278043,19.926764513032865,8,SIEM,Mitigation 18,213.17091729005074,3.949470858986145,True,444279.33468209323,True,True,True,None
0334f047-c897-45a3-a5b8-15af6e8e6fe3,2024-12-25 08:28:20,Education,Medium,Germany,DDoS,Internal,Emotet,USB,Brute Force,Payload 24,Workstations,Intellectual Property,41057.47650195826,4.348246610138775,5,IDS,Mitigation 20,46.94301857087087,4.227268758320701,True,418282.6510445951,True,True,True,GDPR
604b8b7e-ecd5-4ad3-81db-df637f857f5c,2024-09-07 12:40:26,Retail,Small,India,Zero-Day Exploit,Internal,None,Phishing Link,Zero-Day,Payload 16,Cloud Storage,Financial Records,36968.065138580874,42.140804663878995,6,User Report,Mitigation 9,74.59027238574595,6.516201672444595,True,138751.1209535618,True,True,True,ISO 27001
6b302c07-35f0-47d3-9f76-2c25343a479e,2025-03-21 01:23:10,Finance,Medium,UK,SQL Injection,External,Emotet,Phishing Link,None,Payload 21,Workstations,Customer Data,2004.2223572553276,9.109558007551062,7,User Report,Mitigation 13,103.44079494242426,4.716976576713838,True,330345.87822778744,True,True,True,None
551291c5-b8e2-4c59-94a3-0460075ece4b,2024-07-30 17:46:08,Finance,Small,USA,DDoS,External,None,USB,Zero-Day,Payload 38,Cloud Storage,Financial Records,35577.07018155822,53.985664082637044,2,IDS,Mitigation 9,199.75558780931888,2.5594694077256657,True,-4707.285199246631,True,True,True,ISO 27001
bac208e1-5e51-482f-adf0-e87d766cb1a0,2024-09-06 00:59:30,Education,Medium,Brazil,Ransomware,External,Ryuk,Email,Zero-Day,Payload 35,Database,Financial Records,33057.81872356714,39.054890801575134,8,User Report,Mitigation 6,158.52236958072245,5.694761691119891,True,247135.6503996088,True,True,True,GDPR
904ce09c-60a4-48b0-a12a-c501c1c680bf,2024-09-17 10:34:34,Education,Medium,USA,Zero-Day Exploit,External,None,USB,SQL Injection,Payload 50,Cloud Storage,None,10057.48851120225,35.911149496260336,8,User Report,Mitigation 8,171.13169849481346,4.058942354838843,True,218778.96011860212,True,True,True,ISO 27001
8ab2a5af-5418-4952-b1f2-7ad45821ec71,2025-02-19 03:30:18,IT,Medium,USA,Ransomware,Internal,Ryuk,Phishing Link,SQL Injection,Payload 12,Cloud Storage,Financial Records,21021.57736759175,47.95268235933689,6,SIEM,Mitigation 6,18.632149072638363,4.969500133200675,True,-51224.010126240944,True,True,True,None
42f2065a-85a5-47cd-a43e-5d357afad658,2025-06-06 22:49:23,Healthcare,Small,Brazil,Ransomware,Internal,Emotet,USB,SQL Injection,Payload 7,Database,Financial Records,4833.9513957430845,18.431706523596755,10,SIEM,Mitigation 8,138.77636795688744,5.423096624853619,True,24053.965526028238,True,True,True,GDPR
bd6e0840-f49a-4b73-8dfd-4c30a6dcda84,2024-07-27 03:05:44,Manufacturing,Small,India,Zero-Day Exploit,External,Emotet,Web,Brute Force,Payload 46,Cloud Storage,Customer Data,21515.677027646416,19.7981797790546,4,User Report,Mitigation 8,181.5216767787607,1.9589980639858382,True,342425.5110312996,True,True,True,None
8c8347a9-ad0d-4fa1-a1dd-ec23fc4c0e3e,2024-08-31 06:52:17,Finance,Medium,Germany,SQL Injection,External,Emotet,Web,Brute Force,Payload 28,ERP,Intellectual Property,36650.1300612456,33.972517294510816,8,User Report,Mitigation 7,134.71045952389284,2.7238910235200584,True,-7188.922082821431,True,True,True,GDPR
0dded649-36ed-40c9-9174-5929068d7efa,2024-12-10 12:50:25,Healthcare,Medium,Nigeria,SQL Injection,External,WannaCry,Network,SQL Injection,Payload 18,Cloud Storage,Financial Records,26714.46629342279,9.231924520274859,6,User Report,Mitigation 15,151.74721286493676,4.953498747650274,True,341170.82421977934,True,True,True,None
4a62452b-774e-4e28-a82e-f41e29434554,2024-07-31 23:37:30,Education,Medium,UK,Ransomware,Internal,None,Phishing Link,Brute Force,Payload 9,Cloud Storage,None,51983.35126708304,24.934704485582024,3,User Report,Mitigation 7,148.87530191308983,2.8166507558433755,True,365712.24508072675,True,True,True,ISO 27001
0334f047-c897-45a3-a5b8-15af6e8e6fe3,2025-04-26 20:59:08,Education,Medium,Nigeria,SQL Injection,External,WannaCry,Web,Zero-Day,Payload 2,Database,None,42705.114044861075,27.67639044130433,1,IDS,Mitigation 20,53.23226588087664,5.595761293054195,True,117734.01539824286,True,True,True,None
86569b8b-75ef-434e-b982-5cd7f5ec8ead,2025-03-11 23:07:16,Healthcare,Medium,Nigeria,DDoS,External,Emotet,Web,Social Engineering,Payload 35,Cloud Storage,Financial Records,31961.235407503078,13.475007436295611,5,SIEM,Mitigation 4,178.45948846784785,5.194796284961203,True,-28613.26335291256,True,True,True,ISO 27001
3d1e56b6-d39f-42d7-969e-f17f7a83f55c,2024-07-02 15:14:39,Manufacturing,Small,UK,Ransomware,Internal,Emotet,Email,Brute Force,Payload 31,ERP,Intellectual Property,22024.749446583028,10.249014173769037,4,SIEM,Mitigation 20,122.48242267373946,3.962854559131133,True,93586.30907530015,True,True,True,NIST
f3ab3b17-9ebf-43b9-a9c7-946c744ac5a3,2025-04-01 01:04:30,IT,Medium,UK,Zero-Day Exploit,Internal,Ryuk,USB,SQL Injection,Payload 49,ERP,Customer Data,15805.921885419171,48.82241022110964,10,User Report,Mitigation 7,23.714973032385274,6.720693020190893,True,124851.29558015564,True,True,True,GDPR
b97c3d6e-2872-4559-970b-47a58d9b51c2,2024-11-20 07:40:49,Healthcare,Small,India,Phishing,External,Ryuk,Network,Zero-Day,Payload 50,ERP,Customer Data,32225.59615655355,29.7114733570744,3,IDS,Mitigation 16,54.01185362107233,0.9055752760713378,True,56275.84719991227,True,True,True,None
e8c1e549-3c48-4b66-9e6a-8e1345dc74bd,2024-05-04 21:29:06,IT,Small,Brazil,Phishing,External,None,Email,None,Payload 15,Workstations,None,23541.262417673875,44.46279875964781,9,User Report,Mitigation 4,128.20285165929872,2.524034477625867,True,380227.4253050785,True,True,True,GDPR
4484b1ef-1173-40e0-9ed7-314629238572,2024-09-14 15:50:06,Manufacturing,Medium,Germany,SQL Injection,Internal,None,Network,Zero-Day,Payload 50,Database,Financial Records,27792.86307619577,23.495311687346177,8,Antivirus,Mitigation 14,71.93178701992181,5.654473128766281,True,100390.75410644826,True,True,True,NIST
91a982f4-87df-4797-a7f0-2ac5a7e652a6,2024-07-09 14:15:52,Finance,Medium,Germany,Phishing,External,Emotet,Phishing Link,Social Engineering,Payload 10,Cloud Storage,Customer Data,34028.629932982345,23.917288460456692,7,User Report,Mitigation 6,58.21744657010457,3.9366787411230204,True,168532.2542337456,True,True,True,None
77150fd2-820d-4a2b-b19b-188047131e67,2024-07-08 13:18:11,IT,Medium,UK,DDoS,External,WannaCry,Email,Zero-Day,Payload 13,Database,Intellectual Property,26981.806442702655,51.00431522144628,7,SIEM,Mitigation 17,48.40634900026374,5.979835067175147,True,314774.2088715002,True,True,True,GDPR
e8c1e549-3c48-4b66-9e6a-8e1345dc74bd,2024-09-06 00:37:13,Healthcare,Small,India,SQL Injection,External,None,Phishing Link,Social Engineering,Payload 48,Workstations,Financial Records,7499.230918927269,29.760762471485847,10,SIEM,Mitigation 6,120.49010715899672,3.602828664857009,True,187953.80733757926,True,True,True,ISO 27001
9b383f41-0b3f-43a9-b02f-cf53a0ee9ecb,2024-07-26 22:37:46,IT,Small,USA,DDoS,External,None,Phishing Link,Zero-Day,Payload 18,Workstations,Financial Records,34029.6641951957,23.983267215301893,8,User Report,Mitigation 1,186.13505884111703,1.8566775101849184,True,182832.21039833318,True,True,True,GDPR
66ce86d7-dbf5-4859-a1db-a0d757676f48,2024-10-05 05:54:57,Finance,Medium,UK,Phishing,Internal,Emotet,Phishing Link,Social Engineering,Payload 9,ERP,Financial Records,27996.295195581835,35.1025041919536,7,IDS,Mitigation 3,144.9842635046401,1.6590431782449973,True,140487.67147576,True,True,True,None
6af07114-b0fa-4e5d-afa7-2fae8351ce14,2025-03-21 01:48:39,Finance,Medium,UK,SQL Injection,Internal,WannaCry,Phishing Link,Social Engineering,Payload 8,Workstations,Financial Records,38317.095849225654,6.5193324935491885,3,IDS,Mitigation 18,128.84655825137122,7.688402690040169,True,38856.23606654856,True,True,True,None
e4a4df75-9e6f-4e0d-8770-f4a7104f851e,2025-04-17 12:21:17,Education,Medium,Brazil,Ransomware,External,Emotet,Phishing Link,Zero-Day,Payload 23,Cloud Storage,Financial Records,38578.32653932289,26.02070326271562,6,SIEM,Mitigation 12,179.49677598057764,2.3781476303676508,True,77933.01702707392,True,True,True,ISO 27001
69936b34-a1bf-4028-a723-22ab88048605,2025-02-19 07:16:33,Healthcare,Medium,USA,DDoS,Internal,None,Email,Brute Force,Payload 19,Database,Intellectual Property,46495.751021257085,16.35995913862834,4,Antivirus,Mitigation 11,142.14345747679485,7.342912751895561,True,155048.17857179674,True,True,True,GDPR
2d97d256-8b9c-4e93-adc4-d361b93de774,2024-09-15 21:45:16,Finance,Medium,UK,DDoS,External,Ryuk,Phishing Link,Zero-Day,Payload 1,Database,Financial Records,9141.95343943696,55.649746472835616,7,User Report,Mitigation 3,54.75209115637527,2.596623712876285,True,210524.61417083687,True,True,True,None
f2541580-0c53-4d76-b39b-1e0702ff0741,2024-05-24 16:15:04,IT,Medium,Germany,Phishing,External,None,Phishing Link,Brute Force,Payload 1,Database,None,11862.196605716106,36.86787015379313,3,IDS,Mitigation 4,160.96644917669087,1.9391560244491162,True,245400.43964924826,True,True,True,None
57e36124-eaff-4bda-8c5f-8f5f093cc9ff,2024-09-17 03:13:23,Manufacturing,Medium,UK,Ransomware,External,None,Web,SQL Injection,Payload 31,Workstations,Financial Records,8451.851521185627,35.700537631309174,2,IDS,Mitigation 5,49.54993552977041,3.6743201148106834,True,234914.22566365913,True,True,True,NIST
fb51239c-08f1-458c-98f2-e27a80289f23,2024-05-05 01:47:54,Finance,Medium,UK,SQL Injection,Internal,None,Phishing Link,Zero-Day,Payload 41,Workstations,Intellectual Property,26211.908381662048,44.88823494227361,8,IDS,Mitigation 13,21.327436382863496,7.737846992905681,True,448155.75173527823,True,True,True,NIST
06336a59-c494-4024-85b9-611179168e92,2024-07-20 12:06:02,Education,Medium,USA,DDoS,External,None,Phishing Link,Brute Force,Payload 14,Cloud Storage,None,30284.74625827361,14.320893657012254,1,Antivirus,Mitigation 6,139.4830812667749,1.3073270527041083,True,151720.02333949885,True,True,True,ISO 27001
142edd14-adfb-4cec-a260-6adc12cb0796,2024-09-08 12:49:26,Education,Medium,Nigeria,SQL Injection,Internal,WannaCry,Network,SQL Injection,Payload 1,Cloud Storage,Financial Records,20239.02757370475,12.214361243648188,4,SIEM,Mitigation 11,151.26786483972842,2.6699358350964992,True,142648.9599121227,True,True,True,ISO 27001
f8df54cf-c9d9-4aec-b1dc-5a0aa7edac86,2024-09-28 04:51:14,Finance,Medium,India,DDoS,External,Emotet,Email,Zero-Day,Payload 11,ERP,Financial Records,16508.840225966054,22.738213314096605,8,Antivirus,Mitigation 6,19.536977339051113,2.6399294368254402,True,135294.8896450274,True,True,True,GDPR
579cb525-6e43-4efb-9062-2f01c818231c,2025-01-29 02:32:00,Finance,Small,Nigeria,Zero-Day Exploit,External,None,Phishing Link,None,Payload 19,Database,None,38010.4182990403,19.646787927441054,12,IDS,Mitigation 14,138.6969731059675,2.6335252058686818,True,12953.60733332343,True,True,True,ISO 27001
5635addd-b34d-489e-b210-db91700cb2d4,2025-04-07 20:35:27,Finance,Medium,USA,Zero-Day Exploit,Internal,WannaCry,USB,Zero-Day,Payload 48,Database,Intellectual Property,50660.95857067471,36.17895414227797,2,Antivirus,Mitigation 1,177.59233754376305,4.398877177595954,True,-3472.0143541709695,True,True,True,NIST
5262e72a-20ea-4688-9503-6baeba09ce0b,2025-05-03 22:10:26,IT,Medium,USA,Zero-Day Exploit,Internal,None,Email,Brute Force,Payload 23,ERP,Intellectual Property,50693.65426049829,31.832184120577814,8,SIEM,Mitigation 8,167.61392692504242,6.866087599566048,True,39545.993689821065,True,True,True,None
da87b8e3-0f01-41d4-a6fb-6eb3ba9323e3,2024-09-23 04:23:16,IT,Medium,USA,Phishing,External,None,Phishing Link,SQL Injection,Payload 29,Database,Customer Data,36355.924320159684,30.784815360926416,9,IDS,Mitigation 13,16.925467182641217,2.273661483399521,True,286155.00422311557,True,True,True,None
22bf10a4-4ba4-4749-97bb-96133a7338c3,2025-04-14 06:29:35,Healthcare,Small,Germany,Phishing,External,None,Phishing Link,SQL Injection,Payload 28,ERP,Intellectual Property,30764.54790823638,25.806910047165463,9,IDS,Mitigation 7,145.5601719844404,1.9331592337692898,True,208784.59484407603,True,True,True,ISO 27001
b610f6ee-d558-44ce-ab53-5537209158cc,2025-01-08 05:37:57,Finance,Medium,USA,SQL Injection,External,None,Network,Zero-Day,Payload 2,Cloud Storage,Intellectual Property,36400.81881099404,29.604720079054577,5,User Report,Mitigation 12,23.359132730923402,2.241393474753578,True,225708.61729458006,True,True,True,GDPR
c319e82c-3056-402a-bba0-b4fe563f3d37,2025-01-08 07:09:04,Education,Medium,Germany,Phishing,External,Ryuk,Phishing Link,Zero-Day,Payload 20,Workstations,None,26716.759685681795,13.091378272967898,1,Antivirus,Mitigation 3,44.78643075982774,6.4918469742047265,True,68067.51357520284,True,True,True,None
5305db2c-f8ed-4e71-bf31-906c77bd0ac3,2025-02-25 10:31:36,IT,Medium,Nigeria,SQL Injection,External,None,Phishing Link,Zero-Day,Payload 14,Workstations,Customer Data,26048.1277416776,7.074103724851433,3,User Report,Mitigation 17,164.4237151568473,2.280076259044805,True,188251.0085606671,True,True,True,GDPR
7f27aab2-c352-4652-865f-5ce50e0c9cab,2024-07-09 07:33:34,Finance,Medium,UK,SQL Injection,External,Ryuk,Network,SQL Injection,Payload 16,Workstations,Financial Records,26818.50490685809,44.85329043351923,1,SIEM,Mitigation 14,67.63736390538911,2.691431047467624,True,113523.50044235238,True,True,True,None
40ba2aed-a6b3-4ada-bd2c-051a003e9268,2024-08-31 09:33:15,IT,Medium,UK,Phishing,Internal,None,Web,Brute Force,Payload 14,Cloud Storage,Intellectual Property,26208.72999186085,8.280652730826583,9,Antivirus,Mitigation 18,72.27273922927364,7.303232452216605,True,110792.35158458812,True,True,True,None
bff981d8-7842-4e0d-8c8a-a4e6cf5fc1d6,2024-08-27 04:23:51,Finance,Small,UK,SQL Injection,Internal,None,USB,SQL Injection,Payload 50,Cloud Storage,Intellectual Property,26395.360488132657,30.008891753825473,10,User Report,Mitigation 15,43.43027955363222,7.275933321240615,True,203154.85523538475,True,True,True,None
d6bcec1d-50b3-4abc-8700-f57f8c66b29d,2024-07-03 21:25:57,Education,Medium,Germany,SQL Injection,External,Ryuk,Phishing Link,Zero-Day,Payload 23,ERP,Financial Records,28800.44776375384,14.526723581156585,8,User Report,Mitigation 1,79.85452962484702,6.274839046149617,True,146226.0413957001,True,True,True,None
55be73d6-26c3-482a-b6f9-326ea1d64cce,2024-08-08 14:20:23,IT,Medium,UK,SQL Injection,Internal,None,USB,SQL Injection,Payload 19,Database,Intellectual Property,44212.839460931704,23.019462071315257,0,Antivirus,Mitigation 19,213.38721219642844,0.9076794371226815,True,557320.5858869473,True,True,True,ISO 27001
8cb01c67-1b8a-4ee8-9baa-afbf037a0cec,2024-11-11 18:05:07,Manufacturing,Medium,UK,Phishing,Internal,WannaCry,Phishing Link,Zero-Day,Payload 4,Workstations,Intellectual Property,17420.63848071552,10.886962374617772,7,IDS,Mitigation 9,67.84196044740875,3.778081333213317,True,66484.11174582363,True,True,True,GDPR
c3a7258c-d3fc-4b1c-a7ae-3f7fcefcbdf8,2024-07-26 11:33:16,Manufacturing,Medium,India,Ransomware,External,WannaCry,Phishing Link,Brute Force,Payload 38,Cloud Storage,None,36888.273094088065,48.37888354224594,4,IDS,Mitigation 15,127.53718575455376,5.340055463634915,True,142796.25855948759,True,True,True,None
86569b8b-75ef-434e-b982-5cd7f5ec8ead,2024-08-14 16:26:44,Retail,Medium,USA,SQL Injection,External,Emotet,Network,Social Engineering,Payload 31,Cloud Storage,Financial Records,28591.640114024198,27.035485938723937,8,User Report,Mitigation 9,109.7756186992612,8.360209319999033,True,28667.224544210723,True,True,True,ISO 27001
bd27c52a-ccc7-4615-8f1e-a085bd9185b2,2024-09-17 13:59:00,Education,Medium,USA,SQL Injection,External,WannaCry,Network,Zero-Day,Payload 6,Workstations,Intellectual Property,46101.01365814444,27.30564793781518,9,IDS,Mitigation 7,66.27656709275578,3.876533794211489,True,30463.607573357964,True,True,True,ISO 27001
63154a50-48be-4f75-93cf-e50d392ec603,2024-11-21 05:43:20,Finance,Medium,UK,SQL Injection,External,None,USB,Brute Force,Payload 2,Database,Financial Records,31149.895259148852,39.40949045991449,8,SIEM,Mitigation 19,181.8062329750041,7.073681423270926,True,199154.40987483892,True,True,True,None
6e5b3d74-dc33-4831-b8cc-63fb888a282a,2024-09-02 20:44:06,Retail,Medium,Germany,SQL Injection,Internal,WannaCry,USB,Zero-Day,Payload 26,Cloud Storage,None,34099.73929824928,19.784351585957655,3,Antivirus,Mitigation 14,201.07936756104124,3.8656273952351508,True,117646.55130464687,True,True,True,None
f6c9f143-3540-4388-aa94-b0710bb41132,2024-09-20 12:08:19,Healthcare,Medium,Nigeria,SQL Injection,External,None,Phishing Link,None,Payload 2,Cloud Storage,Financial Records,5990.920644630503,17.895368635638444,9,User Report,Mitigation 19,39.44109493225173,1.8939661759566202,True,32251.284184797914,True,True,True,ISO 27001
2ec5bd51-3267-4f26-acbd-fe403fd4cc41,2024-07-16 18:58:06,Education,Small,Nigeria,DDoS,Internal,Emotet,USB,None,Payload 12,Workstations,Financial Records,41041.54069864463,21.848621738709284,10,IDS,Mitigation 9,90.37475229754034,3.2716382132251156,True,257098.6766617457,True,True,True,NIST
8589e33f-4a5d-4d1b-9438-2ea0e2a7fca1,2024-07-31 23:55:11,Finance,Small,UK,Phishing,External,WannaCry,USB,Zero-Day,Payload 36,Cloud Storage,Intellectual Property,34468.99390972419,35.26538024053066,1,User Report,Mitigation 9,84.033578209632,2.5547731516070846,True,111765.34661452698,True,True,True,GDPR
416d3ce2-7ff0-4273-bd0b-d83b0ee766a8,2024-09-25 03:03:23,Finance,Medium,UK,Phishing,External,None,Phishing Link,Zero-Day,Payload 12,Database,Intellectual Property,28201.93793019595,56.70429840304097,2,Antivirus,Mitigation 4,176.08959063884546,2.2690420986954205,True,272695.2294235898,True,True,True,None
e0acb0d4-0318-423c-bf4e-a6c9fe6e96a9,2024-07-27 18:45:18,Finance,Medium,USA,Phishing,External,WannaCry,Network,None,Payload 35,Workstations,Intellectual Property,37551.32325146412,41.611218767634966,2,SIEM,Mitigation 5,154.63090447908283,4.779424826619465,True,108057.18523735725,True,True,True,None
c93fac7c-cae0-4856-aa15-955555ca7cee,2024-05-21 18:01:53,Manufacturing,Small,UK,Phishing,External,WannaCry,Web,Zero-Day,Payload 28,ERP,Intellectual Property,18485.596285458327,30.47123056041757,7,IDS,Mitigation 17,124.77961241775267,5.554866254013172,True,-4083.9799662610894,True,True,True,ISO 27001
20b43217-53bf-4a3a-9b8c-3acdd00e5af6,2025-01-05 13:21:59,Manufacturing,Medium,USA,Zero-Day Exploit,Internal,None,Email,None,Payload 11,Database,None,3816.5668656147955,19.495730074736798,9,User Report,Mitigation 13,83.58771551681097,2.8869060819618264,True,25491.964358427504,True,True,True,GDPR
fe81e0d6-e6bd-4934-bf02-28d682b623ed,2024-06-23 16:30:02,Education,Medium,Germany,Phishing,External,Emotet,Web,Social Engineering,Payload 10,Workstations,None,47996.126787078036,18.021543306802453,9,User Report,Mitigation 14,205.36169420476662,5.4155364818726754,True,24630.77085248771,True,True,True,NIST
c16c248f-a1cd-463a-8779-89a71cd88736,2024-09-30 00:38:44,Healthcare,Medium,Nigeria,Phishing,External,None,USB,Brute Force,Payload 37,Database,Intellectual Property,34468.66616654474,50.32087549140972,6,User Report,Mitigation 15,151.70207623785365,2.446661248372262,True,54317.74754649689,True,True,True,NIST
b11a8fcc-f409-44ab-a7fa-9efa301bb122,2024-06-22 10:36:12,Education,Medium,USA,DDoS,External,None,USB,Zero-Day,Payload 14,Cloud Storage,Intellectual Property,15779.93318822274,34.35499915072674,7,IDS,Mitigation 4,27.42004416098232,5.860054311733,True,254552.3009973772,True,True,True,ISO 27001
0065b444-dab7-46f0-ae73-33cb6786393b,2024-06-18 20:40:34,Healthcare,Small,UK,Phishing,External,None,Phishing Link,Zero-Day,Payload 33,Cloud Storage,Customer Data,15666.278262370779,27.850454065122072,7,SIEM,Mitigation 6,88.62504824184848,1.0631497614595111,True,186163.65077808447,True,True,True,NIST
0d675af0-4a53-4f74-a602-019da6a1dd45,2024-08-26 06:55:40,Healthcare,Small,India,Ransomware,External,Emotet,Phishing Link,None,Payload 35,Database,Financial Records,3124.1086046579558,26.986782328255238,6,SIEM,Mitigation 20,126.59929152525936,3.297988554370529,True,130918.82994377785,True,True,True,GDPR
c4f19055-9fd8-4fdf-b7eb-be807dc655e2,2024-12-25 22:31:24,Finance,Medium,Germany,DDoS,Internal,Ryuk,Phishing Link,Social Engineering,Payload 30,Database,Intellectual Property,32174.177749390437,32.77054353354334,5,SIEM,Mitigation 1,150.08389040935214,2.8156135675819343,True,288551.05646272114,True,True,True,ISO 27001
57d3da30-5e4f-41c7-8e1c-01aa85fcf72e,2025-05-22 03:19:57,Finance,Medium,UK,SQL Injection,Internal,WannaCry,Phishing Link,Brute Force,Payload 14,ERP,Intellectual Property,39173.59349117844,21.859077668332095,1,User Report,Mitigation 3,50.15641163832956,4.640247238128827,True,384467.42254015093,True,True,True,None
416d3ce2-7ff0-4273-bd0b-d83b0ee766a8,2024-09-17 17:41:48,Manufacturing,Small,Nigeria,Phishing,External,Emotet,Web,Brute Force,Payload 22,Database,None,20456.89122563296,22.6009487619679,2,User Report,Mitigation 14,142.49345203465526,-0.05169468801594723,True,160488.29639756167,True,True,True,None
3d186e83-0610-4b2e-9d22-967288770e11,2024-09-03 16:22:59,Healthcare,Medium,Brazil,DDoS,External,None,Web,Social Engineering,Payload 26,Cloud Storage,None,31449.283172289695,27.916557809347005,6,IDS,Mitigation 14,177.2811565581504,2.843348284930426,True,82770.48345165394,True,True,True,NIST
40ba2aed-a6b3-4ada-bd2c-051a003e9268,2025-03-23 07:04:49,Education,Medium,Brazil,Zero-Day Exploit,External,None,Web,Social Engineering,Payload 44,Cloud Storage,Customer Data,10526.509890820396,18.03924665210542,6,IDS,Mitigation 3,63.77586226401482,2.8926457193976205,True,162250.3654176682,True,True,True,NIST
87a9e748-ddd3-4497-bf31-2d5a8438c28f,2024-06-18 07:41:21,Education,Medium,USA,SQL Injection,External,None,Email,Brute Force,Payload 36,Workstations,Intellectual Property,46061.37865858017,26.114614615746135,4,IDS,Mitigation 15,121.53913719187912,4.674381501257452,True,38468.73432790337,True,True,True,NIST
